,Transaction_ID,Item,Quantity,Price_Per_Unit,Total_Spent,Payment_Method,Location,Transaction_Date,season
0,TXN_1961373,Coffee,2.0,2.0,4.0,Credit Card,Takeaway,2023-09-08,Autumn
1,TXN_4977031,Coffee,4.0,3.0,12.0,Cash,In-store,2023-05-16,Spring
2,TXN_4271903,Cookie,4.0,1.0,4.0,Credit Card,In-store,2023-07-19,Summer
3,TXN_7034554,Salad,2.0,5.0,10.0,Digital Wallet,Takeaway,2023-04-27,Spring
4,TXN_3160411,Coffee,2.0,2.0,4.0,Digital Wallet,In-store,2023-06-11,Summer
5,TXN_2602893,Smoothie,5.0,4.0,20.0,Credit Card,Takeaway,2023-03-31,Spring
6,TXN_4433211,Coffee,3.0,3.0,9.0,Digital Wallet,Takeaway,2023-10-06,Autumn
7,TXN_6699534,Smoothie,4.0,4.0,16.0,Cash,Takeaway,2023-10-28,Autumn
8,TXN_4717867,Coffee,5.0,3.0,15.0,Digital Wallet,Takeaway,2023-07-28,Summer
9,TXN_2064365,Smoothie,5.0,4.0,20.0,Digital Wallet,In-store,2023-12-31,Winter
10,TXN_2548360,Salad,5.0,5.0,25.0,Cash,Takeaway,2023-11-07,Autumn
12,TXN_7619095,Smoothie,2.0,4.0,8.0,Cash,In-store,2023-05-03,Spring
13,TXN_9437049,Cookie,5.0,1.0,5.0,Digital Wallet,Takeaway,2023-06-01,Summer
14,TXN_8915701,Tea,2.0,1.5,3.0,Digital Wallet,In-store,2023-03-21,Spring
15,TXN_2847255,Salad,3.0,5.0,15.0,Credit Card,In-store,2023-11-15,Autumn
16,TXN_3765707,Smoothie,1.0,4.0,4.0,Digital Wallet,Takeaway,2023-06-10,Summer
17,TXN_6769710,Coffee,2.0,3.0,6.0,Cash,In-store,2023-02-24,Winter
18,TXN_8876618,Coffee,5.0,3.0,15.0,Cash,Takeaway,2023-03-25,Spring
19,TXN_3709394,Coffee,4.0,3.0,12.0,Cash,Takeaway,2023-01-15,Winter
20,TXN_3522028,Smoothie,5.0,4.0,20.0,Cash,In-store,2023-04-04,Spring
21,TXN_3567645,Smoothie,4.0,4.0,16.0,Credit Card,Takeaway,2023-03-30,Spring
22,TXN_5132361,Smoothie,3.0,4.0,12.0,Digital Wallet,Takeaway,2023-12-01,Winter
23,TXN_2616390,Smoothie,2.0,4.0,8.0,Digital Wallet,Takeaway,2023-09-18,Autumn
24,TXN_9400181,Smoothie,5.0,4.0,20.0,Cash,In-store,2023-06-03,Summer
25,TXN_7958992,Smoothie,3.0,4.0,12.0,Digital Wallet,Takeaway,2023-12-13,Winter
26,TXN_5183041,Cookie,5.0,1.0,5.0,Credit Card,In-store,2023-04-20,Spring
27,TXN_5695074,Coffee,4.0,3.0,12.0,Credit Card,Takeaway,2023-04-10,Spring
28,TXN_8467949,Smoothie,5.0,4.0,20.0,Credit Card,Takeaway,2023-03-11,Spring
30,TXN_1736287,Coffee,5.0,2.0,10.0,Digital Wallet,Takeaway,2023-06-02,Summer
31,TXN_8927252,Cookie,2.0,1.0,2.0,Credit Card,Takeaway,2023-11-06,Autumn
32,TXN_9677376,Smoothie,4.0,4.0,16.0,Digital Wallet,In-store,2023-08-15,Summer
34,TXN_8853997,Smoothie,2.0,4.0,8.0,Digital Wallet,Takeaway,2023-10-09,Autumn
35,TXN_9130559,Smoothie,1.0,4.0,4.0,Credit Card,Takeaway,2023-05-28,Spring
36,TXN_6855453,Coffee,4.0,3.0,12.0,Digital Wallet,In-store,2023-07-17,Summer
37,TXN_1080432,Salad,2.0,5.0,10.0,Credit Card,In-store,2023-04-29,Spring
38,TXN_2655815,Smoothie,4.0,4.0,16.0,Digital Wallet,Takeaway,2023-06-08,Summer
39,TXN_6688524,Coffee,4.0,2.0,8.0,Digital Wallet,Takeaway,2023-06-29,Summer
40,TXN_2083138,Smoothie,3.0,4.0,12.0,Digital Wallet,In-store,2023-04-17,Spring
41,TXN_2427584,Smoothie,4.0,4.0,16.0,Digital Wallet,Takeaway,2023-12-22,Winter
42,TXN_6650263,Tea,2.0,1.5,3.0,Digital Wallet,Takeaway,2023-01-10,Winter
43,TXN_9620080,Coffee,4.0,3.0,12.0,Digital Wallet,Takeaway,2023-10-02,Autumn
44,TXN_1491578,Cookie,2.0,1.0,2.0,Digital Wallet,Takeaway,2023-02-23,Winter
45,TXN_5455792,Salad,3.0,5.0,15.0,Cash,Takeaway,2023-03-22,Spring
46,TXN_8078640,Coffee,4.0,3.0,12.0,Digital Wallet,In-store,2023-11-03,Autumn
47,TXN_9499313,Coffee,5.0,3.0,15.0,Digital Wallet,Takeaway,2023-03-02,Spring
48,TXN_8201146,Coffee,5.0,3.0,15.0,Cash,Takeaway,2023-06-26,Summer
49,TXN_8230936,Coffee,3.0,3.0,9.0,Digital Wallet,Takeaway,2023-05-02,Spring
50,TXN_7742742,Coffee,5.0,3.0,15.0,Digital Wallet,Takeaway,2023-09-05,Autumn
51,TXN_6342161,Salad,5.0,5.0,25.0,Digital Wallet,Takeaway,2023-01-08,Winter
52,TXN_8914892,Salad,5.0,5.0,25.0,Digital Wallet,Takeaway,2023-03-15,Spring
53,TXN_3363746,Smoothie,3.0,4.0,12.0,Credit Card,Takeaway,2023-11-25,Autumn
54,TXN_8614868,Smoothie,5.0,4.0,20.0,Digital Wallet,Takeaway,2023-12-05,Winter
55,TXN_5522862,Cookie,2.0,1.0,2.0,Credit Card,Takeaway,2023-03-19,Spring
56,TXN_3578141,Coffee,5.0,3.0,15.0,Digital Wallet,Takeaway,2023-06-27,Summer
57,TXN_2080895,Coffee,1.0,3.0,3.0,Digital Wallet,In-store,2023-04-19,Spring
58,TXN_6421134,Smoothie,4.0,4.0,16.0,Cash,Takeaway,2023-11-03,Autumn
59,TXN_8813311,Coffee,5.0,3.0,15.0,Digital Wallet,In-store,2023-10-07,Autumn
60,TXN_9023317,Salad,1.0,5.0,5.0,Digital Wallet,Takeaway,2023-09-30,Autumn
61,TXN_8051289,Coffee,1.0,3.0,3.0,Digital Wallet,In-store,2023-10-09,Autumn
62,TXN_2537617,Smoothie,1.0,4.0,4.0,Cash,Takeaway,2023-05-27,Spring
63,TXN_9099694,Salad,3.0,5.0,15.0,Digital Wallet,Takeaway,2023-11-18,Autumn
64,TXN_9230615,Smoothie,4.0,4.0,16.0,Digital Wallet,Takeaway,2023-06-01,Summer
66,TXN_8501819,Coffee,2.0,3.0,6.0,Cash,Takeaway,2023-03-30,Spring
67,TXN_3068204,Cookie,1.0,1.0,1.0,Credit Card,Takeaway,2023-10-03,Autumn
68,TXN_8427104,Salad,2.0,5.0,10.0,Digital Wallet,In-store,2023-10-27,Autumn
69,TXN_8471743,Coffee,5.0,3.0,15.0,Digital Wallet,In-store,2023-04-06,Spring
70,TXN_2621580,Tea,2.0,1.5,3.0,Cash,In-store,2023-03-22,Spring
71,TXN_4726376,Coffee,2.0,3.0,6.0,Credit Card,In-store,2023-01-31,Winter
72,TXN_6044979,Cookie,1.0,1.0,1.0,Cash,In-store,2023-12-08,Winter
73,TXN_4238417,Salad,2.0,5.0,10.0,Digital Wallet,Takeaway,2023-06-19,Summer
74,TXN_1900620,Smoothie,2.0,4.0,8.0,Credit Card,Takeaway,2023-12-14,Winter
75,TXN_6420335,Coffee,1.0,2.0,2.0,Cash,Takeaway,2023-07-16,Summer
76,TXN_3858209,Smoothie,4.0,4.0,16.0,Cash,Takeaway,2023-02-22,Winter
78,TXN_8735480,Tea,5.0,1.5,7.5,Cash,Takeaway,2023-06-02,Summer
79,TXN_3829165,Coffee,4.0,3.0,12.0,Cash,In-store,2023-06-15,Summer
80,TXN_3748616,Coffee,2.0,2.0,4.0,Credit Card,In-store,2023-12-09,Winter
81,TXN_1993289,Smoothie,2.0,4.0,8.0,Digital Wallet,In-store,2023-04-18,Spring
82,TXN_2123367,Cookie,2.0,1.0,2.0,Digital Wallet,Takeaway,2023-11-07,Autumn
83,TXN_5266394,Coffee,3.0,3.0,9.0,Cash,In-store,2023-10-28,Autumn
84,TXN_5107946,Coffee,4.0,3.0,12.0,Credit Card,Takeaway,2023-12-22,Winter
85,TXN_8035512,Tea,3.0,1.5,4.5,Cash,Takeaway,2023-10-29,Autumn
86,TXN_8718498,Coffee,5.0,3.0,15.0,Credit Card,Takeaway,2023-04-30,Spring
87,TXN_3955361,Cookie,5.0,1.0,5.0,Digital Wallet,Takeaway,2023-04-02,Spring
88,TXN_9487821,Salad,1.0,5.0,5.0,Digital Wallet,Takeaway,2023-05-24,Spring
89,TXN_4132730,Cookie,5.0,1.0,5.0,Digital Wallet,In-store,2023-03-12,Spring
90,TXN_8976658,Tea,2.0,1.5,3.0,Credit Card,In-store,2023-08-16,Summer
91,TXN_5455936,Coffee,5.0,3.0,15.0,Digital Wallet,In-store,2023-10-28,Autumn
92,TXN_2725602,Coffee,5.0,3.0,15.0,Credit Card,Takeaway,2023-09-10,Autumn
93,TXN_3011323,Coffee,3.0,2.0,6.0,Credit Card,Takeaway,2023-03-07,Spring
94,TXN_6289610,Coffee,3.0,3.0,9.0,Cash,Takeaway,2023-08-07,Summer
95,TXN_8268061,Salad,3.0,5.0,15.0,Digital Wallet,Takeaway,2023-08-20,Summer
96,TXN_5220895,Salad,5.0,5.0,25.0,Cash,In-store,2023-06-10,Summer
97,TXN_3085509,Coffee,4.0,2.0,8.0,Digital Wallet,In-store,2023-04-15,Spring
98,TXN_9999113,Coffee,4.0,3.0,12.0,Cash,Takeaway,2023-05-27,Spring
99,TXN_8779771,Coffee,4.0,2.0,8.0,Cash,In-store,2023-07-25,Summer
100,TXN_9517146,Salad,5.0,5.0,25.0,Cash,Takeaway,2023-10-30,Autumn
101,TXN_1621920,Salad,3.0,5.0,15.0,Digital Wallet,Takeaway,2023-10-28,Autumn
102,TXN_3808639,Coffee,2.0,3.0,6.0,Digital Wallet,Takeaway,2023-12-15,Winter
105,TXN_6955416,Salad,4.0,5.0,20.0,Digital Wallet,In-store,2023-02-25,Winter
106,TXN_3775339,Cookie,3.0,1.0,3.0,Credit Card,Takeaway,2023-04-03,Spring
107,TXN_9547091,Cookie,3.0,1.0,3.0,Credit Card,Takeaway,2023-10-08,Autumn
108,TXN_4358673,Cookie,5.0,1.0,5.0,Digital Wallet,Takeaway,2023-12-28,Winter
109,TXN_4174591,Tea,4.0,1.5,6.0,Digital Wallet,Takeaway,2023-08-30,Summer
110,TXN_3398520,Smoothie,1.0,4.0,4.0,Digital Wallet,In-store,2023-02-03,Winter
111,TXN_6171384,Smoothie,2.0,4.0,8.0,Credit Card,Takeaway,2023-09-12,Autumn
112,TXN_2530938,Smoothie,5.0,4.0,20.0,Digital Wallet,Takeaway,2023-04-27,Spring
113,TXN_3314971,Coffee,3.0,3.0,9.0,Digital Wallet,Takeaway,2023-05-04,Spring
114,TXN_3092382,Coffee,5.0,2.0,10.0,Digital Wallet,Takeaway,2023-02-21,Winter
116,TXN_1535311,Coffee,3.0,3.0,9.0,Cash,Takeaway,2023-03-16,Spring
117,TXN_2148617,Coffee,3.0,3.0,9.0,Digital Wallet,Takeaway,2023-01-10,Winter
118,TXN_4633784,Coffee,5.0,3.0,15.0,Digital Wallet,In-store,2023-02-06,Winter
119,TXN_4368416,Salad,2.0,5.0,10.0,Credit Card,Takeaway,2023-02-24,Winter
120,TXN_9790731,Coffee,2.0,3.0,6.0,Digital Wallet,Takeaway,2023-06-02,Summer
121,TXN_9339456,Coffee,3.0,2.0,6.0,Digital Wallet,Takeaway,2023-03-29,Spring
122,TXN_5179020,Coffee,2.0,3.0,6.0,Digital Wallet,Takeaway,2023-06-18,Summer
123,TXN_6258471,Coffee,5.0,2.0,10.0,Digital Wallet,In-store,2023-09-23,Autumn
124,TXN_7945375,Coffee,3.0,3.0,9.0,Digital Wallet,Takeaway,2023-01-14,Winter
125,TXN_4685453,Tea,4.0,1.5,6.0,Cash,In-store,2023-09-14,Autumn
126,TXN_9646452,Coffee,5.0,3.0,15.0,Credit Card,Takeaway,2023-09-16,Autumn
127,TXN_9096052,Smoothie,4.0,4.0,16.0,Credit Card,Takeaway,2023-12-28,Winter
128,TXN_5916991,Coffee,2.0,3.0,6.0,Digital Wallet,Takeaway,2023-02-06,Winter
129,TXN_3407169,Smoothie,2.0,4.0,8.0,Cash,In-store,2023-03-11,Spring
130,TXN_2277042,Tea,1.0,1.5,1.5,Cash,Takeaway,2023-04-08,Spring
131,TXN_9273729,Tea,1.0,1.5,1.5,Digital Wallet,Takeaway,2023-12-19,Winter
132,TXN_2181545,Coffee,4.0,3.0,12.0,Credit Card,Takeaway,2023-07-14,Summer
133,TXN_1150033,Coffee,5.0,3.0,15.0,Cash,In-store,2023-04-18,Spring
134,TXN_1443912,Coffee,2.0,3.0,6.0,Digital Wallet,Takeaway,2023-06-08,Summer
135,TXN_8700451,Tea,5.0,1.5,7.5,Credit Card,Takeaway,2023-12-12,Winter
136,TXN_6380550,Coffee,5.0,2.0,10.0,Cash,In-store,2023-01-05,Winter
137,TXN_4885518,Salad,3.0,5.0,15.0,Credit Card,In-store,2023-06-10,Summer
138,TXN_3972167,Smoothie,5.0,4.0,20.0,Digital Wallet,In-store,2023-01-23,Winter
139,TXN_4878378,Tea,1.0,1.5,1.5,Credit Card,Takeaway,2023-02-20,Winter
140,TXN_2484241,Coffee,3.0,3.0,9.0,Digital Wallet,Takeaway,2023-07-19,Summer
141,TXN_2368126,Coffee,5.0,3.0,15.0,Digital Wallet,In-store,2023-12-06,Winter
143,TXN_8495063,Coffee,1.0,3.0,3.0,Cash,Takeaway,2023-05-31,Spring
144,TXN_4811133,Salad,2.0,5.0,10.0,Cash,Takeaway,2023-08-11,Summer
145,TXN_8729570,Tea,5.0,1.5,7.5,Digital Wallet,In-store,2023-09-03,Autumn
146,TXN_7623634,Coffee,2.0,3.0,6.0,Credit Card,In-store,2023-07-11,Summer
147,TXN_9336980,Salad,4.0,5.0,20.0,Cash,In-store,2023-06-06,Summer
148,TXN_3424331,Coffee,4.0,3.0,12.0,Digital Wallet,Takeaway,2023-01-18,Winter
149,TXN_5072031,Coffee,2.0,3.0,6.0,Cash,Takeaway,2023-03-23,Spring
150,TXN_8687151,Salad,5.0,5.0,25.0,Cash,Takeaway,2023-06-10,Summer
151,TXN_4031509,Smoothie,4.0,4.0,16.0,Credit Card,Takeaway,2023-01-04,Winter
152,TXN_5265095,Coffee,1.0,2.0,2.0,Digital Wallet,Takeaway,2023-06-23,Summer
153,TXN_6541415,Coffee,4.0,3.0,12.0,Cash,In-store,2023-11-25,Autumn
154,TXN_4108138,Coffee,5.0,2.0,10.0,Cash,Takeaway,2023-08-03,Summer
155,TXN_1909796,Smoothie,2.0,4.0,8.0,Digital Wallet,Takeaway,2023-07-12,Summer
156,TXN_1928241,Coffee,3.0,2.0,6.0,Cash,In-store,2023-04-30,Spring
157,TXN_4283157,Salad,5.0,5.0,25.0,Digital Wallet,In-store,2023-11-25,Autumn
158,TXN_8013032,Coffee,2.0,2.0,4.0,Credit Card,Takeaway,2023-03-07,Spring
159,TXN_8301424,Coffee,2.0,3.0,6.0,Digital Wallet,Takeaway,2023-06-27,Summer
161,TXN_7965998,Coffee,1.0,3.0,3.0,Credit Card,In-store,2023-11-02,Autumn
162,TXN_9238666,Cookie,1.0,1.0,1.0,Digital Wallet,Takeaway,2023-07-31,Summer
163,TXN_1631695,Tea,2.0,1.5,3.0,Digital Wallet,In-store,2023-09-19,Autumn
164,TXN_1435086,Coffee,5.0,3.0,15.0,Digital Wallet,Takeaway,2023-02-09,Winter
165,TXN_3226832,Smoothie,5.0,4.0,20.0,Cash,Takeaway,2023-09-04,Autumn
166,TXN_1648671,Smoothie,3.0,4.0,12.0,Cash,Takeaway,2023-05-21,Spring
167,TXN_4062737,Coffee,3.0,3.0,9.0,Cash,In-store,2023-07-02,Summer
168,TXN_3494565,Smoothie,2.0,4.0,8.0,Digital Wallet,Takeaway,2023-07-10,Summer
169,TXN_9249507,Cookie,4.0,1.0,4.0,Credit Card,In-store,2023-11-21,Autumn
170,TXN_4689500,Smoothie,4.0,4.0,16.0,Digital Wallet,Takeaway,2023-12-02,Winter
171,TXN_8989148,Tea,2.0,1.5,3.0,Digital Wallet,Takeaway,2023-11-25,Autumn
172,TXN_8316826,Coffee,3.0,2.0,6.0,Digital Wallet,In-store,2023-04-17,Spring
173,TXN_9836934,Cookie,3.0,1.0,3.0,Digital Wallet,In-store,2023-03-13,Spring
174,TXN_8005489,Coffee,3.0,3.0,9.0,Digital Wallet,In-store,2023-08-12,Summer
176,TXN_3925836,Cookie,3.0,1.0,3.0,Digital Wallet,In-store,2023-02-16,Winter
177,TXN_1896955,Salad,5.0,5.0,25.0,Digital Wallet,In-store,2023-09-23,Autumn
178,TXN_5075974,Smoothie,4.0,4.0,16.0,Digital Wallet,Takeaway,2023-04-11,Spring
179,TXN_3978874,Smoothie,5.0,4.0,20.0,Credit Card,In-store,2023-03-13,Spring
180,TXN_8955912,Smoothie,1.0,4.0,4.0,Digital Wallet,Takeaway,2023-11-07,Autumn
181,TXN_1136554,Smoothie,3.0,4.0,12.0,Digital Wallet,Takeaway,2023-03-26,Spring
182,TXN_8007337,Coffee,2.0,3.0,6.0,Digital Wallet,Takeaway,2023-11-01,Autumn
183,TXN_8129834,Salad,1.0,5.0,5.0,Cash,Takeaway,2023-07-22,Summer
184,TXN_3831848,Smoothie,1.0,4.0,4.0,Digital Wallet,Takeaway,2023-11-03,Autumn
185,TXN_5365809,Coffee,3.0,3.0,9.0,Cash,In-store,2023-09-14,Autumn
186,TXN_8166407,Smoothie,2.0,4.0,8.0,Digital Wallet,Takeaway,2023-07-26,Summer
187,TXN_6629480,Smoothie,5.0,4.0,20.0,Credit Card,In-store,2023-02-28,Winter
188,TXN_3833797,Coffee,4.0,2.0,8.0,Digital Wallet,In-store,2023-01-27,Winter
189,TXN_2643815,Cookie,3.0,1.0,3.0,Digital Wallet,Takeaway,2023-12-06,Winter
190,TXN_2996519,Coffee,5.0,3.0,15.0,Cash,Takeaway,2023-01-19,Winter
191,TXN_8810894,Smoothie,1.0,4.0,4.0,Digital Wallet,Takeaway,2023-02-20,Winter
192,TXN_7412722,Coffee,4.0,3.0,12.0,Cash,In-store,2023-04-07,Spring
193,TXN_3937509,Smoothie,2.0,4.0,8.0,Digital Wallet,In-store,2023-03-20,Spring
194,TXN_6000201,Cookie,3.0,1.0,3.0,Cash,Takeaway,2023-02-16,Winter
195,TXN_1714274,Cookie,4.0,1.0,4.0,Digital Wallet,In-store,2023-12-27,Winter
196,TXN_3800182,Tea,2.0,1.5,3.0,Cash,In-store,2023-10-26,Autumn
197,TXN_5115080,Coffee,5.0,3.0,15.0,Credit Card,Takeaway,2023-02-18,Winter
198,TXN_9788956,Coffee,4.0,3.0,12.0,Digital Wallet,Takeaway,2023-04-11,Spring
199,TXN_6311602,Coffee,3.0,3.0,9.0,Credit Card,Takeaway,2023-05-15,Spring
200,TXN_2950680,Coffee,2.0,2.0,4.0,Credit Card,Takeaway,2023-12-10,Winter
201,TXN_6749847,Coffee,2.0,3.0,6.0,Credit Card,Takeaway,2023-08-15,Summer
202,TXN_2143187,Smoothie,1.0,4.0,4.0,Digital Wallet,In-store,2023-04-21,Spring
203,TXN_8964522,Coffee,3.0,3.0,9.0,Credit Card,Takeaway,2023-10-28,Autumn
204,TXN_4088917,Coffee,3.0,2.0,6.0,Cash,Takeaway,2023-02-04,Winter
205,TXN_3779366,Cookie,1.0,1.0,1.0,Digital Wallet,In-store,2023-04-15,Spring
206,TXN_7724048,Smoothie,1.0,4.0,4.0,Digital Wallet,In-store,2023-11-12,Autumn
207,TXN_2698591,Tea,5.0,1.5,7.5,Digital Wallet,Takeaway,2023-08-05,Summer
208,TXN_3171373,Smoothie,3.0,4.0,12.0,Credit Card,In-store,2023-05-10,Spring
210,TXN_6498163,Smoothie,5.0,4.0,20.0,Digital Wallet,In-store,2023-07-15,Summer
211,TXN_6717827,Salad,3.0,5.0,15.0,Digital Wallet,Takeaway,2023-11-15,Autumn
212,TXN_9089898,Salad,3.0,5.0,15.0,Credit Card,Takeaway,2023-01-11,Winter
213,TXN_8587583,Coffee,1.0,3.0,3.0,Digital Wallet,Takeaway,2023-10-01,Autumn
214,TXN_8693704,Salad,5.0,5.0,25.0,Cash,In-store,2023-05-04,Spring
215,TXN_3857960,Salad,4.0,5.0,20.0,Cash,In-store,2023-04-26,Spring
216,TXN_3499124,Smoothie,4.0,4.0,16.0,Credit Card,Takeaway,2023-08-25,Summer
217,TXN_9250710,Salad,1.0,5.0,5.0,Cash,In-store,2023-05-28,Spring
218,TXN_7058377,Coffee,1.0,3.0,3.0,Digital Wallet,Takeaway,2023-04-30,Spring
219,TXN_6766492,Salad,1.0,5.0,5.0,Digital Wallet,Takeaway,2023-01-14,Winter
220,TXN_9879996,Coffee,4.0,2.0,8.0,Digital Wallet,In-store,2023-03-01,Spring
221,TXN_4291940,Coffee,3.0,3.0,9.0,Credit Card,In-store,2023-11-13,Autumn
222,TXN_7433461,Cookie,2.0,1.0,2.0,Digital Wallet,Takeaway,2023-07-09,Summer
223,TXN_4068262,Salad,2.0,5.0,10.0,Credit Card,Takeaway,2023-05-13,Spring
225,TXN_5047447,Salad,1.0,5.0,5.0,Digital Wallet,Takeaway,2023-12-27,Winter
226,TXN_6623508,Cookie,5.0,1.0,5.0,Digital Wallet,Takeaway,2023-05-18,Spring
227,TXN_2651216,Smoothie,3.0,4.0,12.0,Digital Wallet,Takeaway,2023-04-04,Spring
228,TXN_9350833,Coffee,1.0,3.0,3.0,Cash,Takeaway,2023-01-17,Winter
229,TXN_8377564,Coffee,5.0,3.0,15.0,Digital Wallet,In-store,2023-07-14,Summer
230,TXN_7031118,Salad,1.0,5.0,5.0,Credit Card,Takeaway,2023-03-29,Spring
231,TXN_2230167,Coffee,4.0,3.0,12.0,Digital Wallet,Takeaway,2023-09-22,Autumn
232,TXN_6446616,Tea,3.0,1.5,4.5,Digital Wallet,Takeaway,2023-09-30,Autumn
233,TXN_1721827,Coffee,4.0,3.0,12.0,Digital Wallet,Takeaway,2023-08-22,Summer
234,TXN_6334895,Smoothie,1.0,4.0,4.0,Credit Card,Takeaway,2023-07-27,Summer
235,TXN_7077119,Smoothie,1.0,4.0,4.0,Digital Wallet,In-store,2023-12-30,Winter
237,TXN_4700144,Coffee,4.0,2.0,8.0,Digital Wallet,In-store,2023-12-21,Winter
238,TXN_5526852,Smoothie,5.0,4.0,20.0,Digital Wallet,In-store,2023-09-28,Autumn
239,TXN_6846228,Salad,3.0,5.0,15.0,Digital Wallet,In-store,2023-11-16,Autumn
240,TXN_8570890,Coffee,4.0,3.0,12.0,Digital Wallet,Takeaway,2023-04-14,Spring
241,TXN_3205009,Tea,2.0,1.5,3.0,Cash,In-store,2023-01-03,Winter
242,TXN_3786188,Tea,3.0,1.5,4.5,Credit Card,In-store,2023-10-20,Autumn
243,TXN_4530804,Coffee,4.0,2.0,8.0,Digital Wallet,Takeaway,2023-01-12,Winter
244,TXN_9642066,Smoothie,3.0,4.0,12.0,Credit Card,In-store,2023-08-31,Summer
245,TXN_7328294,Coffee,2.0,3.0,6.0,Cash,Takeaway,2023-07-07,Summer
247,TXN_9238066,Tea,5.0,1.5,7.5,Digital Wallet,In-store,2023-09-15,Autumn
248,TXN_5415901,Coffee,2.0,3.0,6.0,Digital Wallet,Takeaway,2023-10-21,Autumn
249,TXN_6714420,Coffee,2.0,3.0,6.0,Credit Card,Takeaway,2023-03-30,Spring
250,TXN_6616971,Coffee,2.0,3.0,6.0,Digital Wallet,Takeaway,2023-09-02,Autumn
251,TXN_7803615,Salad,3.0,5.0,15.0,Cash,In-store,2023-12-13,Winter
253,TXN_3544789,Tea,4.0,1.5,6.0,Digital Wallet,In-store,2023-07-14,Summer
254,TXN_1583597,Salad,1.0,5.0,5.0,Cash,In-store,2023-05-10,Spring
255,TXN_8472308,Cookie,2.0,1.0,2.0,Digital Wallet,Takeaway,2023-08-19,Summer
256,TXN_1967565,Smoothie,5.0,4.0,20.0,Credit Card,Takeaway,2023-03-31,Spring
257,TXN_2029497,Smoothie,2.0,4.0,8.0,Cash,Takeaway,2023-01-06,Winter
258,TXN_8929774,Coffee,3.0,3.0,9.0,Cash,Takeaway,2023-10-02,Autumn
260,TXN_7852990,Smoothie,5.0,4.0,20.0,Digital Wallet,Takeaway,2023-07-10,Summer
261,TXN_2534066,Salad,2.0,5.0,10.0,Cash,Takeaway,2023-10-13,Autumn
262,TXN_2059647,Tea,1.0,1.5,1.5,Digital Wallet,In-store,2023-05-29,Spring
263,TXN_2485183,Smoothie,5.0,4.0,20.0,Cash,In-store,2023-07-07,Summer
264,TXN_7374846,Smoothie,1.0,4.0,4.0,Credit Card,Takeaway,2023-05-29,Spring
265,TXN_9401522,Smoothie,4.0,4.0,16.0,Digital Wallet,In-store,2023-11-16,Autumn
266,TXN_8250651,Smoothie,4.0,4.0,16.0,Digital Wallet,In-store,2023-03-13,Spring
267,TXN_7191245,Coffee,4.0,3.0,12.0,Digital Wallet,Takeaway,2023-05-22,Spring
268,TXN_8982764,Coffee,5.0,3.0,15.0,Digital Wallet,Takeaway,2023-11-23,Autumn
269,TXN_8669422,Coffee,4.0,3.0,12.0,Cash,Takeaway,2023-10-15,Autumn
270,TXN_1153869,Smoothie,5.0,4.0,20.0,Credit Card,Takeaway,2023-11-03,Autumn
271,TXN_5043774,Smoothie,3.0,4.0,12.0,Cash,Takeaway,2023-06-08,Summer
272,TXN_1746320,Salad,1.0,5.0,5.0,Cash,Takeaway,2023-11-14,Autumn
273,TXN_1077129,Cookie,1.0,1.0,1.0,Digital Wallet,In-store,2023-09-12,Autumn
274,TXN_4865338,Smoothie,4.0,4.0,16.0,Digital Wallet,In-store,2023-11-26,Autumn
275,TXN_5616583,Smoothie,1.0,4.0,4.0,Digital Wallet,Takeaway,2023-10-13,Autumn
276,TXN_2078474,Cookie,2.0,1.0,2.0,Digital Wallet,Takeaway,2023-11-03,Autumn
277,TXN_2130245,Smoothie,5.0,4.0,20.0,Credit Card,Takeaway,2023-11-13,Autumn
279,TXN_9076216,Coffee,1.0,3.0,3.0,Cash,Takeaway,2023-12-17,Winter
280,TXN_6371987,Tea,5.0,1.5,7.5,Digital Wallet,Takeaway,2023-03-13,Spring
281,TXN_9913877,Coffee,2.0,2.0,4.0,Credit Card,Takeaway,2023-05-09,Spring
282,TXN_2084377,Smoothie,1.0,4.0,4.0,Credit Card,Takeaway,2023-10-22,Autumn
283,TXN_1842675,Cookie,4.0,1.0,4.0,Credit Card,Takeaway,2023-06-23,Summer
284,TXN_8605813,Cookie,1.0,1.0,1.0,Digital Wallet,Takeaway,2023-06-30,Summer
285,TXN_9755352,Smoothie,5.0,4.0,20.0,Digital Wallet,In-store,2023-05-13,Spring
287,TXN_2305908,Coffee,4.0,2.0,8.0,Cash,Takeaway,2023-04-25,Spring
288,TXN_6953697,Smoothie,3.0,4.0,12.0,Digital Wallet,Takeaway,2023-05-27,Spring
289,TXN_3495950,Tea,4.0,1.5,6.0,Credit Card,In-store,2023-02-19,Winter
290,TXN_7557340,Tea,5.0,1.5,7.5,Credit Card,In-store,2023-12-11,Winter
291,TXN_1157817,Smoothie,1.0,4.0,4.0,Digital Wallet,In-store,2023-04-25,Spring
292,TXN_2020318,Tea,3.0,1.5,4.5,Digital Wallet,In-store,2023-10-12,Autumn
293,TXN_8692094,Coffee,5.0,2.0,10.0,Digital Wallet,Takeaway,2023-08-30,Summer
294,TXN_5307411,Coffee,3.0,3.0,9.0,Digital Wallet,Takeaway,2023-10-21,Autumn
295,TXN_9703120,Coffee,3.0,2.0,6.0,Credit Card,Takeaway,2023-11-02,Autumn
296,TXN_1289133,Coffee,1.0,3.0,3.0,Cash,Takeaway,2023-09-19,Autumn
297,TXN_2031459,Coffee,3.0,3.0,9.0,Cash,Takeaway,2023-07-04,Summer
298,TXN_1333682,Smoothie,1.0,4.0,4.0,Digital Wallet,Takeaway,2023-01-28,Winter
299,TXN_2256622,Cookie,2.0,1.0,2.0,Cash,In-store,2023-10-04,Autumn
301,TXN_4912930,Smoothie,3.0,4.0,12.0,Credit Card,In-store,2023-02-26,Winter
302,TXN_4942692,Coffee,2.0,2.0,4.0,Digital Wallet,Takeaway,2023-01-15,Winter
303,TXN_3723007,Tea,3.0,1.5,4.5,Digital Wallet,In-store,2023-05-18,Spring
304,TXN_7922392,Smoothie,3.0,4.0,12.0,Digital Wallet,Takeaway,2023-05-03,Spring
305,TXN_7498727,Salad,3.0,5.0,15.0,Cash,Takeaway,2023-11-06,Autumn
306,TXN_1222338,Cookie,1.0,1.0,1.0,Digital Wallet,In-store,2023-10-11,Autumn
307,TXN_6878866,Smoothie,3.0,4.0,12.0,Credit Card,Takeaway,2023-02-25,Winter
309,TXN_9223242,Smoothie,2.0,4.0,8.0,Digital Wallet,Takeaway,2023-09-10,Autumn
310,TXN_6244211,Smoothie,2.0,4.0,8.0,Digital Wallet,Takeaway,2023-08-11,Summer
311,TXN_5446858,Cookie,1.0,1.0,1.0,Cash,In-store,2023-11-07,Autumn
312,TXN_4612864,Tea,3.0,1.5,4.5,Digital Wallet,Takeaway,2023-02-14,Winter
313,TXN_5411381,Cookie,1.0,1.0,1.0,Digital Wallet,Takeaway,2023-04-28,Spring
314,TXN_3047598,Cookie,1.0,1.0,1.0,Digital Wallet,Takeaway,2023-09-06,Autumn
315,TXN_5754317,Coffee,2.0,2.0,4.0,Credit Card,Takeaway,2023-01-10,Winter
316,TXN_7496926,Smoothie,3.0,4.0,12.0,Digital Wallet,In-store,2023-04-23,Spring
318,TXN_7559388,Salad,4.0,5.0,20.0,Digital Wallet,Takeaway,2023-02-26,Winter
319,TXN_8540499,Cookie,3.0,1.0,3.0,Cash,In-store,2023-01-22,Winter
320,TXN_4225756,Cookie,3.0,1.0,3.0,Digital Wallet,In-store,2023-03-10,Spring
321,TXN_6795640,Cookie,4.0,1.0,4.0,Digital Wallet,Takeaway,2023-01-28,Winter
322,TXN_6702428,Coffee,5.0,2.0,10.0,Cash,Takeaway,2023-08-11,Summer
323,TXN_8955259,Smoothie,2.0,4.0,8.0,Credit Card,Takeaway,2023-11-18,Autumn
324,TXN_4639319,Coffee,5.0,2.0,10.0,Cash,Takeaway,2023-01-09,Winter
325,TXN_5997803,Coffee,5.0,2.0,10.0,Digital Wallet,In-store,2023-12-03,Winter
326,TXN_1340956,Coffee,4.0,2.0,8.0,Digital Wallet,Takeaway,2023-10-26,Autumn
327,TXN_1259671,Smoothie,3.0,4.0,12.0,Digital Wallet,In-store,2023-10-08,Autumn
328,TXN_8319993,Coffee,1.0,3.0,3.0,Digital Wallet,Takeaway,2023-08-06,Summer
330,TXN_5523450,Salad,5.0,5.0,25.0,Credit Card,Takeaway,2023-07-02,Summer
331,TXN_7838964,Smoothie,3.0,4.0,12.0,Credit Card,In-store,2023-06-15,Summer
332,TXN_2773987,Smoothie,5.0,4.0,20.0,Digital Wallet,Takeaway,2023-01-11,Winter
333,TXN_1158829,Tea,1.0,1.5,1.5,Credit Card,Takeaway,2023-10-02,Autumn
334,TXN_2523298,Tea,4.0,1.5,6.0,Digital Wallet,In-store,2023-03-25,Spring
335,TXN_8685737,Smoothie,2.0,4.0,8.0,Digital Wallet,In-store,2023-11-02,Autumn
336,TXN_5634135,Cookie,2.0,1.0,2.0,Digital Wallet,Takeaway,2023-01-27,Winter
337,TXN_1524626,Smoothie,2.0,4.0,8.0,Digital Wallet,Takeaway,2023-12-29,Winter
338,TXN_7275407,Smoothie,2.0,4.0,8.0,Digital Wallet,In-store,2023-10-20,Autumn
339,TXN_2889622,Coffee,4.0,3.0,12.0,Credit Card,Takeaway,2023-11-01,Autumn
340,TXN_6849113,Cookie,1.0,1.0,1.0,Credit Card,Takeaway,2023-07-14,Summer
341,TXN_2265316,Cookie,3.0,1.0,3.0,Credit Card,In-store,2023-12-29,Winter
342,TXN_9472241,Salad,3.0,5.0,15.0,Cash,Takeaway,2023-06-30,Summer
343,TXN_7345414,Salad,1.0,5.0,5.0,Digital Wallet,Takeaway,2023-02-15,Winter
344,TXN_4473352,Coffee,1.0,3.0,3.0,Digital Wallet,In-store,2023-11-16,Autumn
345,TXN_2814363,Tea,2.0,1.5,3.0,Digital Wallet,Takeaway,2023-07-02,Summer
346,TXN_1846004,Coffee,3.0,3.0,9.0,Cash,In-store,2023-05-21,Spring
347,TXN_7140471,Coffee,1.0,3.0,3.0,Credit Card,Takeaway,2023-05-25,Spring
348,TXN_3119542,Smoothie,1.0,4.0,4.0,Credit Card,Takeaway,2023-10-31,Autumn
349,TXN_7773968,Smoothie,5.0,4.0,20.0,Digital Wallet,Takeaway,2023-02-24,Winter
350,TXN_9081088,Tea,2.0,1.5,3.0,Cash,Takeaway,2023-02-27,Winter
351,TXN_8559167,Smoothie,5.0,4.0,20.0,Digital Wallet,Takeaway,2023-12-09,Winter
352,TXN_1130191,Smoothie,2.0,4.0,8.0,Cash,In-store,2023-04-06,Spring
353,TXN_5215451,Smoothie,5.0,4.0,20.0,Digital Wallet,Takeaway,2023-11-02,Autumn
354,TXN_1040764,Coffee,3.0,2.0,6.0,Cash,Takeaway,2023-07-27,Summer
355,TXN_5457133,Coffee,5.0,3.0,15.0,Digital Wallet,In-store,2023-03-03,Spring
356,TXN_8365478,Smoothie,3.0,4.0,12.0,Cash,Takeaway,2023-02-06,Winter
357,TXN_2100697,Coffee,3.0,2.0,6.0,Digital Wallet,Takeaway,2023-09-19,Autumn
358,TXN_7676968,Smoothie,4.0,4.0,16.0,Digital Wallet,In-store,2023-02-21,Winter
359,TXN_5726998,Coffee,3.0,3.0,9.0,Credit Card,Takeaway,2023-08-12,Summer
360,TXN_4134594,Smoothie,3.0,4.0,12.0,Digital Wallet,In-store,2023-09-27,Autumn
361,TXN_5079340,Cookie,4.0,1.0,4.0,Cash,In-store,2023-08-18,Summer
362,TXN_8276635,Smoothie,4.0,4.0,16.0,Digital Wallet,Takeaway,2023-12-16,Winter
363,TXN_1380601,Tea,4.0,1.5,6.0,Digital Wallet,In-store,2023-03-11,Spring
364,TXN_3959152,Coffee,1.0,3.0,3.0,Digital Wallet,In-store,2023-05-21,Spring
365,TXN_7776739,Tea,2.0,1.5,3.0,Digital Wallet,Takeaway,2023-02-23,Winter
366,TXN_7569615,Coffee,2.0,3.0,6.0,Cash,Takeaway,2023-06-07,Summer
367,TXN_8703771,Coffee,5.0,3.0,15.0,Digital Wallet,In-store,2023-05-12,Spring
368,TXN_2052395,Smoothie,3.0,4.0,12.0,Credit Card,In-store,2023-07-06,Summer
369,TXN_9421441,Smoothie,2.0,4.0,8.0,Cash,Takeaway,2023-06-20,Summer
370,TXN_9065402,Salad,1.0,5.0,5.0,Cash,Takeaway,2023-12-22,Winter
371,TXN_3638955,Cookie,2.0,1.0,2.0,Cash,Takeaway,2023-09-02,Autumn
372,TXN_2635532,Smoothie,4.0,4.0,16.0,Cash,Takeaway,2023-01-14,Winter
373,TXN_8256593,Salad,2.0,5.0,10.0,Digital Wallet,Takeaway,2023-08-09,Summer
374,TXN_9271457,Coffee,3.0,3.0,9.0,Digital Wallet,In-store,2023-02-27,Winter
375,TXN_5392603,Coffee,1.0,2.0,2.0,Cash,In-store,2023-05-14,Spring
376,TXN_6319728,Coffee,2.0,2.0,4.0,Credit Card,In-store,2023-07-18,Summer
377,TXN_9263299,Cookie,2.0,1.0,2.0,Credit Card,Takeaway,2023-10-08,Autumn
378,TXN_2301505,Coffee,5.0,3.0,15.0,Digital Wallet,Takeaway,2023-03-21,Spring
379,TXN_5895177,Coffee,5.0,3.0,15.0,Digital Wallet,Takeaway,2023-08-16,Summer
381,TXN_8147357,Tea,5.0,1.5,7.5,Digital Wallet,Takeaway,2023-04-20,Spring
382,TXN_1436343,Cookie,1.0,1.0,1.0,Credit Card,In-store,2023-11-26,Autumn
383,TXN_2214698,Salad,4.0,5.0,20.0,Credit Card,Takeaway,2023-10-10,Autumn
384,TXN_7480234,Salad,1.0,5.0,5.0,Cash,Takeaway,2023-05-10,Spring
385,TXN_3283097,Coffee,5.0,2.0,10.0,Cash,Takeaway,2023-02-28,Winter
386,TXN_2633602,Coffee,2.0,3.0,6.0,Digital Wallet,In-store,2023-02-02,Winter
387,TXN_3093219,Coffee,5.0,3.0,15.0,Cash,Takeaway,2023-01-28,Winter
388,TXN_3515730,Cookie,1.0,1.0,1.0,Credit Card,Takeaway,2023-08-14,Summer
390,TXN_4010658,Tea,5.0,1.5,7.5,Digital Wallet,Takeaway,2023-09-26,Autumn
391,TXN_1454467,Coffee,3.0,3.0,9.0,Cash,In-store,2023-03-15,Spring
392,TXN_2598728,Coffee,2.0,3.0,6.0,Credit Card,Takeaway,2023-01-13,Winter
393,TXN_3390285,Tea,2.0,1.5,3.0,Digital Wallet,Takeaway,2023-02-06,Winter
394,TXN_8224079,Cookie,5.0,1.0,5.0,Cash,In-store,2023-10-16,Autumn
395,TXN_1916339,Coffee,1.0,3.0,3.0,Cash,In-store,2023-07-15,Summer
396,TXN_8611035,Smoothie,5.0,4.0,20.0,Digital Wallet,In-store,2023-05-28,Spring
397,TXN_3595735,Tea,4.0,1.5,6.0,Digital Wallet,Takeaway,2023-03-26,Spring
398,TXN_4884822,Cookie,1.0,1.0,1.0,Credit Card,Takeaway,2023-04-23,Spring
399,TXN_3668051,Coffee,1.0,3.0,3.0,Digital Wallet,Takeaway,2023-11-17,Autumn
400,TXN_6169633,Salad,4.0,5.0,20.0,Credit Card,Takeaway,2023-12-20,Winter
401,TXN_3884811,Coffee,4.0,2.0,8.0,Credit Card,Takeaway,2023-06-10,Summer
402,TXN_7050740,Coffee,1.0,3.0,3.0,Cash,Takeaway,2023-07-12,Summer
403,TXN_1234097,Cookie,4.0,1.0,4.0,Cash,Takeaway,2023-12-04,Winter
404,TXN_4518102,Tea,5.0,1.5,7.5,Credit Card,In-store,2023-02-08,Winter
405,TXN_5939055,Coffee,3.0,2.0,6.0,Digital Wallet,Takeaway,2023-10-21,Autumn
406,TXN_7809183,Cookie,4.0,1.0,4.0,Digital Wallet,Takeaway,2023-09-08,Autumn
407,TXN_6071202,Cookie,1.0,1.0,1.0,Cash,In-store,2023-06-07,Summer
408,TXN_8158496,Tea,4.0,1.5,6.0,Cash,Takeaway,2023-06-19,Summer
409,TXN_2726848,Coffee,5.0,3.0,15.0,Credit Card,Takeaway,2023-09-11,Autumn
410,TXN_3666858,Coffee,4.0,3.0,12.0,Credit Card,In-store,2023-12-27,Winter
411,TXN_5499915,Cookie,2.0,1.0,2.0,Digital Wallet,Takeaway,2023-02-01,Winter
412,TXN_4660753,Coffee,1.0,3.0,3.0,Credit Card,Takeaway,2023-10-04,Autumn
413,TXN_8089522,Smoothie,4.0,4.0,16.0,Cash,Takeaway,2023-02-12,Winter
414,TXN_1564754,Salad,3.0,5.0,15.0,Digital Wallet,In-store,2023-03-14,Spring
415,TXN_1824506,Coffee,1.0,3.0,3.0,Cash,In-store,2023-03-02,Spring
417,TXN_3677592,Smoothie,2.0,4.0,8.0,Cash,Takeaway,2023-05-29,Spring
418,TXN_1002457,Cookie,5.0,1.0,5.0,Digital Wallet,Takeaway,2023-09-29,Autumn
419,TXN_8056263,Smoothie,5.0,4.0,20.0,Digital Wallet,In-store,2023-04-20,Spring
420,TXN_4732351,Smoothie,1.0,4.0,4.0,Digital Wallet,In-store,2023-04-22,Spring
421,TXN_8049191,Coffee,3.0,3.0,9.0,Credit Card,Takeaway,2023-07-31,Summer
422,TXN_4980036,Coffee,2.0,3.0,6.0,Cash,Takeaway,2023-01-05,Winter
423,TXN_3022839,Coffee,5.0,2.0,10.0,Digital Wallet,Takeaway,2023-08-25,Summer
424,TXN_7701070,Coffee,5.0,2.0,10.0,Credit Card,Takeaway,2023-07-28,Summer
425,TXN_8048037,Smoothie,2.0,4.0,8.0,Digital Wallet,Takeaway,2023-03-31,Spring
427,TXN_4444463,Coffee,4.0,3.0,12.0,Digital Wallet,Takeaway,2023-05-16,Spring
428,TXN_1887522,Smoothie,4.0,4.0,16.0,Cash,In-store,2023-02-20,Winter
429,TXN_6908953,Tea,1.0,1.5,1.5,Digital Wallet,In-store,2023-12-08,Winter
430,TXN_4759769,Smoothie,1.0,4.0,4.0,Digital Wallet,In-store,2023-08-03,Summer
431,TXN_2254479,Tea,2.0,1.5,3.0,Digital Wallet,Takeaway,2023-08-03,Summer
432,TXN_7555408,Salad,2.0,5.0,10.0,Digital Wallet,In-store,2023-06-06,Summer
433,TXN_6857943,Coffee,5.0,3.0,15.0,Digital Wallet,Takeaway,2023-01-08,Winter
435,TXN_9552845,Smoothie,3.0,4.0,12.0,Cash,Takeaway,2023-02-18,Winter
436,TXN_6769465,Coffee,5.0,3.0,15.0,Digital Wallet,In-store,2023-06-13,Summer
437,TXN_7438831,Coffee,5.0,2.0,10.0,Digital Wallet,Takeaway,2023-12-24,Winter
438,TXN_3871837,Tea,3.0,1.5,4.5,Digital Wallet,Takeaway,2023-12-15,Winter
439,TXN_3656762,Smoothie,2.0,4.0,8.0,Digital Wallet,Takeaway,2023-07-31,Summer
440,TXN_4980282,Coffee,1.0,3.0,3.0,Digital Wallet,In-store,2023-10-22,Autumn
441,TXN_3580786,Tea,1.0,1.5,1.5,Digital Wallet,In-store,2023-03-28,Spring
442,TXN_4355728,Coffee,4.0,3.0,12.0,Credit Card,Takeaway,2023-03-06,Spring
443,TXN_2508476,Smoothie,5.0,4.0,20.0,Cash,Takeaway,2023-04-14,Spring
444,TXN_1325631,Coffee,4.0,3.0,12.0,Credit Card,In-store,2023-02-11,Winter
445,TXN_8209125,Cookie,3.0,1.0,3.0,Credit Card,Takeaway,2023-01-30,Winter
446,TXN_1751164,Salad,2.0,5.0,10.0,Cash,Takeaway,2023-09-11,Autumn
447,TXN_3730415,Coffee,4.0,3.0,12.0,Credit Card,Takeaway,2023-04-09,Spring
448,TXN_4134253,Tea,4.0,1.5,6.0,Cash,In-store,2023-10-07,Autumn
449,TXN_3256497,Coffee,2.0,2.0,4.0,Cash,Takeaway,2023-08-20,Summer
450,TXN_8763180,Smoothie,1.0,4.0,4.0,Digital Wallet,Takeaway,2023-04-16,Spring
451,TXN_3219175,Smoothie,5.0,4.0,20.0,Digital Wallet,Takeaway,2023-02-23,Winter
452,TXN_6234872,Smoothie,1.0,4.0,4.0,Digital Wallet,Takeaway,2023-12-23,Winter
453,TXN_7919440,Tea,4.0,1.5,6.0,Cash,Takeaway,2023-08-19,Summer
454,TXN_7558641,Coffee,1.0,2.0,2.0,Digital Wallet,In-store,2023-12-22,Winter
455,TXN_9940220,Coffee,2.0,3.0,6.0,Digital Wallet,Takeaway,2023-03-05,Spring
457,TXN_2130483,Tea,4.0,1.5,6.0,Cash,Takeaway,2023-11-25,Autumn
458,TXN_1972584,Smoothie,5.0,4.0,20.0,Digital Wallet,Takeaway,2023-07-10,Summer
459,TXN_3150792,Coffee,5.0,2.0,10.0,Cash,Takeaway,2023-07-02,Summer
460,TXN_2980008,Coffee,3.0,3.0,9.0,Digital Wallet,Takeaway,2023-11-17,Autumn
461,TXN_5511805,Coffee,1.0,3.0,3.0,Digital Wallet,Takeaway,2023-06-03,Summer
462,TXN_7292548,Cookie,4.0,1.0,4.0,Digital Wallet,Takeaway,2023-03-24,Spring
463,TXN_2169664,Smoothie,1.0,4.0,4.0,Cash,Takeaway,2023-07-23,Summer
464,TXN_3234877,Coffee,4.0,2.0,8.0,Cash,Takeaway,2023-07-29,Summer
465,TXN_6368719,Coffee,4.0,3.0,12.0,Credit Card,Takeaway,2023-01-03,Winter
466,TXN_8852585,Smoothie,4.0,4.0,16.0,Credit Card,Takeaway,2023-01-05,Winter
467,TXN_9201010,Salad,1.0,5.0,5.0,Credit Card,Takeaway,2023-03-15,Spring
469,TXN_2873990,Smoothie,2.0,4.0,8.0,Digital Wallet,Takeaway,2023-03-12,Spring
470,TXN_3088796,Smoothie,4.0,4.0,16.0,Credit Card,Takeaway,2023-08-16,Summer
471,TXN_3414935,Coffee,4.0,2.0,8.0,Digital Wallet,In-store,2023-08-03,Summer
472,TXN_3607652,Salad,4.0,5.0,20.0,Digital Wallet,In-store,2023-06-05,Summer
473,TXN_8502094,Coffee,5.0,3.0,15.0,Credit Card,In-store,2023-03-21,Spring
474,TXN_9068244,Smoothie,5.0,4.0,20.0,Digital Wallet,Takeaway,2023-10-19,Autumn
475,TXN_2696664,Cookie,5.0,1.0,5.0,Digital Wallet,In-store,2023-01-07,Winter
476,TXN_7661609,Coffee,1.0,3.0,3.0,Digital Wallet,In-store,2023-11-29,Autumn
477,TXN_7633490,Cookie,1.0,1.0,1.0,Cash,Takeaway,2023-10-27,Autumn
478,TXN_9292230,Tea,4.0,1.5,6.0,Credit Card,In-store,2023-07-14,Summer
479,TXN_1664665,Coffee,3.0,3.0,9.0,Credit Card,In-store,2023-05-21,Spring
480,TXN_5081978,Coffee,1.0,3.0,3.0,Digital Wallet,In-store,2023-10-19,Autumn
481,TXN_7314409,Smoothie,5.0,4.0,20.0,Credit Card,Takeaway,2023-08-06,Summer
482,TXN_4573576,Coffee,2.0,3.0,6.0,Cash,In-store,2023-07-05,Summer
483,TXN_5645919,Coffee,3.0,2.0,6.0,Credit Card,Takeaway,2023-01-17,Winter
484,TXN_8006668,Tea,4.0,1.5,6.0,Credit Card,In-store,2023-12-22,Winter
485,TXN_8818168,Coffee,4.0,3.0,12.0,Digital Wallet,Takeaway,2023-07-20,Summer
486,TXN_4369043,Coffee,2.0,3.0,6.0,Cash,Takeaway,2023-03-25,Spring
487,TXN_3560062,Cookie,1.0,1.0,1.0,Cash,In-store,2023-03-20,Spring
488,TXN_4769307,Tea,5.0,1.5,7.5,Digital Wallet,Takeaway,2023-12-24,Winter
489,TXN_7270652,Smoothie,1.0,4.0,4.0,Digital Wallet,Takeaway,2023-05-14,Spring
490,TXN_4991815,Coffee,5.0,3.0,15.0,Cash,Takeaway,2023-11-06,Autumn
491,TXN_6360132,Smoothie,4.0,4.0,16.0,Cash,Takeaway,2023-09-16,Autumn
492,TXN_8199829,Coffee,2.0,3.0,6.0,Credit Card,Takeaway,2023-07-29,Summer
493,TXN_9166449,Cookie,4.0,1.0,4.0,Digital Wallet,Takeaway,2023-07-31,Summer
494,TXN_7864939,Smoothie,3.0,4.0,12.0,Digital Wallet,In-store,2023-08-19,Summer
495,TXN_2640701,Salad,3.0,5.0,15.0,Digital Wallet,Takeaway,2023-05-07,Spring
496,TXN_3740963,Salad,2.0,5.0,10.0,Digital Wallet,Takeaway,2023-01-22,Winter
497,TXN_8101633,Smoothie,2.0,4.0,8.0,Digital Wallet,In-store,2023-08-10,Summer
498,TXN_6063966,Coffee,2.0,3.0,6.0,Digital Wallet,Takeaway,2023-10-24,Autumn
499,TXN_3779640,Tea,1.0,1.5,1.5,Digital Wallet,In-store,2023-05-16,Spring
500,TXN_8278833,Coffee,3.0,3.0,9.0,Digital Wallet,Takeaway,2023-02-26,Winter
501,TXN_8778598,Smoothie,3.0,4.0,12.0,Cash,Takeaway,2023-09-02,Autumn
502,TXN_7550103,Coffee,5.0,3.0,15.0,Digital Wallet,Takeaway,2023-01-19,Winter
503,TXN_3664656,Cookie,5.0,1.0,5.0,Digital Wallet,Takeaway,2023-08-13,Summer
504,TXN_7296560,Coffee,2.0,3.0,6.0,Digital Wallet,Takeaway,2023-10-20,Autumn
505,TXN_8136881,Salad,3.0,5.0,15.0,Cash,In-store,2023-08-28,Summer
506,TXN_3981449,Smoothie,2.0,4.0,8.0,Cash,In-store,2023-06-21,Summer
507,TXN_5427506,Coffee,3.0,3.0,9.0,Cash,Takeaway,2023-09-15,Autumn
508,TXN_2641386,Smoothie,3.0,4.0,12.0,Digital Wallet,Takeaway,2023-03-25,Spring
510,TXN_4033802,Tea,3.0,1.5,4.5,Cash,Takeaway,2023-03-02,Spring
511,TXN_7752124,Smoothie,3.0,4.0,12.0,Credit Card,Takeaway,2023-12-09,Winter
514,TXN_8259257,Tea,2.0,1.5,3.0,Digital Wallet,In-store,2023-12-13,Winter
515,TXN_4183823,Smoothie,4.0,4.0,16.0,Credit Card,Takeaway,2023-03-28,Spring
516,TXN_2239041,Tea,4.0,1.5,6.0,Digital Wallet,In-store,2023-10-24,Autumn
517,TXN_4696439,Cookie,1.0,1.0,1.0,Cash,In-store,2023-05-27,Spring
518,TXN_8826983,Smoothie,5.0,4.0,20.0,Cash,In-store,2023-01-14,Winter
519,TXN_8267034,Coffee,2.0,3.0,6.0,Digital Wallet,Takeaway,2023-06-20,Summer
520,TXN_1959334,Coffee,3.0,2.0,6.0,Digital Wallet,Takeaway,2023-06-29,Summer
521,TXN_6842808,Tea,2.0,1.5,3.0,Digital Wallet,Takeaway,2023-10-22,Autumn
522,TXN_2947822,Coffee,4.0,3.0,12.0,Digital Wallet,In-store,2023-10-27,Autumn
523,TXN_5531712,Tea,2.0,1.5,3.0,Cash,Takeaway,2023-01-09,Winter
524,TXN_2148838,Smoothie,2.0,4.0,8.0,Credit Card,Takeaway,2023-08-05,Summer
525,TXN_1330506,Cookie,3.0,1.0,3.0,Digital Wallet,Takeaway,2023-11-10,Autumn
527,TXN_8957369,Salad,4.0,5.0,20.0,Digital Wallet,Takeaway,2023-10-18,Autumn
528,TXN_9340653,Smoothie,1.0,4.0,4.0,Digital Wallet,Takeaway,2023-10-19,Autumn
529,TXN_2493446,Smoothie,1.0,4.0,4.0,Cash,Takeaway,2023-05-19,Spring
530,TXN_4538354,Coffee,3.0,3.0,9.0,Cash,Takeaway,2023-04-21,Spring
531,TXN_7098730,Coffee,2.0,3.0,6.0,Digital Wallet,Takeaway,2023-11-10,Autumn
532,TXN_7533411,Cookie,1.0,1.0,1.0,Digital Wallet,In-store,2023-11-09,Autumn
533,TXN_2690314,Tea,5.0,1.5,7.5,Cash,In-store,2023-08-10,Summer
534,TXN_8171171,Coffee,1.0,2.0,2.0,Digital Wallet,Takeaway,2023-05-13,Spring
536,TXN_2968827,Salad,5.0,5.0,25.0,Digital Wallet,Takeaway,2023-09-14,Autumn
537,TXN_4546375,Salad,1.0,5.0,5.0,Credit Card,Takeaway,2023-02-20,Winter
538,TXN_1387401,Cookie,4.0,1.0,4.0,Cash,In-store,2023-10-19,Autumn
539,TXN_6727029,Tea,2.0,1.5,3.0,Digital Wallet,Takeaway,2023-07-07,Summer
540,TXN_3917193,Coffee,5.0,3.0,15.0,Credit Card,Takeaway,2023-11-17,Autumn
541,TXN_8518516,Smoothie,4.0,4.0,16.0,Digital Wallet,Takeaway,2023-08-16,Summer
542,TXN_2062854,Smoothie,4.0,4.0,16.0,Digital Wallet,Takeaway,2023-12-01,Winter
543,TXN_4075863,Smoothie,3.0,4.0,12.0,Cash,Takeaway,2023-05-21,Spring
544,TXN_5624860,Tea,3.0,1.5,4.5,Credit Card,Takeaway,2023-08-22,Summer
545,TXN_4621665,Smoothie,5.0,4.0,20.0,Digital Wallet,Takeaway,2023-01-17,Winter
546,TXN_6669417,Salad,5.0,5.0,25.0,Digital Wallet,Takeaway,2023-01-03,Winter
547,TXN_7837381,Smoothie,5.0,4.0,20.0,Digital Wallet,Takeaway,2023-07-17,Summer
548,TXN_1725926,Coffee,5.0,3.0,15.0,Credit Card,Takeaway,2023-12-23,Winter
549,TXN_3403173,Salad,1.0,5.0,5.0,Digital Wallet,Takeaway,2023-06-24,Summer
550,TXN_4186681,Tea,4.0,1.5,6.0,Digital Wallet,Takeaway,2023-05-24,Spring
552,TXN_4059912,Smoothie,3.0,4.0,12.0,Digital Wallet,Takeaway,2023-04-21,Spring
553,TXN_3381656,Coffee,5.0,3.0,15.0,Cash,Takeaway,2023-10-26,Autumn
554,TXN_9956154,Coffee,4.0,3.0,12.0,Digital Wallet,In-store,2023-05-11,Spring
555,TXN_7110444,Salad,4.0,5.0,20.0,Cash,Takeaway,2023-12-07,Winter
556,TXN_6250692,Smoothie,1.0,4.0,4.0,Digital Wallet,Takeaway,2023-09-01,Autumn
557,TXN_1183995,Salad,5.0,5.0,25.0,Digital Wallet,Takeaway,2023-03-28,Spring
558,TXN_9452225,Tea,1.0,1.5,1.5,Digital Wallet,In-store,2023-02-26,Winter
559,TXN_9113574,Coffee,4.0,2.0,8.0,Digital Wallet,In-store,2023-01-04,Winter
560,TXN_5813015,Cookie,5.0,1.0,5.0,Digital Wallet,Takeaway,2023-10-07,Autumn
561,TXN_3213035,Smoothie,4.0,4.0,16.0,Digital Wallet,In-store,2023-05-21,Spring
562,TXN_3789752,Coffee,3.0,3.0,9.0,Digital Wallet,Takeaway,2023-12-16,Winter
563,TXN_7578769,Smoothie,5.0,4.0,20.0,Digital Wallet,Takeaway,2023-01-30,Winter
564,TXN_3515664,Coffee,2.0,2.0,4.0,Cash,Takeaway,2023-09-25,Autumn
565,TXN_6209258,Coffee,1.0,3.0,3.0,Credit Card,Takeaway,2023-03-06,Spring
566,TXN_8594004,Cookie,4.0,1.0,4.0,Credit Card,Takeaway,2023-02-25,Winter
567,TXN_6422433,Smoothie,5.0,4.0,20.0,Digital Wallet,Takeaway,2023-05-09,Spring
568,TXN_2865033,Coffee,2.0,2.0,4.0,Cash,Takeaway,2023-08-03,Summer
569,TXN_5547519,Salad,4.0,5.0,20.0,Digital Wallet,In-store,2023-05-13,Spring
570,TXN_2392263,Salad,5.0,5.0,25.0,Digital Wallet,Takeaway,2023-02-08,Winter
572,TXN_4669664,Cookie,1.0,1.0,1.0,Digital Wallet,In-store,2023-12-21,Winter
573,TXN_9470612,Coffee,3.0,3.0,9.0,Digital Wallet,Takeaway,2023-04-30,Spring
574,TXN_7507962,Smoothie,4.0,4.0,16.0,Digital Wallet,Takeaway,2023-06-22,Summer
575,TXN_1109715,Coffee,1.0,3.0,3.0,Digital Wallet,In-store,2023-07-15,Summer
576,TXN_8320245,Tea,3.0,1.5,4.5,Digital Wallet,Takeaway,2023-04-09,Spring
577,TXN_5904646,Smoothie,1.0,4.0,4.0,Digital Wallet,Takeaway,2023-03-26,Spring
578,TXN_4498526,Smoothie,3.0,4.0,12.0,Credit Card,Takeaway,2023-06-20,Summer
580,TXN_5209585,Tea,2.0,1.5,3.0,Digital Wallet,Takeaway,2023-08-12,Summer
581,TXN_2213556,Coffee,1.0,2.0,2.0,Cash,In-store,2023-05-30,Spring
582,TXN_3826038,Salad,1.0,5.0,5.0,Cash,Takeaway,2023-10-20,Autumn
583,TXN_7596587,Tea,3.0,1.5,4.5,Credit Card,Takeaway,2023-02-08,Winter
584,TXN_7380277,Smoothie,4.0,4.0,16.0,Digital Wallet,Takeaway,2023-04-24,Spring
585,TXN_1353479,Smoothie,4.0,4.0,16.0,Cash,Takeaway,2023-09-20,Autumn
586,TXN_6054137,Coffee,3.0,3.0,9.0,Digital Wallet,In-store,2023-05-09,Spring
587,TXN_7609853,Smoothie,1.0,4.0,4.0,Digital Wallet,In-store,2023-04-22,Spring
588,TXN_9266394,Cookie,2.0,1.0,2.0,Credit Card,In-store,2023-07-12,Summer
589,TXN_5448157,Cookie,3.0,1.0,3.0,Credit Card,Takeaway,2023-01-11,Winter
592,TXN_6152588,Coffee,3.0,2.0,6.0,Cash,Takeaway,2023-11-21,Autumn
593,TXN_6569656,Cookie,5.0,1.0,5.0,Cash,Takeaway,2023-02-28,Winter
594,TXN_2156206,Smoothie,2.0,4.0,8.0,Digital Wallet,Takeaway,2023-02-04,Winter
595,TXN_3142258,Salad,4.0,5.0,20.0,Digital Wallet,Takeaway,2023-11-03,Autumn
596,TXN_5739806,Smoothie,3.0,4.0,12.0,Credit Card,In-store,2023-09-18,Autumn
597,TXN_9228978,Coffee,5.0,2.0,10.0,Digital Wallet,In-store,2023-02-09,Winter
598,TXN_5897205,Cookie,1.0,1.0,1.0,Digital Wallet,In-store,2023-06-10,Summer
599,TXN_1556652,Coffee,5.0,3.0,15.0,Digital Wallet,Takeaway,2023-04-06,Spring
600,TXN_8608765,Salad,4.0,5.0,20.0,Credit Card,Takeaway,2023-09-02,Autumn
602,TXN_7353972,Coffee,4.0,3.0,12.0,Cash,In-store,2023-02-02,Winter
603,TXN_1124753,Salad,4.0,5.0,20.0,Digital Wallet,In-store,2023-10-19,Autumn
604,TXN_9410981,Cookie,2.0,1.0,2.0,Digital Wallet,Takeaway,2023-02-07,Winter
606,TXN_7611120,Coffee,2.0,3.0,6.0,Cash,Takeaway,2023-03-30,Spring
607,TXN_2106959,Smoothie,5.0,4.0,20.0,Digital Wallet,Takeaway,2023-09-05,Autumn
608,TXN_2237115,Coffee,1.0,2.0,2.0,Digital Wallet,Takeaway,2023-01-13,Winter
609,TXN_6836137,Coffee,4.0,3.0,12.0,Digital Wallet,In-store,2023-08-30,Summer
610,TXN_6316959,Tea,2.0,1.5,3.0,Cash,In-store,2023-11-10,Autumn
611,TXN_2265984,Cookie,5.0,1.0,5.0,Credit Card,Takeaway,2023-10-18,Autumn
612,TXN_6352917,Salad,5.0,5.0,25.0,Cash,Takeaway,2023-05-05,Spring
613,TXN_9564123,Coffee,4.0,3.0,12.0,Credit Card,Takeaway,2023-03-23,Spring
615,TXN_1123138,Salad,1.0,5.0,5.0,Cash,In-store,2023-02-10,Winter
616,TXN_9212503,Salad,2.0,5.0,10.0,Digital Wallet,Takeaway,2023-10-08,Autumn
617,TXN_1921262,Smoothie,2.0,4.0,8.0,Digital Wallet,Takeaway,2023-11-24,Autumn
618,TXN_1259824,Cookie,5.0,1.0,5.0,Digital Wallet,Takeaway,2023-04-29,Spring
620,TXN_2806243,Salad,4.0,5.0,20.0,Digital Wallet,Takeaway,2023-01-14,Winter
621,TXN_9759896,Tea,4.0,1.5,6.0,Digital Wallet,Takeaway,2023-12-02,Winter
622,TXN_7560807,Salad,2.0,5.0,10.0,Credit Card,Takeaway,2023-04-16,Spring
623,TXN_3286932,Cookie,1.0,1.0,1.0,Digital Wallet,Takeaway,2023-07-11,Summer
624,TXN_3481470,Salad,4.0,5.0,20.0,Credit Card,In-store,2023-12-24,Winter
625,TXN_9907327,Salad,2.0,5.0,10.0,Credit Card,Takeaway,2023-10-07,Autumn
626,TXN_3469469,Cookie,1.0,1.0,1.0,Digital Wallet,In-store,2023-10-25,Autumn
627,TXN_2681833,Cookie,3.0,1.0,3.0,Digital Wallet,In-store,2023-10-05,Autumn
628,TXN_3179966,Tea,2.0,1.5,3.0,Digital Wallet,Takeaway,2023-05-27,Spring
630,TXN_3629351,Coffee,1.0,3.0,3.0,Digital Wallet,Takeaway,2023-07-21,Summer
631,TXN_3142836,Coffee,2.0,3.0,6.0,Cash,Takeaway,2023-11-01,Autumn
632,TXN_4998786,Coffee,5.0,3.0,15.0,Credit Card,Takeaway,2023-10-25,Autumn
633,TXN_7228816,Salad,1.0,5.0,5.0,Digital Wallet,In-store,2023-04-21,Spring
634,TXN_6904590,Coffee,4.0,2.0,8.0,Credit Card,Takeaway,2023-02-19,Winter
635,TXN_2126408,Cookie,3.0,1.0,3.0,Cash,Takeaway,2023-10-19,Autumn
636,TXN_8664315,Salad,2.0,5.0,10.0,Cash,Takeaway,2023-08-14,Summer
637,TXN_8958593,Coffee,5.0,3.0,15.0,Digital Wallet,In-store,2023-07-08,Summer
638,TXN_2383598,Smoothie,2.0,4.0,8.0,Digital Wallet,In-store,2023-09-19,Autumn
639,TXN_2211685,Smoothie,1.0,4.0,4.0,Credit Card,In-store,2023-06-06,Summer
640,TXN_1503602,Tea,5.0,1.5,7.5,Digital Wallet,Takeaway,2023-12-16,Winter
642,TXN_8716752,Coffee,1.0,3.0,3.0,Digital Wallet,In-store,2023-12-05,Winter
643,TXN_4266787,Coffee,4.0,3.0,12.0,Credit Card,Takeaway,2023-01-12,Winter
644,TXN_5933480,Smoothie,3.0,4.0,12.0,Digital Wallet,In-store,2023-09-04,Autumn
645,TXN_8255965,Coffee,2.0,3.0,6.0,Digital Wallet,In-store,2023-11-16,Autumn
646,TXN_4364091,Smoothie,1.0,4.0,4.0,Digital Wallet,Takeaway,2023-04-14,Spring
647,TXN_9203920,Coffee,4.0,3.0,12.0,Digital Wallet,Takeaway,2023-11-01,Autumn
648,TXN_8964812,Salad,4.0,5.0,20.0,Digital Wallet,Takeaway,2023-10-14,Autumn
649,TXN_6721531,Tea,4.0,1.5,6.0,Digital Wallet,In-store,2023-03-06,Spring
650,TXN_5447508,Smoothie,3.0,4.0,12.0,Digital Wallet,Takeaway,2023-06-28,Summer
651,TXN_5686113,Smoothie,5.0,4.0,20.0,Digital Wallet,In-store,2023-09-09,Autumn
652,TXN_9239779,Salad,1.0,5.0,5.0,Cash,Takeaway,2023-01-09,Winter
653,TXN_9265319,Salad,3.0,5.0,15.0,Cash,Takeaway,2023-11-15,Autumn
654,TXN_9265313,Coffee,3.0,3.0,9.0,Digital Wallet,In-store,2023-10-01,Autumn
655,TXN_3397609,Smoothie,2.0,4.0,8.0,Digital Wallet,In-store,2023-07-22,Summer
656,TXN_9347203,Smoothie,5.0,4.0,20.0,Cash,In-store,2023-04-15,Spring
657,TXN_2132186,Salad,1.0,5.0,5.0,Credit Card,Takeaway,2023-02-01,Winter
658,TXN_3383926,Coffee,3.0,3.0,9.0,Cash,Takeaway,2023-07-08,Summer
659,TXN_6905718,Salad,5.0,5.0,25.0,Credit Card,In-store,2023-02-20,Winter
660,TXN_3130548,Cookie,4.0,1.0,4.0,Digital Wallet,Takeaway,2023-08-21,Summer
661,TXN_9356512,Salad,3.0,5.0,15.0,Credit Card,Takeaway,2023-06-06,Summer
662,TXN_7993951,Tea,2.0,1.5,3.0,Digital Wallet,Takeaway,2023-12-14,Winter
663,TXN_6362093,Coffee,3.0,2.0,6.0,Digital Wallet,Takeaway,2023-03-19,Spring
664,TXN_4876440,Cookie,3.0,1.0,3.0,Digital Wallet,Takeaway,2023-07-01,Summer
665,TXN_9323513,Coffee,3.0,3.0,9.0,Digital Wallet,Takeaway,2023-05-04,Spring
666,TXN_9097641,Coffee,4.0,3.0,12.0,Cash,Takeaway,2023-12-16,Winter
667,TXN_1775884,Coffee,4.0,3.0,12.0,Cash,Takeaway,2023-10-08,Autumn
668,TXN_8536115,Coffee,1.0,3.0,3.0,Credit Card,Takeaway,2023-07-11,Summer
669,TXN_8032010,Tea,1.0,1.5,1.5,Cash,Takeaway,2023-06-14,Summer
670,TXN_2915281,Cookie,1.0,1.0,1.0,Digital Wallet,In-store,2023-07-01,Summer
671,TXN_3468006,Smoothie,3.0,4.0,12.0,Credit Card,Takeaway,2023-07-28,Summer
672,TXN_7604541,Coffee,4.0,3.0,12.0,Credit Card,In-store,2023-04-16,Spring
673,TXN_7806146,Coffee,3.0,3.0,9.0,Digital Wallet,In-store,2023-01-30,Winter
674,TXN_9238689,Coffee,1.0,3.0,3.0,Digital Wallet,In-store,2023-03-09,Spring
675,TXN_2601689,Salad,4.0,5.0,20.0,Digital Wallet,Takeaway,2023-01-14,Winter
676,TXN_6428182,Coffee,5.0,3.0,15.0,Cash,In-store,2023-11-10,Autumn
677,TXN_6830557,Coffee,3.0,2.0,6.0,Digital Wallet,Takeaway,2023-11-08,Autumn
678,TXN_6371264,Smoothie,5.0,4.0,20.0,Cash,Takeaway,2023-02-27,Winter
679,TXN_4663299,Smoothie,4.0,4.0,16.0,Digital Wallet,In-store,2023-12-26,Winter
680,TXN_9236713,Cookie,5.0,1.0,5.0,Cash,In-store,2023-09-13,Autumn
681,TXN_1079239,Smoothie,1.0,4.0,4.0,Digital Wallet,Takeaway,2023-02-08,Winter
682,TXN_4690833,Coffee,1.0,3.0,3.0,Cash,Takeaway,2023-05-23,Spring
683,TXN_7946489,Coffee,1.0,3.0,3.0,Cash,Takeaway,2023-09-11,Autumn
684,TXN_8661288,Salad,2.0,5.0,10.0,Digital Wallet,Takeaway,2023-01-27,Winter
685,TXN_7187207,Coffee,5.0,2.0,10.0,Cash,Takeaway,2023-02-18,Winter
686,TXN_4679409,Coffee,1.0,2.0,2.0,Digital Wallet,In-store,2023-03-25,Spring
687,TXN_2866147,Coffee,2.0,3.0,6.0,Digital Wallet,Takeaway,2023-08-28,Summer
688,TXN_5637677,Coffee,2.0,3.0,6.0,Digital Wallet,Takeaway,2023-08-24,Summer
689,TXN_7444541,Salad,2.0,5.0,10.0,Cash,Takeaway,2023-11-29,Autumn
690,TXN_6046604,Cookie,5.0,1.0,5.0,Credit Card,Takeaway,2023-06-29,Summer
691,TXN_6111710,Salad,3.0,5.0,15.0,Credit Card,In-store,2023-06-18,Summer
692,TXN_5476465,Coffee,4.0,3.0,12.0,Cash,In-store,2023-06-23,Summer
693,TXN_1773873,Salad,5.0,5.0,25.0,Credit Card,Takeaway,2023-06-10,Summer
694,TXN_7688650,Tea,2.0,1.5,3.0,Digital Wallet,Takeaway,2023-10-26,Autumn
695,TXN_4570711,Smoothie,4.0,4.0,16.0,Credit Card,In-store,2023-12-11,Winter
696,TXN_5242469,Coffee,4.0,2.0,8.0,Credit Card,Takeaway,2023-04-01,Spring
697,TXN_2977414,Coffee,4.0,3.0,12.0,Digital Wallet,Takeaway,2023-06-09,Summer
698,TXN_8938144,Coffee,2.0,2.0,4.0,Credit Card,Takeaway,2023-01-27,Winter
699,TXN_6434414,Coffee,1.0,2.0,2.0,Digital Wallet,Takeaway,2023-03-10,Spring
700,TXN_1655100,Coffee,4.0,3.0,12.0,Credit Card,Takeaway,2023-12-20,Winter
701,TXN_1526864,Smoothie,3.0,4.0,12.0,Digital Wallet,In-store,2023-01-27,Winter
702,TXN_1279428,Salad,1.0,5.0,5.0,Digital Wallet,Takeaway,2023-03-02,Spring
703,TXN_9866728,Coffee,1.0,3.0,3.0,Cash,In-store,2023-10-26,Autumn
704,TXN_1706201,Coffee,3.0,2.0,6.0,Credit Card,In-store,2023-08-23,Summer
705,TXN_2498488,Smoothie,2.0,4.0,8.0,Digital Wallet,Takeaway,2023-12-06,Winter
706,TXN_5387067,Salad,3.0,5.0,15.0,Credit Card,Takeaway,2023-06-11,Summer
707,TXN_4431179,Smoothie,3.0,4.0,12.0,Digital Wallet,Takeaway,2023-08-13,Summer
708,TXN_5051924,Tea,5.0,1.5,7.5,Digital Wallet,Takeaway,2023-05-23,Spring
709,TXN_9033890,Salad,1.0,5.0,5.0,Digital Wallet,Takeaway,2023-08-05,Summer
710,TXN_1777959,Tea,5.0,1.5,7.5,Digital Wallet,Takeaway,2023-10-18,Autumn
711,TXN_3574059,Coffee,1.0,3.0,3.0,Digital Wallet,Takeaway,2023-01-18,Winter
712,TXN_8386792,Coffee,3.0,2.0,6.0,Digital Wallet,In-store,2023-10-05,Autumn
713,TXN_2108894,Smoothie,4.0,4.0,16.0,Credit Card,In-store,2023-10-30,Autumn
714,TXN_6347472,Tea,1.0,1.5,1.5,Digital Wallet,In-store,2023-03-22,Spring
715,TXN_8699110,Salad,3.0,5.0,15.0,Digital Wallet,Takeaway,2023-10-11,Autumn
716,TXN_7188412,Smoothie,1.0,4.0,4.0,Digital Wallet,Takeaway,2023-08-08,Summer
717,TXN_6178152,Tea,5.0,1.5,7.5,Digital Wallet,Takeaway,2023-12-26,Winter
719,TXN_8345723,Smoothie,1.0,4.0,4.0,Digital Wallet,Takeaway,2023-08-27,Summer
720,TXN_9989415,Smoothie,5.0,4.0,20.0,Credit Card,Takeaway,2023-05-26,Spring
721,TXN_4476634,Tea,2.0,1.5,3.0,Credit Card,Takeaway,2023-06-16,Summer
723,TXN_2178964,Tea,4.0,1.5,6.0,Cash,Takeaway,2023-12-25,Winter
724,TXN_5213542,Coffee,3.0,2.0,6.0,Credit Card,In-store,2023-08-21,Summer
725,TXN_7889745,Smoothie,4.0,4.0,16.0,Digital Wallet,Takeaway,2023-01-25,Winter
726,TXN_7020671,Coffee,1.0,2.0,2.0,Digital Wallet,Takeaway,2023-09-01,Autumn
727,TXN_8297135,Smoothie,2.0,4.0,8.0,Digital Wallet,Takeaway,2023-09-16,Autumn
728,TXN_6581437,Coffee,5.0,2.0,10.0,Digital Wallet,Takeaway,2023-10-23,Autumn
729,TXN_1347965,Cookie,5.0,1.0,5.0,Digital Wallet,In-store,2023-02-19,Winter
730,TXN_6128621,Salad,3.0,5.0,15.0,Digital Wallet,In-store,2023-11-10,Autumn
731,TXN_5758199,Coffee,4.0,2.0,8.0,Credit Card,Takeaway,2023-06-11,Summer
732,TXN_3145041,Tea,5.0,1.5,7.5,Digital Wallet,Takeaway,2023-09-23,Autumn
733,TXN_9960577,Smoothie,1.0,4.0,4.0,Cash,Takeaway,2023-06-24,Summer
734,TXN_1349738,Smoothie,3.0,4.0,12.0,Cash,Takeaway,2023-03-26,Spring
735,TXN_4512118,Coffee,2.0,2.0,4.0,Digital Wallet,Takeaway,2023-04-20,Spring
736,TXN_5763254,Coffee,3.0,2.0,6.0,Digital Wallet,Takeaway,2023-09-15,Autumn
739,TXN_8114990,Coffee,1.0,3.0,3.0,Digital Wallet,Takeaway,2023-02-27,Winter
740,TXN_4961655,Coffee,5.0,3.0,15.0,Cash,Takeaway,2023-05-06,Spring
741,TXN_5595352,Coffee,1.0,3.0,3.0,Cash,In-store,2023-02-20,Winter
742,TXN_2070818,Smoothie,5.0,4.0,20.0,Digital Wallet,Takeaway,2023-06-05,Summer
743,TXN_1090854,Cookie,3.0,1.0,3.0,Credit Card,In-store,2023-01-07,Winter
745,TXN_1869814,Tea,1.0,1.5,1.5,Digital Wallet,Takeaway,2023-05-24,Spring
746,TXN_8296518,Smoothie,2.0,4.0,8.0,Credit Card,In-store,2023-02-08,Winter
747,TXN_6910915,Tea,4.0,1.5,6.0,Digital Wallet,Takeaway,2023-05-06,Spring
748,TXN_3183527,Coffee,3.0,2.0,6.0,Digital Wallet,Takeaway,2023-10-26,Autumn
750,TXN_5787508,Coffee,3.0,3.0,9.0,Credit Card,Takeaway,2023-07-23,Summer
751,TXN_2611960,Smoothie,3.0,4.0,12.0,Credit Card,Takeaway,2023-09-11,Autumn
752,TXN_7923140,Coffee,2.0,2.0,4.0,Digital Wallet,Takeaway,2023-04-02,Spring
753,TXN_5229169,Coffee,2.0,3.0,6.0,Credit Card,Takeaway,2023-09-08,Autumn
754,TXN_1018880,Smoothie,5.0,4.0,20.0,Digital Wallet,Takeaway,2023-07-15,Summer
755,TXN_4074732,Salad,3.0,5.0,15.0,Credit Card,Takeaway,2023-04-09,Spring
756,TXN_9409728,Tea,2.0,1.5,3.0,Digital Wallet,In-store,2023-03-06,Spring
757,TXN_5840223,Tea,4.0,1.5,6.0,Cash,Takeaway,2023-12-20,Winter
758,TXN_5576265,Smoothie,4.0,4.0,16.0,Credit Card,Takeaway,2023-04-08,Spring
759,TXN_7399897,Coffee,4.0,3.0,12.0,Digital Wallet,Takeaway,2023-11-14,Autumn
760,TXN_5098938,Tea,5.0,1.5,7.5,Digital Wallet,Takeaway,2023-05-06,Spring
761,TXN_6119823,Tea,2.0,1.5,3.0,Digital Wallet,Takeaway,2023-06-13,Summer
762,TXN_7308222,Salad,2.0,5.0,10.0,Digital Wallet,Takeaway,2023-03-09,Spring
763,TXN_5408625,Cookie,5.0,1.0,5.0,Cash,Takeaway,2023-08-14,Summer
764,TXN_5969754,Tea,4.0,1.5,6.0,Digital Wallet,Takeaway,2023-01-29,Winter
765,TXN_5740553,Salad,5.0,5.0,25.0,Digital Wallet,In-store,2023-08-29,Summer
767,TXN_2392934,Coffee,2.0,2.0,4.0,Digital Wallet,In-store,2023-11-25,Autumn
768,TXN_5728991,Salad,2.0,5.0,10.0,Digital Wallet,Takeaway,2023-01-01,Winter
769,TXN_7608816,Coffee,3.0,3.0,9.0,Digital Wallet,In-store,2023-11-07,Autumn
770,TXN_1046394,Smoothie,1.0,4.0,4.0,Cash,In-store,2023-04-29,Spring
771,TXN_3228823,Tea,5.0,1.5,7.5,Digital Wallet,Takeaway,2023-01-06,Winter
772,TXN_2269396,Coffee,3.0,2.0,6.0,Digital Wallet,In-store,2023-10-26,Autumn
773,TXN_9263967,Cookie,3.0,1.0,3.0,Credit Card,In-store,2023-09-14,Autumn
774,TXN_6540946,Coffee,4.0,3.0,12.0,Digital Wallet,Takeaway,2023-10-08,Autumn
775,TXN_2914088,Salad,5.0,5.0,25.0,Cash,In-store,2023-03-22,Spring
776,TXN_6571898,Coffee,3.0,3.0,9.0,Digital Wallet,Takeaway,2023-02-02,Winter
777,TXN_7109358,Salad,5.0,5.0,25.0,Digital Wallet,Takeaway,2023-05-02,Spring
778,TXN_4498370,Smoothie,4.0,4.0,16.0,Digital Wallet,Takeaway,2023-07-24,Summer
779,TXN_4015710,Coffee,4.0,3.0,12.0,Cash,Takeaway,2023-05-18,Spring
780,TXN_4600048,Cookie,2.0,1.0,2.0,Cash,Takeaway,2023-10-30,Autumn
781,TXN_2108486,Coffee,4.0,3.0,12.0,Digital Wallet,Takeaway,2023-12-28,Winter
782,TXN_7019782,Smoothie,5.0,4.0,20.0,Digital Wallet,Takeaway,2023-10-16,Autumn
783,TXN_5228270,Coffee,3.0,3.0,9.0,Digital Wallet,Takeaway,2023-04-12,Spring
784,TXN_4387303,Cookie,1.0,1.0,1.0,Digital Wallet,Takeaway,2023-06-27,Summer
786,TXN_7786214,Smoothie,1.0,4.0,4.0,Credit Card,Takeaway,2023-11-25,Autumn
787,TXN_9587884,Tea,2.0,1.5,3.0,Digital Wallet,Takeaway,2023-01-05,Winter
788,TXN_4625910,Coffee,1.0,3.0,3.0,Digital Wallet,Takeaway,2023-01-17,Winter
789,TXN_8250731,Cookie,2.0,1.0,2.0,Cash,Takeaway,2023-08-24,Summer
790,TXN_3605929,Smoothie,2.0,4.0,8.0,Credit Card,Takeaway,2023-04-26,Spring
791,TXN_4953450,Cookie,4.0,1.0,4.0,Digital Wallet,In-store,2023-03-10,Spring
792,TXN_5315441,Smoothie,5.0,4.0,20.0,Digital Wallet,In-store,2023-10-31,Autumn
793,TXN_9196322,Cookie,4.0,1.0,4.0,Digital Wallet,In-store,2023-08-12,Summer
794,TXN_4009547,Coffee,4.0,3.0,12.0,Credit Card,Takeaway,2023-05-13,Spring
795,TXN_3394710,Smoothie,1.0,4.0,4.0,Digital Wallet,In-store,2023-10-22,Autumn
796,TXN_8354174,Coffee,3.0,2.0,6.0,Credit Card,Takeaway,2023-12-29,Winter
797,TXN_5931292,Smoothie,2.0,4.0,8.0,Credit Card,In-store,2023-12-18,Winter
798,TXN_2109416,Smoothie,1.0,4.0,4.0,Digital Wallet,In-store,2023-09-21,Autumn
799,TXN_8776606,Salad,4.0,5.0,20.0,Digital Wallet,Takeaway,2023-07-24,Summer
800,TXN_1063366,Coffee,3.0,3.0,9.0,Digital Wallet,Takeaway,2023-03-20,Spring
801,TXN_2393500,Coffee,1.0,3.0,3.0,Credit Card,In-store,2023-12-15,Winter
802,TXN_9738758,Coffee,1.0,2.0,2.0,Cash,In-store,2023-12-31,Winter
803,TXN_7838465,Smoothie,3.0,4.0,12.0,Credit Card,Takeaway,2023-06-15,Summer
804,TXN_2447261,Cookie,3.0,1.0,3.0,Credit Card,Takeaway,2023-10-15,Autumn
805,TXN_6609947,Coffee,3.0,3.0,9.0,Digital Wallet,In-store,2023-05-29,Spring
806,TXN_9036453,Smoothie,1.0,4.0,4.0,Digital Wallet,Takeaway,2023-02-08,Winter
807,TXN_2611990,Cookie,3.0,1.0,3.0,Digital Wallet,Takeaway,2023-10-25,Autumn
808,TXN_1460963,Coffee,3.0,2.0,6.0,Cash,In-store,2023-02-10,Winter
809,TXN_1713128,Smoothie,3.0,4.0,12.0,Credit Card,Takeaway,2023-05-01,Spring
810,TXN_4501168,Tea,1.0,1.5,1.5,Digital Wallet,In-store,2023-06-28,Summer
811,TXN_2840323,Tea,4.0,1.5,6.0,Credit Card,Takeaway,2023-05-07,Spring
812,TXN_6691767,Salad,2.0,5.0,10.0,Cash,Takeaway,2023-02-05,Winter
813,TXN_7280191,Coffee,3.0,2.0,6.0,Digital Wallet,Takeaway,2023-08-23,Summer
814,TXN_6932070,Tea,4.0,1.5,6.0,Credit Card,In-store,2023-06-10,Summer
815,TXN_3502743,Smoothie,5.0,4.0,20.0,Digital Wallet,Takeaway,2023-02-28,Winter
816,TXN_2815335,Coffee,5.0,3.0,15.0,Cash,Takeaway,2023-03-30,Spring
817,TXN_4916272,Tea,3.0,1.5,4.5,Digital Wallet,Takeaway,2023-03-03,Spring
818,TXN_7940202,Smoothie,1.0,4.0,4.0,Digital Wallet,Takeaway,2023-07-23,Summer
819,TXN_5489408,Cookie,1.0,1.0,1.0,Digital Wallet,In-store,2023-05-02,Spring
820,TXN_4640977,Cookie,3.0,1.0,3.0,Credit Card,In-store,2023-02-11,Winter
821,TXN_8563346,Coffee,3.0,2.0,6.0,Credit Card,Takeaway,2023-10-24,Autumn
823,TXN_7896721,Coffee,3.0,3.0,9.0,Credit Card,Takeaway,2023-04-22,Spring
824,TXN_8973563,Coffee,1.0,2.0,2.0,Digital Wallet,Takeaway,2023-10-08,Autumn
825,TXN_4827371,Salad,2.0,5.0,10.0,Digital Wallet,Takeaway,2023-06-20,Summer
826,TXN_1559313,Smoothie,2.0,4.0,8.0,Credit Card,Takeaway,2023-12-02,Winter
827,TXN_7384923,Smoothie,2.0,4.0,8.0,Digital Wallet,Takeaway,2023-01-24,Winter
828,TXN_7906197,Smoothie,5.0,4.0,20.0,Credit Card,In-store,2023-01-02,Winter
829,TXN_9018535,Cookie,2.0,1.0,2.0,Digital Wallet,Takeaway,2023-05-05,Spring
830,TXN_9103318,Smoothie,2.0,4.0,8.0,Digital Wallet,Takeaway,2023-11-13,Autumn
831,TXN_8066743,Tea,3.0,1.5,4.5,Cash,Takeaway,2023-11-13,Autumn
833,TXN_8647575,Tea,2.0,1.5,3.0,Cash,Takeaway,2023-02-08,Winter
834,TXN_6376175,Coffee,4.0,3.0,12.0,Digital Wallet,Takeaway,2023-02-24,Winter
835,TXN_9840274,Smoothie,5.0,4.0,20.0,Digital Wallet,Takeaway,2023-02-25,Winter
836,TXN_4912458,Coffee,4.0,3.0,12.0,Digital Wallet,Takeaway,2023-06-12,Summer
837,TXN_7982985,Cookie,1.0,1.0,1.0,Credit Card,Takeaway,2023-01-27,Winter
838,TXN_2855581,Coffee,4.0,2.0,8.0,Credit Card,Takeaway,2023-10-23,Autumn
839,TXN_7585348,Coffee,3.0,3.0,9.0,Credit Card,Takeaway,2023-03-16,Spring
840,TXN_8249251,Coffee,3.0,3.0,9.0,Digital Wallet,In-store,2023-01-01,Winter
841,TXN_4005014,Smoothie,1.0,4.0,4.0,Digital Wallet,Takeaway,2023-07-10,Summer
842,TXN_3106215,Smoothie,3.0,4.0,12.0,Digital Wallet,Takeaway,2023-04-15,Spring
843,TXN_4478185,Coffee,2.0,3.0,6.0,Cash,In-store,2023-08-25,Summer
844,TXN_7815651,Salad,1.0,5.0,5.0,Cash,In-store,2023-01-16,Winter
845,TXN_3461209,Coffee,4.0,3.0,12.0,Credit Card,In-store,2023-04-26,Spring
846,TXN_9498325,Salad,1.0,5.0,5.0,Digital Wallet,Takeaway,2023-04-04,Spring
847,TXN_1026827,Cookie,4.0,1.0,4.0,Digital Wallet,In-store,2023-01-02,Winter
848,TXN_4479052,Salad,4.0,5.0,20.0,Digital Wallet,In-store,2023-12-05,Winter
849,TXN_7269513,Salad,3.0,5.0,15.0,Cash,Takeaway,2023-05-12,Spring
850,TXN_5134545,Tea,5.0,1.5,7.5,Digital Wallet,Takeaway,2023-10-17,Autumn
851,TXN_7997144,Coffee,4.0,3.0,12.0,Credit Card,Takeaway,2023-02-25,Winter
852,TXN_7315198,Salad,2.0,5.0,10.0,Digital Wallet,Takeaway,2023-09-23,Autumn
853,TXN_4339682,Salad,5.0,5.0,25.0,Digital Wallet,In-store,2023-03-04,Spring
854,TXN_3363831,Coffee,3.0,3.0,9.0,Digital Wallet,Takeaway,2023-05-10,Spring
855,TXN_5369555,Coffee,4.0,3.0,12.0,Cash,Takeaway,2023-02-24,Winter
856,TXN_6208034,Coffee,1.0,3.0,3.0,Digital Wallet,Takeaway,2023-08-29,Summer
857,TXN_8187656,Tea,4.0,1.5,6.0,Credit Card,Takeaway,2023-05-01,Spring
858,TXN_6463415,Coffee,3.0,2.0,6.0,Digital Wallet,In-store,2023-04-12,Spring
859,TXN_1461895,Coffee,5.0,3.0,15.0,Digital Wallet,Takeaway,2023-06-17,Summer
860,TXN_3197752,Smoothie,2.0,4.0,8.0,Digital Wallet,Takeaway,2023-03-10,Spring
861,TXN_3112175,Coffee,4.0,2.0,8.0,Cash,Takeaway,2023-03-16,Spring
862,TXN_6439579,Tea,5.0,1.5,7.5,Credit Card,Takeaway,2023-03-23,Spring
863,TXN_4944121,Coffee,2.0,2.0,4.0,Digital Wallet,Takeaway,2023-05-29,Spring
864,TXN_5590805,Coffee,1.0,3.0,3.0,Digital Wallet,Takeaway,2023-01-25,Winter
865,TXN_4634772,Coffee,3.0,3.0,9.0,Credit Card,In-store,2023-01-12,Winter
866,TXN_3519066,Coffee,1.0,3.0,3.0,Digital Wallet,Takeaway,2023-11-08,Autumn
867,TXN_8034156,Smoothie,1.0,4.0,4.0,Cash,In-store,2023-07-22,Summer
868,TXN_2163229,Cookie,4.0,1.0,4.0,Cash,Takeaway,2023-12-21,Winter
869,TXN_4109764,Coffee,3.0,3.0,9.0,Credit Card,Takeaway,2023-07-12,Summer
870,TXN_1343750,Cookie,2.0,1.0,2.0,Digital Wallet,Takeaway,2023-02-15,Winter
871,TXN_6387964,Tea,5.0,1.5,7.5,Digital Wallet,Takeaway,2023-08-07,Summer
872,TXN_2743397,Coffee,2.0,3.0,6.0,Digital Wallet,Takeaway,2023-10-03,Autumn
873,TXN_8022689,Tea,1.0,1.5,1.5,Cash,Takeaway,2023-06-15,Summer
874,TXN_9392028,Salad,5.0,5.0,25.0,Credit Card,In-store,2023-01-13,Winter
875,TXN_3547825,Cookie,3.0,1.0,3.0,Digital Wallet,Takeaway,2023-09-04,Autumn
876,TXN_9101792,Coffee,5.0,2.0,10.0,Cash,Takeaway,2023-06-13,Summer
877,TXN_3463928,Tea,4.0,1.5,6.0,Credit Card,In-store,2023-06-07,Summer
878,TXN_8503406,Smoothie,2.0,4.0,8.0,Digital Wallet,Takeaway,2023-02-15,Winter
879,TXN_1992966,Smoothie,5.0,4.0,20.0,Digital Wallet,In-store,2023-08-09,Summer
880,TXN_2179458,Coffee,1.0,3.0,3.0,Cash,In-store,2023-10-23,Autumn
881,TXN_5648512,Coffee,4.0,3.0,12.0,Digital Wallet,Takeaway,2023-01-30,Winter
882,TXN_8689416,Coffee,5.0,3.0,15.0,Digital Wallet,Takeaway,2023-03-19,Spring
883,TXN_1964555,Smoothie,2.0,4.0,8.0,Digital Wallet,Takeaway,2023-04-11,Spring
886,TXN_1794862,Coffee,2.0,3.0,6.0,Cash,Takeaway,2023-07-16,Summer
887,TXN_5780615,Smoothie,3.0,4.0,12.0,Cash,Takeaway,2023-12-24,Winter
888,TXN_2416816,Smoothie,5.0,4.0,20.0,Digital Wallet,In-store,2023-10-19,Autumn
889,TXN_8005682,Coffee,2.0,2.0,4.0,Credit Card,Takeaway,2023-03-16,Spring
890,TXN_1778707,Salad,5.0,5.0,25.0,Credit Card,Takeaway,2023-03-26,Spring
891,TXN_9959813,Smoothie,4.0,4.0,16.0,Digital Wallet,Takeaway,2023-09-05,Autumn
893,TXN_3110343,Tea,5.0,1.5,7.5,Digital Wallet,Takeaway,2023-06-24,Summer
894,TXN_7913451,Smoothie,5.0,4.0,20.0,Credit Card,Takeaway,2023-12-05,Winter
895,TXN_1901729,Coffee,2.0,3.0,6.0,Digital Wallet,Takeaway,2023-03-18,Spring
896,TXN_5934059,Coffee,4.0,3.0,12.0,Digital Wallet,Takeaway,2023-09-26,Autumn
898,TXN_2098878,Coffee,2.0,3.0,6.0,Digital Wallet,Takeaway,2023-08-19,Summer
899,TXN_9536472,Coffee,5.0,3.0,15.0,Digital Wallet,Takeaway,2023-11-12,Autumn
900,TXN_6696913,Coffee,4.0,3.0,12.0,Digital Wallet,Takeaway,2023-10-22,Autumn
901,TXN_9561832,Smoothie,3.0,4.0,12.0,Digital Wallet,Takeaway,2023-10-29,Autumn
902,TXN_8888153,Coffee,5.0,2.0,10.0,Digital Wallet,Takeaway,2023-12-16,Winter
903,TXN_3790025,Smoothie,1.0,4.0,4.0,Cash,Takeaway,2023-10-07,Autumn
904,TXN_2820693,Salad,3.0,5.0,15.0,Cash,Takeaway,2023-05-05,Spring
905,TXN_5661147,Coffee,1.0,3.0,3.0,Digital Wallet,Takeaway,2023-11-06,Autumn
906,TXN_3746260,Smoothie,5.0,4.0,20.0,Digital Wallet,Takeaway,2023-08-26,Summer
907,TXN_7805035,Smoothie,3.0,4.0,12.0,Digital Wallet,In-store,2023-05-18,Spring
908,TXN_2058243,Smoothie,5.0,4.0,20.0,Digital Wallet,Takeaway,2023-03-19,Spring
909,TXN_5710748,Salad,1.0,5.0,5.0,Digital Wallet,Takeaway,2023-10-31,Autumn
910,TXN_3725837,Coffee,5.0,2.0,10.0,Cash,In-store,2023-10-22,Autumn
911,TXN_5132327,Smoothie,5.0,4.0,20.0,Cash,Takeaway,2023-01-25,Winter
913,TXN_4594922,Salad,2.0,5.0,10.0,Credit Card,Takeaway,2023-06-19,Summer
914,TXN_5163686,Salad,5.0,5.0,25.0,Credit Card,In-store,2023-05-29,Spring
915,TXN_5445318,Cookie,1.0,1.0,1.0,Digital Wallet,Takeaway,2023-02-16,Winter
916,TXN_2391446,Smoothie,3.0,4.0,12.0,Digital Wallet,In-store,2023-12-06,Winter
917,TXN_2826603,Salad,2.0,5.0,10.0,Digital Wallet,Takeaway,2023-06-22,Summer
918,TXN_3489940,Cookie,3.0,1.0,3.0,Credit Card,Takeaway,2023-12-15,Winter
919,TXN_2526667,Coffee,3.0,3.0,9.0,Digital Wallet,In-store,2023-06-10,Summer
920,TXN_3760598,Coffee,3.0,3.0,9.0,Digital Wallet,In-store,2023-10-24,Autumn
921,TXN_7679707,Tea,1.0,1.5,1.5,Credit Card,In-store,2023-07-22,Summer
922,TXN_3831364,Tea,1.0,1.5,1.5,Digital Wallet,Takeaway,2023-03-03,Spring
923,TXN_5038513,Cookie,2.0,1.0,2.0,Digital Wallet,Takeaway,2023-10-24,Autumn
924,TXN_5007619,Coffee,5.0,3.0,15.0,Credit Card,In-store,2023-07-05,Summer
925,TXN_5124870,Tea,1.0,1.5,1.5,Digital Wallet,Takeaway,2023-08-11,Summer
926,TXN_8229546,Smoothie,2.0,4.0,8.0,Cash,Takeaway,2023-10-16,Autumn
927,TXN_3173923,Cookie,2.0,1.0,2.0,Digital Wallet,Takeaway,2023-06-29,Summer
928,TXN_8460786,Coffee,1.0,2.0,2.0,Cash,Takeaway,2023-05-17,Spring
929,TXN_7078232,Coffee,5.0,3.0,15.0,Digital Wallet,Takeaway,2023-11-21,Autumn
931,TXN_9625287,Coffee,2.0,3.0,6.0,Cash,In-store,2023-07-08,Summer
933,TXN_4779440,Cookie,1.0,1.0,1.0,Digital Wallet,Takeaway,2023-07-12,Summer
934,TXN_7337979,Coffee,1.0,2.0,2.0,Digital Wallet,In-store,2023-05-27,Spring
935,TXN_1713098,Smoothie,4.0,4.0,16.0,Digital Wallet,Takeaway,2023-11-22,Autumn
936,TXN_5325729,Coffee,5.0,2.0,10.0,Digital Wallet,Takeaway,2023-05-04,Spring
937,TXN_5630457,Smoothie,1.0,4.0,4.0,Credit Card,Takeaway,2023-03-01,Spring
938,TXN_4167859,Coffee,5.0,2.0,10.0,Digital Wallet,Takeaway,2023-08-17,Summer
939,TXN_4487966,Coffee,3.0,3.0,9.0,Cash,In-store,2023-08-10,Summer
940,TXN_1122140,Smoothie,4.0,4.0,16.0,Cash,Takeaway,2023-06-19,Summer
941,TXN_7484682,Coffee,1.0,3.0,3.0,Cash,Takeaway,2023-12-28,Winter
942,TXN_5182042,Smoothie,4.0,4.0,16.0,Digital Wallet,Takeaway,2023-02-25,Winter
943,TXN_4040989,Smoothie,1.0,4.0,4.0,Digital Wallet,Takeaway,2023-03-02,Spring
944,TXN_2190793,Cookie,4.0,1.0,4.0,Credit Card,Takeaway,2023-07-29,Summer
945,TXN_3663712,Tea,4.0,1.5,6.0,Digital Wallet,Takeaway,2023-09-22,Autumn
946,TXN_9140598,Coffee,1.0,3.0,3.0,Digital Wallet,Takeaway,2023-07-10,Summer
947,TXN_5657259,Tea,2.0,1.5,3.0,Digital Wallet,In-store,2023-03-03,Spring
949,TXN_5601300,Coffee,2.0,2.0,4.0,Digital Wallet,Takeaway,2023-02-24,Winter
950,TXN_9904662,Smoothie,1.0,4.0,4.0,Digital Wallet,In-store,2023-11-19,Autumn
951,TXN_3696194,Salad,2.0,5.0,10.0,Credit Card,In-store,2023-11-27,Autumn
952,TXN_2964638,Salad,2.0,5.0,10.0,Digital Wallet,In-store,2023-09-28,Autumn
953,TXN_8336656,Salad,5.0,5.0,25.0,Cash,Takeaway,2023-12-02,Winter
954,TXN_2024121,Coffee,5.0,3.0,15.0,Digital Wallet,In-store,2023-11-06,Autumn
955,TXN_6287890,Tea,5.0,1.5,7.5,Credit Card,Takeaway,2023-02-07,Winter
956,TXN_4712887,Tea,5.0,1.5,7.5,Credit Card,Takeaway,2023-01-04,Winter
957,TXN_4336892,Cookie,2.0,1.0,2.0,Digital Wallet,In-store,2023-06-04,Summer
958,TXN_5447694,Smoothie,1.0,4.0,4.0,Digital Wallet,In-store,2023-11-18,Autumn
959,TXN_2492058,Smoothie,5.0,4.0,20.0,Cash,Takeaway,2023-09-22,Autumn
960,TXN_3439712,Coffee,4.0,3.0,12.0,Digital Wallet,In-store,2023-04-04,Spring
961,TXN_5350401,Smoothie,2.0,4.0,8.0,Digital Wallet,In-store,2023-10-28,Autumn
962,TXN_8999006,Smoothie,1.0,4.0,4.0,Cash,Takeaway,2023-02-07,Winter
963,TXN_8514689,Coffee,5.0,3.0,15.0,Digital Wallet,Takeaway,2023-04-15,Spring
964,TXN_1866028,Tea,5.0,1.5,7.5,Credit Card,Takeaway,2023-06-12,Summer
965,TXN_8379141,Salad,1.0,5.0,5.0,Digital Wallet,In-store,2023-10-01,Autumn
966,TXN_9152264,Coffee,1.0,3.0,3.0,Digital Wallet,Takeaway,2023-03-15,Spring
967,TXN_2287941,Cookie,1.0,1.0,1.0,Digital Wallet,Takeaway,2023-09-22,Autumn
968,TXN_3794585,Smoothie,1.0,4.0,4.0,Credit Card,In-store,2023-02-10,Winter
969,TXN_3856427,Coffee,4.0,3.0,12.0,Digital Wallet,In-store,2023-03-25,Spring
970,TXN_9890874,Smoothie,5.0,4.0,20.0,Cash,In-store,2023-09-02,Autumn
971,TXN_3945716,Tea,2.0,1.5,3.0,Digital Wallet,Takeaway,2023-09-17,Autumn
972,TXN_6254003,Salad,2.0,5.0,10.0,Digital Wallet,Takeaway,2023-11-02,Autumn
973,TXN_3101575,Coffee,2.0,2.0,4.0,Digital Wallet,Takeaway,2023-12-03,Winter
975,TXN_6269119,Coffee,2.0,3.0,6.0,Digital Wallet,Takeaway,2023-07-19,Summer
976,TXN_6024625,Coffee,5.0,2.0,10.0,Digital Wallet,Takeaway,2023-09-13,Autumn
977,TXN_7470910,Salad,2.0,5.0,10.0,Cash,In-store,2023-11-22,Autumn
978,TXN_9911345,Cookie,1.0,1.0,1.0,Digital Wallet,Takeaway,2023-04-14,Spring
979,TXN_1116119,Smoothie,4.0,4.0,16.0,Digital Wallet,In-store,2023-08-07,Summer
980,TXN_3471223,Coffee,1.0,2.0,2.0,Digital Wallet,In-store,2023-10-08,Autumn
981,TXN_4491072,Smoothie,4.0,4.0,16.0,Credit Card,Takeaway,2023-12-03,Winter
982,TXN_2053993,Tea,2.0,1.5,3.0,Digital Wallet,Takeaway,2023-09-21,Autumn
983,TXN_9086709,Coffee,1.0,3.0,3.0,Digital Wallet,In-store,2023-05-04,Spring
984,TXN_1646009,Salad,4.0,5.0,20.0,Credit Card,Takeaway,2023-10-11,Autumn
985,TXN_8692653,Coffee,2.0,3.0,6.0,Cash,Takeaway,2023-11-01,Autumn
986,TXN_5021925,Tea,4.0,1.5,6.0,Cash,In-store,2023-05-07,Spring
987,TXN_1104849,Smoothie,4.0,4.0,16.0,Digital Wallet,Takeaway,2023-07-05,Summer
989,TXN_7764154,Salad,2.0,5.0,10.0,Credit Card,Takeaway,2023-12-09,Winter
990,TXN_5410185,Coffee,3.0,3.0,9.0,Digital Wallet,In-store,2023-02-22,Winter
991,TXN_5651348,Salad,3.0,5.0,15.0,Cash,Takeaway,2023-11-04,Autumn
992,TXN_2178735,Coffee,3.0,3.0,9.0,Credit Card,Takeaway,2023-07-24,Summer
993,TXN_4125165,Coffee,5.0,2.0,10.0,Cash,Takeaway,2023-04-16,Spring
994,TXN_5014959,Cookie,2.0,1.0,2.0,Credit Card,In-store,2023-11-28,Autumn
995,TXN_8811565,Coffee,5.0,3.0,15.0,Credit Card,Takeaway,2023-10-01,Autumn
996,TXN_9868382,Coffee,2.0,2.0,4.0,Digital Wallet,Takeaway,2023-06-02,Summer
997,TXN_2924611,Coffee,3.0,3.0,9.0,Cash,Takeaway,2023-04-19,Spring
998,TXN_7063124,Coffee,1.0,3.0,3.0,Digital Wallet,Takeaway,2023-04-10,Spring
999,TXN_2291079,Coffee,1.0,2.0,2.0,Cash,Takeaway,2023-10-07,Autumn
1000,TXN_5348445,Salad,5.0,5.0,25.0,Digital Wallet,In-store,2023-11-15,Autumn
1001,TXN_8920751,Tea,2.0,1.5,3.0,Digital Wallet,Takeaway,2023-04-20,Spring
1002,TXN_7215985,Tea,4.0,1.5,6.0,Credit Card,In-store,2023-08-07,Summer
1003,TXN_7448296,Cookie,1.0,1.0,1.0,Credit Card,In-store,2023-11-15,Autumn
1004,TXN_2625324,Coffee,1.0,2.0,2.0,Digital Wallet,Takeaway,2023-09-02,Autumn
1005,TXN_3542902,Smoothie,1.0,4.0,4.0,Digital Wallet,In-store,2023-06-10,Summer
1006,TXN_1494608,Tea,3.0,1.5,4.5,Credit Card,In-store,2023-05-07,Spring
1007,TXN_7615147,Smoothie,4.0,4.0,16.0,Cash,In-store,2023-05-19,Spring
1009,TXN_3426892,Salad,4.0,5.0,20.0,Credit Card,Takeaway,2023-05-23,Spring
1010,TXN_5892508,Smoothie,1.0,4.0,4.0,Credit Card,Takeaway,2023-03-21,Spring
1011,TXN_5546684,Coffee,1.0,2.0,2.0,Credit Card,In-store,2023-10-02,Autumn
1012,TXN_6846047,Salad,1.0,5.0,5.0,Digital Wallet,Takeaway,2023-04-02,Spring
1013,TXN_5373527,Smoothie,2.0,4.0,8.0,Digital Wallet,Takeaway,2023-06-26,Summer
1014,TXN_6402128,Smoothie,4.0,4.0,16.0,Digital Wallet,In-store,2023-11-09,Autumn
1015,TXN_5009706,Smoothie,2.0,4.0,8.0,Digital Wallet,In-store,2023-09-20,Autumn
1016,TXN_7223120,Coffee,1.0,3.0,3.0,Digital Wallet,Takeaway,2023-03-13,Spring
1017,TXN_1991104,Coffee,2.0,3.0,6.0,Digital Wallet,Takeaway,2023-11-29,Autumn
1018,TXN_3380698,Coffee,3.0,2.0,6.0,Credit Card,Takeaway,2023-12-15,Winter
1019,TXN_9084554,Smoothie,4.0,4.0,16.0,Credit Card,In-store,2023-06-08,Summer
1020,TXN_2996948,Smoothie,3.0,4.0,12.0,Digital Wallet,Takeaway,2023-06-25,Summer
1021,TXN_1148945,Coffee,1.0,2.0,2.0,Digital Wallet,Takeaway,2023-09-05,Autumn
1022,TXN_2078577,Tea,4.0,1.5,6.0,Credit Card,Takeaway,2023-01-31,Winter
1023,TXN_4007285,Smoothie,5.0,4.0,20.0,Digital Wallet,Takeaway,2023-01-16,Winter
1024,TXN_2336708,Coffee,2.0,3.0,6.0,Cash,In-store,2023-06-16,Summer
1025,TXN_1512118,Salad,4.0,5.0,20.0,Cash,In-store,2023-03-01,Spring
1026,TXN_6077816,Coffee,3.0,3.0,9.0,Credit Card,Takeaway,2023-09-26,Autumn
1027,TXN_5136936,Coffee,3.0,3.0,9.0,Cash,Takeaway,2023-08-24,Summer
1028,TXN_8623443,Salad,3.0,5.0,15.0,Credit Card,In-store,2023-09-04,Autumn
1029,TXN_5654490,Tea,4.0,1.5,6.0,Credit Card,Takeaway,2023-05-22,Spring
1030,TXN_4033888,Smoothie,2.0,4.0,8.0,Cash,In-store,2023-02-04,Winter
1031,TXN_4591512,Tea,2.0,1.5,3.0,Digital Wallet,Takeaway,2023-08-11,Summer
1032,TXN_6886495,Cookie,4.0,1.0,4.0,Cash,Takeaway,2023-08-07,Summer
1034,TXN_2153529,Cookie,1.0,1.0,1.0,Credit Card,Takeaway,2023-09-11,Autumn
1035,TXN_7880148,Coffee,3.0,3.0,9.0,Credit Card,Takeaway,2023-12-12,Winter
1036,TXN_3688181,Coffee,1.0,3.0,3.0,Digital Wallet,Takeaway,2023-08-23,Summer
1037,TXN_2482129,Coffee,1.0,3.0,3.0,Cash,Takeaway,2023-12-12,Winter
1038,TXN_4187420,Coffee,3.0,3.0,9.0,Digital Wallet,In-store,2023-01-31,Winter
1039,TXN_4146452,Smoothie,1.0,4.0,4.0,Digital Wallet,Takeaway,2023-05-31,Spring
1040,TXN_9553579,Coffee,2.0,3.0,6.0,Credit Card,In-store,2023-10-03,Autumn
1041,TXN_3854285,Salad,3.0,5.0,15.0,Cash,Takeaway,2023-07-18,Summer
1042,TXN_5614488,Smoothie,1.0,4.0,4.0,Credit Card,Takeaway,2023-07-22,Summer
1043,TXN_6187083,Coffee,5.0,3.0,15.0,Digital Wallet,In-store,2023-06-02,Summer
1044,TXN_1521486,Salad,4.0,5.0,20.0,Digital Wallet,Takeaway,2023-01-28,Winter
1045,TXN_6868182,Smoothie,5.0,4.0,20.0,Credit Card,Takeaway,2023-01-02,Winter
1046,TXN_6035534,Salad,4.0,5.0,20.0,Credit Card,In-store,2023-12-18,Winter
1048,TXN_7670743,Salad,4.0,5.0,20.0,Digital Wallet,In-store,2023-04-28,Spring
1049,TXN_7201724,Salad,1.0,5.0,5.0,Cash,Takeaway,2023-03-20,Spring
1050,TXN_2881199,Smoothie,1.0,4.0,4.0,Digital Wallet,Takeaway,2023-03-05,Spring
1051,TXN_3616362,Smoothie,5.0,4.0,20.0,Digital Wallet,In-store,2023-12-02,Winter
1052,TXN_6113876,Coffee,3.0,3.0,9.0,Cash,In-store,2023-03-01,Spring
1053,TXN_6007079,Cookie,2.0,1.0,2.0,Credit Card,In-store,2023-10-09,Autumn
1054,TXN_3163383,Tea,2.0,1.5,3.0,Digital Wallet,In-store,2023-10-24,Autumn
1055,TXN_1413304,Salad,5.0,5.0,25.0,Digital Wallet,Takeaway,2023-03-17,Spring
1056,TXN_4907812,Smoothie,2.0,4.0,8.0,Digital Wallet,In-store,2023-08-11,Summer
1057,TXN_7894514,Coffee,1.0,3.0,3.0,Digital Wallet,Takeaway,2023-09-25,Autumn
1058,TXN_6450138,Coffee,1.0,3.0,3.0,Credit Card,Takeaway,2023-04-13,Spring
1059,TXN_9874588,Smoothie,2.0,4.0,8.0,Digital Wallet,Takeaway,2023-06-04,Summer
1060,TXN_6732989,Salad,2.0,5.0,10.0,Credit Card,Takeaway,2023-04-29,Spring
1061,TXN_5442610,Coffee,2.0,3.0,6.0,Digital Wallet,Takeaway,2023-12-10,Winter
1062,TXN_2155368,Cookie,2.0,1.0,2.0,Digital Wallet,Takeaway,2023-02-06,Winter
1063,TXN_5236892,Coffee,1.0,3.0,3.0,Digital Wallet,Takeaway,2023-03-09,Spring
1064,TXN_9328595,Tea,2.0,1.5,3.0,Cash,Takeaway,2023-10-24,Autumn
1065,TXN_1324930,Smoothie,5.0,4.0,20.0,Credit Card,Takeaway,2023-01-11,Winter
1066,TXN_6148397,Tea,4.0,1.5,6.0,Digital Wallet,In-store,2023-03-20,Spring
1067,TXN_8298711,Coffee,3.0,2.0,6.0,Digital Wallet,Takeaway,2023-01-26,Winter
1068,TXN_7085875,Coffee,3.0,3.0,9.0,Digital Wallet,In-store,2023-08-23,Summer
1069,TXN_3857768,Coffee,2.0,2.0,4.0,Credit Card,Takeaway,2023-01-04,Winter
1070,TXN_5474440,Coffee,2.0,3.0,6.0,Credit Card,Takeaway,2023-11-08,Autumn
1071,TXN_6057379,Salad,5.0,5.0,25.0,Credit Card,Takeaway,2023-03-18,Spring
1072,TXN_4637070,Tea,3.0,1.5,4.5,Credit Card,Takeaway,2023-06-13,Summer
1073,TXN_9313535,Cookie,1.0,1.0,1.0,Digital Wallet,Takeaway,2023-06-04,Summer
1074,TXN_8161873,Tea,1.0,1.5,1.5,Digital Wallet,Takeaway,2023-02-08,Winter
1075,TXN_5441196,Tea,1.0,1.5,1.5,Cash,Takeaway,2023-05-24,Spring
1076,TXN_9626053,Salad,1.0,5.0,5.0,Cash,Takeaway,2023-08-11,Summer
1077,TXN_7026504,Smoothie,5.0,4.0,20.0,Digital Wallet,Takeaway,2023-03-29,Spring
1078,TXN_4114843,Smoothie,2.0,4.0,8.0,Cash,Takeaway,2023-05-17,Spring
1079,TXN_6622954,Smoothie,2.0,4.0,8.0,Digital Wallet,In-store,2023-01-13,Winter
1080,TXN_5509088,Smoothie,3.0,4.0,12.0,Digital Wallet,Takeaway,2023-08-28,Summer
1081,TXN_5583534,Cookie,2.0,1.0,2.0,Cash,Takeaway,2023-10-31,Autumn
1082,TXN_1438257,Salad,4.0,5.0,20.0,Credit Card,Takeaway,2023-06-13,Summer
1083,TXN_6428593,Tea,5.0,1.5,7.5,Digital Wallet,Takeaway,2023-09-06,Autumn
1084,TXN_4257830,Cookie,5.0,1.0,5.0,Digital Wallet,In-store,2023-08-04,Summer
1085,TXN_8780340,Coffee,5.0,3.0,15.0,Credit Card,Takeaway,2023-08-29,Summer
1086,TXN_5801294,Salad,1.0,5.0,5.0,Digital Wallet,Takeaway,2023-10-20,Autumn
1087,TXN_4315988,Salad,2.0,5.0,10.0,Cash,Takeaway,2023-04-12,Spring
1088,TXN_3963927,Smoothie,4.0,4.0,16.0,Credit Card,In-store,2023-01-03,Winter
1089,TXN_2906443,Coffee,4.0,3.0,12.0,Digital Wallet,Takeaway,2023-08-14,Summer
1090,TXN_2660295,Cookie,3.0,1.0,3.0,Digital Wallet,Takeaway,2023-12-06,Winter
1091,TXN_7023528,Tea,5.0,1.5,7.5,Cash,In-store,2023-10-28,Autumn
1092,TXN_5419862,Coffee,5.0,3.0,15.0,Digital Wallet,Takeaway,2023-05-29,Spring
1093,TXN_9124680,Cookie,2.0,1.0,2.0,Cash,Takeaway,2023-10-03,Autumn
1094,TXN_7853635,Salad,3.0,5.0,15.0,Digital Wallet,Takeaway,2023-02-16,Winter
1095,TXN_2009893,Smoothie,3.0,4.0,12.0,Digital Wallet,Takeaway,2023-12-06,Winter
1096,TXN_3516263,Coffee,2.0,3.0,6.0,Digital Wallet,In-store,2023-09-23,Autumn
1097,TXN_1591640,Coffee,2.0,3.0,6.0,Cash,In-store,2023-05-26,Spring
1098,TXN_9358958,Smoothie,1.0,4.0,4.0,Digital Wallet,Takeaway,2023-05-08,Spring
1099,TXN_3008336,Smoothie,5.0,4.0,20.0,Credit Card,Takeaway,2023-07-27,Summer
1100,TXN_7401710,Smoothie,5.0,4.0,20.0,Cash,Takeaway,2023-10-24,Autumn
1101,TXN_2176727,Tea,1.0,1.5,1.5,Digital Wallet,Takeaway,2023-07-26,Summer
1102,TXN_5595717,Coffee,2.0,3.0,6.0,Digital Wallet,Takeaway,2023-06-16,Summer
1103,TXN_1697018,Coffee,4.0,3.0,12.0,Digital Wallet,In-store,2023-07-02,Summer
1104,TXN_1910957,Tea,5.0,1.5,7.5,Digital Wallet,Takeaway,2023-07-25,Summer
1105,TXN_2667225,Salad,2.0,5.0,10.0,Cash,In-store,2023-11-21,Autumn
1106,TXN_3152531,Coffee,3.0,2.0,6.0,Credit Card,Takeaway,2023-11-24,Autumn
1107,TXN_8605958,Smoothie,5.0,4.0,20.0,Cash,Takeaway,2023-06-09,Summer
1108,TXN_5033045,Salad,3.0,5.0,15.0,Digital Wallet,Takeaway,2023-04-21,Spring
1109,TXN_7527249,Tea,3.0,1.5,4.5,Digital Wallet,Takeaway,2023-03-29,Spring
1110,TXN_9159212,Smoothie,3.0,4.0,12.0,Digital Wallet,Takeaway,2023-01-12,Winter
1111,TXN_6881523,Coffee,5.0,3.0,15.0,Digital Wallet,Takeaway,2023-02-24,Winter
1112,TXN_9725369,Coffee,3.0,2.0,6.0,Digital Wallet,Takeaway,2023-02-10,Winter
1113,TXN_3282436,Salad,5.0,5.0,25.0,Credit Card,In-store,2023-12-14,Winter
1114,TXN_4206256,Smoothie,3.0,4.0,12.0,Digital Wallet,Takeaway,2023-10-10,Autumn
1115,TXN_8465274,Coffee,3.0,3.0,9.0,Digital Wallet,Takeaway,2023-02-01,Winter
1116,TXN_1286779,Smoothie,4.0,4.0,16.0,Credit Card,Takeaway,2023-04-13,Spring
1117,TXN_7216922,Coffee,5.0,3.0,15.0,Digital Wallet,Takeaway,2023-06-26,Summer
1118,TXN_8330446,Smoothie,3.0,4.0,12.0,Credit Card,In-store,2023-08-06,Summer
1119,TXN_1282260,Smoothie,5.0,4.0,20.0,Digital Wallet,Takeaway,2023-07-21,Summer
1121,TXN_9769410,Salad,1.0,5.0,5.0,Cash,In-store,2023-07-22,Summer
1123,TXN_3865224,Coffee,3.0,2.0,6.0,Digital Wallet,Takeaway,2023-07-25,Summer
1124,TXN_8135614,Coffee,2.0,3.0,6.0,Digital Wallet,Takeaway,2023-01-28,Winter
1125,TXN_9603131,Smoothie,5.0,4.0,20.0,Digital Wallet,Takeaway,2023-08-19,Summer
1126,TXN_1437083,Smoothie,2.0,4.0,8.0,Credit Card,In-store,2023-03-15,Spring
1127,TXN_2955040,Coffee,5.0,3.0,15.0,Digital Wallet,Takeaway,2023-03-21,Spring
1128,TXN_2413626,Coffee,1.0,3.0,3.0,Credit Card,Takeaway,2023-11-06,Autumn
1130,TXN_3392848,Coffee,2.0,3.0,6.0,Cash,In-store,2023-04-03,Spring
1131,TXN_7027905,Smoothie,1.0,4.0,4.0,Credit Card,In-store,2023-07-17,Summer
1132,TXN_8808034,Smoothie,2.0,4.0,8.0,Cash,In-store,2023-08-09,Summer
1133,TXN_1663113,Smoothie,4.0,4.0,16.0,Credit Card,Takeaway,2023-12-24,Winter
1134,TXN_1544070,Coffee,5.0,2.0,10.0,Digital Wallet,Takeaway,2023-09-05,Autumn
1135,TXN_6189334,Smoothie,1.0,4.0,4.0,Cash,In-store,2023-01-12,Winter
1138,TXN_3803732,Salad,4.0,5.0,20.0,Digital Wallet,Takeaway,2023-01-08,Winter
1139,TXN_3410971,Smoothie,1.0,4.0,4.0,Digital Wallet,Takeaway,2023-01-02,Winter
1140,TXN_6467618,Tea,3.0,1.5,4.5,Digital Wallet,Takeaway,2023-10-12,Autumn
1141,TXN_6908287,Cookie,1.0,1.0,1.0,Cash,In-store,2023-08-04,Summer
1142,TXN_2726700,Tea,2.0,1.5,3.0,Digital Wallet,Takeaway,2023-04-10,Spring
1143,TXN_1803889,Salad,4.0,5.0,20.0,Digital Wallet,Takeaway,2023-06-23,Summer
1144,TXN_6829707,Smoothie,1.0,4.0,4.0,Cash,Takeaway,2023-08-17,Summer
1145,TXN_7303706,Coffee,2.0,2.0,4.0,Cash,In-store,2023-12-14,Winter
1146,TXN_1730647,Coffee,5.0,3.0,15.0,Digital Wallet,In-store,2023-01-18,Winter
1147,TXN_9691018,Smoothie,2.0,4.0,8.0,Digital Wallet,Takeaway,2023-07-21,Summer
1148,TXN_5480564,Salad,3.0,5.0,15.0,Digital Wallet,Takeaway,2023-05-28,Spring
1149,TXN_4090904,Tea,5.0,1.5,7.5,Digital Wallet,In-store,2023-08-04,Summer
1150,TXN_9138791,Coffee,1.0,3.0,3.0,Digital Wallet,In-store,2023-03-22,Spring
1151,TXN_2367947,Smoothie,5.0,4.0,20.0,Digital Wallet,Takeaway,2023-05-13,Spring
1152,TXN_4936135,Coffee,4.0,2.0,8.0,Cash,In-store,2023-12-08,Winter
1153,TXN_5311015,Smoothie,3.0,4.0,12.0,Digital Wallet,Takeaway,2023-05-11,Spring
1154,TXN_2473090,Tea,2.0,1.5,3.0,Credit Card,In-store,2023-03-03,Spring
1155,TXN_8808631,Smoothie,5.0,4.0,20.0,Digital Wallet,Takeaway,2023-03-26,Spring
1156,TXN_8703212,Coffee,2.0,2.0,4.0,Credit Card,Takeaway,2023-04-17,Spring
1157,TXN_7732920,Smoothie,5.0,4.0,20.0,Cash,Takeaway,2023-02-11,Winter
1158,TXN_4496665,Smoothie,2.0,4.0,8.0,Digital Wallet,Takeaway,2023-12-10,Winter
1159,TXN_5041555,Tea,4.0,1.5,6.0,Digital Wallet,Takeaway,2023-08-26,Summer
1160,TXN_6816094,Tea,4.0,1.5,6.0,Digital Wallet,In-store,2023-12-30,Winter
1161,TXN_8209794,Coffee,5.0,2.0,10.0,Credit Card,Takeaway,2023-10-25,Autumn
1162,TXN_4135454,Smoothie,4.0,4.0,16.0,Digital Wallet,In-store,2023-07-23,Summer
1164,TXN_2761542,Cookie,4.0,1.0,4.0,Digital Wallet,Takeaway,2023-10-15,Autumn
1165,TXN_7948095,Salad,5.0,5.0,25.0,Digital Wallet,Takeaway,2023-07-18,Summer
1166,TXN_3330687,Coffee,5.0,3.0,15.0,Cash,In-store,2023-12-26,Winter
1167,TXN_9822317,Tea,3.0,1.5,4.5,Cash,In-store,2023-09-25,Autumn
1168,TXN_6243479,Smoothie,5.0,4.0,20.0,Digital Wallet,Takeaway,2023-09-18,Autumn
1169,TXN_9296807,Coffee,3.0,2.0,6.0,Credit Card,Takeaway,2023-12-20,Winter
1171,TXN_5354746,Coffee,4.0,2.0,8.0,Digital Wallet,Takeaway,2023-03-06,Spring
1172,TXN_1235969,Cookie,1.0,1.0,1.0,Digital Wallet,Takeaway,2023-07-08,Summer
1173,TXN_4240796,Coffee,4.0,3.0,12.0,Digital Wallet,Takeaway,2023-03-28,Spring
1174,TXN_3736798,Coffee,4.0,2.0,8.0,Digital Wallet,In-store,2023-07-01,Summer
1176,TXN_8118419,Coffee,3.0,3.0,9.0,Digital Wallet,Takeaway,2023-12-03,Winter
1177,TXN_3089814,Coffee,5.0,3.0,15.0,Digital Wallet,Takeaway,2023-03-25,Spring
1178,TXN_6719521,Salad,5.0,5.0,25.0,Cash,In-store,2023-08-03,Summer
1179,TXN_6530795,Cookie,1.0,1.0,1.0,Credit Card,Takeaway,2023-04-30,Spring
1180,TXN_4176373,Cookie,3.0,1.0,3.0,Cash,Takeaway,2023-03-28,Spring
1181,TXN_7230500,Coffee,3.0,3.0,9.0,Credit Card,Takeaway,2023-12-12,Winter
1182,TXN_7094898,Salad,4.0,5.0,20.0,Digital Wallet,Takeaway,2023-06-20,Summer
1183,TXN_2400518,Coffee,3.0,3.0,9.0,Credit Card,Takeaway,2023-02-04,Winter
1184,TXN_5349288,Coffee,4.0,2.0,8.0,Digital Wallet,Takeaway,2023-11-20,Autumn
1185,TXN_6806290,Salad,3.0,5.0,15.0,Digital Wallet,Takeaway,2023-05-02,Spring
1186,TXN_6191123,Cookie,2.0,1.0,2.0,Digital Wallet,Takeaway,2023-03-01,Spring
1187,TXN_5386752,Salad,4.0,5.0,20.0,Digital Wallet,In-store,2023-12-07,Winter
1188,TXN_1022523,Salad,4.0,5.0,20.0,Cash,In-store,2023-11-25,Autumn
1189,TXN_3125997,Coffee,4.0,3.0,12.0,Digital Wallet,Takeaway,2023-10-19,Autumn
1190,TXN_9906002,Smoothie,3.0,4.0,12.0,Digital Wallet,In-store,2023-07-13,Summer
1191,TXN_6202015,Cookie,2.0,1.0,2.0,Credit Card,Takeaway,2023-08-22,Summer
1192,TXN_6928137,Coffee,3.0,3.0,9.0,Digital Wallet,In-store,2023-10-11,Autumn
1193,TXN_3003809,Coffee,4.0,2.0,8.0,Cash,Takeaway,2023-04-21,Spring
1194,TXN_5913013,Cookie,2.0,1.0,2.0,Credit Card,Takeaway,2023-11-29,Autumn
1195,TXN_7433269,Tea,1.0,1.5,1.5,Cash,In-store,2023-05-18,Spring
1196,TXN_3103972,Coffee,1.0,3.0,3.0,Digital Wallet,Takeaway,2023-03-01,Spring
1197,TXN_9081115,Coffee,3.0,3.0,9.0,Digital Wallet,Takeaway,2023-12-04,Winter
1198,TXN_1054915,Cookie,5.0,1.0,5.0,Digital Wallet,In-store,2023-01-22,Winter
1199,TXN_2633600,Salad,5.0,5.0,25.0,Cash,Takeaway,2023-11-28,Autumn
1200,TXN_4631695,Cookie,5.0,1.0,5.0,Digital Wallet,In-store,2023-11-18,Autumn
1201,TXN_3121271,Smoothie,2.0,4.0,8.0,Credit Card,Takeaway,2023-08-13,Summer
1202,TXN_4613883,Tea,1.0,1.5,1.5,Cash,Takeaway,2023-05-21,Spring
1203,TXN_2766651,Coffee,3.0,3.0,9.0,Digital Wallet,Takeaway,2023-05-11,Spring
1204,TXN_2166064,Coffee,4.0,2.0,8.0,Digital Wallet,In-store,2023-02-08,Winter
1205,TXN_4617771,Smoothie,4.0,4.0,16.0,Digital Wallet,Takeaway,2023-09-10,Autumn
1206,TXN_9444461,Smoothie,2.0,4.0,8.0,Digital Wallet,Takeaway,2023-05-28,Spring
1207,TXN_4723978,Cookie,2.0,1.0,2.0,Digital Wallet,Takeaway,2023-04-20,Spring
1208,TXN_1741325,Tea,2.0,1.5,3.0,Credit Card,In-store,2023-03-31,Spring
1209,TXN_9370294,Coffee,2.0,3.0,6.0,Credit Card,Takeaway,2023-04-23,Spring
1210,TXN_9983356,Smoothie,2.0,4.0,8.0,Digital Wallet,Takeaway,2023-09-20,Autumn
1211,TXN_8964527,Smoothie,4.0,4.0,16.0,Digital Wallet,Takeaway,2023-02-22,Winter
1213,TXN_3331437,Coffee,1.0,2.0,2.0,Cash,Takeaway,2023-02-26,Winter
1214,TXN_6313325,Cookie,5.0,1.0,5.0,Digital Wallet,Takeaway,2023-07-07,Summer
1215,TXN_9497634,Coffee,3.0,3.0,9.0,Cash,Takeaway,2023-07-20,Summer
1216,TXN_9408993,Smoothie,1.0,4.0,4.0,Digital Wallet,In-store,2023-08-19,Summer
1217,TXN_7810285,Coffee,4.0,3.0,12.0,Cash,Takeaway,2023-10-25,Autumn
1218,TXN_5322809,Coffee,2.0,3.0,6.0,Digital Wallet,Takeaway,2023-04-30,Spring
1219,TXN_1961595,Smoothie,5.0,4.0,20.0,Digital Wallet,In-store,2023-07-02,Summer
1220,TXN_1200795,Smoothie,1.0,4.0,4.0,Digital Wallet,In-store,2023-08-18,Summer
1221,TXN_8958073,Smoothie,1.0,4.0,4.0,Digital Wallet,Takeaway,2023-03-31,Spring
1222,TXN_4114503,Salad,5.0,5.0,25.0,Digital Wallet,Takeaway,2023-11-07,Autumn
1223,TXN_4179561,Cookie,2.0,1.0,2.0,Digital Wallet,In-store,2023-11-12,Autumn
1224,TXN_5669113,Smoothie,2.0,4.0,8.0,Digital Wallet,Takeaway,2023-03-19,Spring
1225,TXN_7574828,Coffee,2.0,2.0,4.0,Digital Wallet,In-store,2023-09-24,Autumn
1226,TXN_9056301,Cookie,2.0,1.0,2.0,Credit Card,Takeaway,2023-03-02,Spring
1227,TXN_8530924,Smoothie,2.0,4.0,8.0,Credit Card,Takeaway,2023-08-05,Summer
1228,TXN_1505947,Cookie,3.0,1.0,3.0,Cash,Takeaway,2023-11-21,Autumn
1229,TXN_2114258,Cookie,1.0,1.0,1.0,Digital Wallet,In-store,2023-12-04,Winter
1230,TXN_5965422,Coffee,2.0,2.0,4.0,Credit Card,Takeaway,2023-06-20,Summer
1231,TXN_6910030,Coffee,4.0,2.0,8.0,Digital Wallet,Takeaway,2023-07-09,Summer
1232,TXN_3713626,Smoothie,2.0,4.0,8.0,Cash,Takeaway,2023-12-24,Winter
1233,TXN_5753095,Smoothie,4.0,4.0,16.0,Digital Wallet,Takeaway,2023-06-25,Summer
1234,TXN_5538503,Smoothie,2.0,4.0,8.0,Digital Wallet,In-store,2023-09-05,Autumn
1235,TXN_7609781,Smoothie,3.0,4.0,12.0,Cash,In-store,2023-03-13,Spring
1236,TXN_8398059,Coffee,1.0,3.0,3.0,Cash,Takeaway,2023-10-15,Autumn
1237,TXN_3755379,Cookie,2.0,1.0,2.0,Digital Wallet,In-store,2023-11-19,Autumn
1238,TXN_6565955,Coffee,3.0,2.0,6.0,Digital Wallet,In-store,2023-12-29,Winter
1239,TXN_1792573,Smoothie,5.0,4.0,20.0,Cash,Takeaway,2023-12-07,Winter
1240,TXN_4812472,Coffee,2.0,3.0,6.0,Cash,Takeaway,2023-09-16,Autumn
1241,TXN_2923987,Coffee,4.0,2.0,8.0,Cash,Takeaway,2023-03-28,Spring
1243,TXN_5050993,Cookie,4.0,1.0,4.0,Digital Wallet,Takeaway,2023-02-06,Winter
1244,TXN_9991225,Coffee,5.0,3.0,15.0,Credit Card,Takeaway,2023-02-03,Winter
1245,TXN_8734476,Tea,1.0,1.5,1.5,Cash,Takeaway,2023-09-12,Autumn
1246,TXN_6471962,Smoothie,4.0,4.0,16.0,Cash,Takeaway,2023-09-21,Autumn
1247,TXN_1981602,Smoothie,4.0,4.0,16.0,Cash,Takeaway,2023-09-04,Autumn
1248,TXN_4792702,Smoothie,1.0,4.0,4.0,Cash,Takeaway,2023-06-28,Summer
1249,TXN_3572190,Coffee,5.0,2.0,10.0,Credit Card,Takeaway,2023-03-05,Spring
1250,TXN_6791398,Coffee,1.0,2.0,2.0,Credit Card,Takeaway,2023-12-17,Winter
1251,TXN_8361255,Coffee,3.0,3.0,9.0,Cash,Takeaway,2023-07-29,Summer
1252,TXN_1096690,Smoothie,5.0,4.0,20.0,Credit Card,Takeaway,2023-10-09,Autumn
1253,TXN_1371554,Smoothie,2.0,4.0,8.0,Digital Wallet,Takeaway,2023-05-19,Spring
1254,TXN_5080213,Coffee,1.0,2.0,2.0,Digital Wallet,Takeaway,2023-07-18,Summer
1256,TXN_5858988,Coffee,1.0,3.0,3.0,Credit Card,Takeaway,2023-06-24,Summer
1257,TXN_1476066,Smoothie,2.0,4.0,8.0,Digital Wallet,Takeaway,2023-10-19,Autumn
1258,TXN_6078834,Smoothie,1.0,4.0,4.0,Digital Wallet,Takeaway,2023-04-28,Spring
1259,TXN_7812601,Tea,2.0,1.5,3.0,Credit Card,Takeaway,2023-11-15,Autumn
1260,TXN_8186625,Cookie,1.0,1.0,1.0,Digital Wallet,Takeaway,2023-07-21,Summer
1261,TXN_3713976,Coffee,2.0,3.0,6.0,Digital Wallet,Takeaway,2023-11-06,Autumn
1262,TXN_2946829,Cookie,2.0,1.0,2.0,Digital Wallet,Takeaway,2023-02-08,Winter
1264,TXN_8750849,Coffee,2.0,3.0,6.0,Credit Card,Takeaway,2023-03-03,Spring
1265,TXN_2889344,Smoothie,3.0,4.0,12.0,Digital Wallet,In-store,2023-05-21,Spring
1266,TXN_4067814,Tea,5.0,1.5,7.5,Cash,Takeaway,2023-12-20,Winter
1267,TXN_2018654,Salad,1.0,5.0,5.0,Digital Wallet,Takeaway,2023-10-23,Autumn
1268,TXN_1973716,Salad,4.0,5.0,20.0,Credit Card,In-store,2023-01-21,Winter
1269,TXN_1105589,Coffee,5.0,2.0,10.0,Cash,Takeaway,2023-07-04,Summer
1270,TXN_3727374,Coffee,2.0,3.0,6.0,Digital Wallet,In-store,2023-04-10,Spring
1271,TXN_9155299,Coffee,3.0,3.0,9.0,Digital Wallet,Takeaway,2023-02-09,Winter
1272,TXN_1346936,Cookie,5.0,1.0,5.0,Digital Wallet,Takeaway,2023-10-10,Autumn
1273,TXN_2089778,Coffee,1.0,3.0,3.0,Digital Wallet,In-store,2023-06-12,Summer
1274,TXN_4896948,Coffee,4.0,3.0,12.0,Digital Wallet,Takeaway,2023-10-11,Autumn
1275,TXN_5375349,Coffee,1.0,2.0,2.0,Digital Wallet,Takeaway,2023-11-13,Autumn
1276,TXN_6206171,Coffee,1.0,3.0,3.0,Digital Wallet,Takeaway,2023-03-19,Spring
1277,TXN_9256387,Tea,5.0,1.5,7.5,Digital Wallet,Takeaway,2023-05-31,Spring
1278,TXN_6915192,Coffee,4.0,2.0,8.0,Digital Wallet,In-store,2023-12-09,Winter
1279,TXN_8908224,Coffee,4.0,2.0,8.0,Digital Wallet,Takeaway,2023-08-21,Summer
1280,TXN_4988665,Coffee,1.0,3.0,3.0,Digital Wallet,Takeaway,2023-12-16,Winter
1281,TXN_7740907,Smoothie,5.0,4.0,20.0,Digital Wallet,In-store,2023-02-11,Winter
1282,TXN_9596100,Coffee,4.0,3.0,12.0,Cash,Takeaway,2023-05-04,Spring
1283,TXN_5019407,Coffee,4.0,3.0,12.0,Credit Card,Takeaway,2023-04-17,Spring
1284,TXN_2482363,Tea,3.0,1.5,4.5,Cash,Takeaway,2023-08-06,Summer
1285,TXN_5412834,Smoothie,4.0,4.0,16.0,Cash,Takeaway,2023-07-13,Summer
1286,TXN_1389258,Salad,1.0,5.0,5.0,Cash,Takeaway,2023-12-31,Winter
1287,TXN_3223187,Coffee,2.0,2.0,4.0,Credit Card,Takeaway,2023-08-21,Summer
1288,TXN_9288207,Coffee,4.0,3.0,12.0,Digital Wallet,Takeaway,2023-05-16,Spring
1289,TXN_8300706,Salad,2.0,5.0,10.0,Digital Wallet,Takeaway,2023-12-23,Winter
1290,TXN_8076559,Coffee,5.0,3.0,15.0,Cash,Takeaway,2023-11-02,Autumn
1291,TXN_2749266,Smoothie,3.0,4.0,12.0,Digital Wallet,Takeaway,2023-02-06,Winter
1292,TXN_4310310,Coffee,3.0,3.0,9.0,Cash,Takeaway,2023-03-08,Spring
1293,TXN_5301689,Coffee,5.0,3.0,15.0,Digital Wallet,In-store,2023-04-11,Spring
1294,TXN_9971927,Smoothie,3.0,4.0,12.0,Digital Wallet,Takeaway,2023-08-07,Summer
1295,TXN_9143440,Coffee,4.0,2.0,8.0,Digital Wallet,Takeaway,2023-03-31,Spring
1296,TXN_6359777,Smoothie,5.0,4.0,20.0,Digital Wallet,Takeaway,2023-01-13,Winter
1297,TXN_2916209,Coffee,2.0,3.0,6.0,Digital Wallet,In-store,2023-04-15,Spring
1298,TXN_6411716,Coffee,4.0,3.0,12.0,Credit Card,In-store,2023-02-25,Winter
1299,TXN_7759607,Smoothie,1.0,4.0,4.0,Digital Wallet,Takeaway,2023-08-11,Summer
1300,TXN_8441057,Coffee,4.0,3.0,12.0,Credit Card,Takeaway,2023-11-04,Autumn
1301,TXN_8283691,Coffee,3.0,3.0,9.0,Digital Wallet,Takeaway,2023-01-25,Winter
1302,TXN_1154979,Coffee,3.0,2.0,6.0,Credit Card,In-store,2023-12-11,Winter
1303,TXN_4258949,Coffee,2.0,3.0,6.0,Digital Wallet,Takeaway,2023-03-07,Spring
1304,TXN_6129205,Smoothie,5.0,4.0,20.0,Cash,In-store,2023-07-20,Summer
1305,TXN_3444519,Cookie,4.0,1.0,4.0,Digital Wallet,Takeaway,2023-03-10,Spring
1306,TXN_6813508,Salad,1.0,5.0,5.0,Cash,Takeaway,2023-10-26,Autumn
1307,TXN_5540986,Coffee,3.0,3.0,9.0,Digital Wallet,Takeaway,2023-05-12,Spring
1308,TXN_4832513,Cookie,5.0,1.0,5.0,Credit Card,In-store,2023-06-05,Summer
1309,TXN_6202035,Tea,2.0,1.5,3.0,Digital Wallet,In-store,2023-09-06,Autumn
1310,TXN_4108120,Coffee,2.0,2.0,4.0,Digital Wallet,In-store,2023-06-14,Summer
1311,TXN_8466519,Cookie,1.0,1.0,1.0,Digital Wallet,Takeaway,2023-08-31,Summer
1312,TXN_5379385,Coffee,5.0,2.0,10.0,Credit Card,Takeaway,2023-02-21,Winter
1313,TXN_6782228,Coffee,4.0,2.0,8.0,Credit Card,Takeaway,2023-08-18,Summer
1314,TXN_7268366,Coffee,5.0,3.0,15.0,Digital Wallet,In-store,2023-12-14,Winter
1315,TXN_1180969,Cookie,1.0,1.0,1.0,Digital Wallet,In-store,2023-01-06,Winter
1316,TXN_3815345,Cookie,5.0,1.0,5.0,Cash,In-store,2023-09-16,Autumn
1317,TXN_7453213,Coffee,3.0,2.0,6.0,Digital Wallet,In-store,2023-10-27,Autumn
1318,TXN_9469533,Cookie,4.0,1.0,4.0,Cash,Takeaway,2023-05-22,Spring
1319,TXN_6492919,Coffee,3.0,3.0,9.0,Digital Wallet,Takeaway,2023-09-24,Autumn
1320,TXN_4356223,Salad,3.0,5.0,15.0,Digital Wallet,Takeaway,2023-11-23,Autumn
1321,TXN_7515082,Coffee,2.0,2.0,4.0,Digital Wallet,In-store,2023-10-21,Autumn
1322,TXN_7216161,Tea,4.0,1.5,6.0,Credit Card,Takeaway,2023-07-06,Summer
1323,TXN_2426782,Coffee,2.0,2.0,4.0,Credit Card,In-store,2023-11-04,Autumn
1324,TXN_3484520,Coffee,3.0,3.0,9.0,Credit Card,Takeaway,2023-08-15,Summer
1325,TXN_2806515,Smoothie,4.0,4.0,16.0,Digital Wallet,In-store,2023-12-31,Winter
1326,TXN_7198128,Coffee,2.0,3.0,6.0,Digital Wallet,In-store,2023-09-07,Autumn
1327,TXN_6717061,Salad,3.0,5.0,15.0,Credit Card,Takeaway,2023-08-07,Summer
1328,TXN_3562350,Coffee,2.0,2.0,4.0,Digital Wallet,Takeaway,2023-02-04,Winter
1329,TXN_1987977,Smoothie,2.0,4.0,8.0,Digital Wallet,Takeaway,2023-11-16,Autumn
1330,TXN_4250492,Salad,5.0,5.0,25.0,Digital Wallet,Takeaway,2023-09-29,Autumn
1331,TXN_2471972,Cookie,1.0,1.0,1.0,Cash,Takeaway,2023-04-08,Spring
1332,TXN_3060152,Coffee,5.0,3.0,15.0,Digital Wallet,Takeaway,2023-02-07,Winter
1333,TXN_4651514,Tea,2.0,1.5,3.0,Digital Wallet,In-store,2023-03-28,Spring
1334,TXN_6555617,Salad,2.0,5.0,10.0,Digital Wallet,Takeaway,2023-12-27,Winter
1335,TXN_7033977,Smoothie,4.0,4.0,16.0,Digital Wallet,Takeaway,2023-05-04,Spring
1336,TXN_6899834,Coffee,3.0,3.0,9.0,Credit Card,Takeaway,2023-01-27,Winter
1337,TXN_5031214,Cookie,5.0,1.0,5.0,Digital Wallet,Takeaway,2023-07-29,Summer
1338,TXN_3427950,Smoothie,5.0,4.0,20.0,Digital Wallet,In-store,2023-02-23,Winter
1339,TXN_8817239,Smoothie,5.0,4.0,20.0,Cash,In-store,2023-01-29,Winter
1340,TXN_8543211,Coffee,3.0,3.0,9.0,Digital Wallet,Takeaway,2023-11-30,Autumn
1341,TXN_7538570,Smoothie,4.0,4.0,16.0,Credit Card,Takeaway,2023-04-18,Spring
1342,TXN_8789116,Salad,5.0,5.0,25.0,Digital Wallet,Takeaway,2023-01-13,Winter
1343,TXN_8930109,Cookie,5.0,1.0,5.0,Digital Wallet,Takeaway,2023-05-17,Spring
1344,TXN_9799798,Coffee,5.0,2.0,10.0,Credit Card,Takeaway,2023-05-23,Spring
1345,TXN_8551432,Tea,4.0,1.5,6.0,Digital Wallet,Takeaway,2023-01-12,Winter
1346,TXN_8831813,Smoothie,5.0,4.0,20.0,Digital Wallet,Takeaway,2023-11-23,Autumn
1347,TXN_5067373,Cookie,3.0,1.0,3.0,Cash,Takeaway,2023-10-18,Autumn
1348,TXN_5755839,Smoothie,3.0,4.0,12.0,Credit Card,Takeaway,2023-12-19,Winter
1349,TXN_1681153,Coffee,3.0,3.0,9.0,Cash,Takeaway,2023-02-09,Winter
1350,TXN_4255503,Coffee,3.0,2.0,6.0,Digital Wallet,Takeaway,2023-11-19,Autumn
1351,TXN_6086709,Coffee,5.0,3.0,15.0,Digital Wallet,Takeaway,2023-07-07,Summer
1352,TXN_2385697,Coffee,1.0,2.0,2.0,Cash,Takeaway,2023-09-10,Autumn
1353,TXN_9151321,Smoothie,4.0,4.0,16.0,Cash,In-store,2023-01-05,Winter
1354,TXN_7369807,Coffee,4.0,2.0,8.0,Digital Wallet,In-store,2023-02-22,Winter
1355,TXN_1602799,Coffee,4.0,3.0,12.0,Digital Wallet,Takeaway,2023-03-23,Spring
1356,TXN_3336502,Smoothie,3.0,4.0,12.0,Credit Card,Takeaway,2023-05-04,Spring
1357,TXN_9579181,Smoothie,1.0,4.0,4.0,Digital Wallet,In-store,2023-05-24,Spring
1358,TXN_7391267,Coffee,3.0,3.0,9.0,Digital Wallet,In-store,2023-12-07,Winter
1359,TXN_1388606,Coffee,3.0,3.0,9.0,Digital Wallet,Takeaway,2023-08-31,Summer
1360,TXN_2336857,Coffee,3.0,3.0,9.0,Cash,In-store,2023-08-02,Summer
1361,TXN_9526867,Cookie,2.0,1.0,2.0,Digital Wallet,Takeaway,2023-10-21,Autumn
1362,TXN_4427348,Coffee,5.0,3.0,15.0,Cash,Takeaway,2023-12-22,Winter
1363,TXN_5901180,Cookie,3.0,1.0,3.0,Digital Wallet,Takeaway,2023-12-20,Winter
1364,TXN_4932018,Smoothie,4.0,4.0,16.0,Digital Wallet,Takeaway,2023-08-23,Summer
1365,TXN_3224921,Smoothie,5.0,4.0,20.0,Digital Wallet,In-store,2023-04-06,Spring
1366,TXN_5792655,Coffee,1.0,3.0,3.0,Digital Wallet,Takeaway,2023-12-21,Winter
1367,TXN_5566652,Coffee,5.0,3.0,15.0,Credit Card,Takeaway,2023-09-16,Autumn
1368,TXN_7782538,Coffee,2.0,3.0,6.0,Digital Wallet,Takeaway,2023-08-15,Summer
1369,TXN_7478389,Cookie,5.0,1.0,5.0,Digital Wallet,Takeaway,2023-10-13,Autumn
1370,TXN_6108428,Coffee,3.0,3.0,9.0,Digital Wallet,Takeaway,2023-05-08,Spring
1371,TXN_3615483,Smoothie,2.0,4.0,8.0,Digital Wallet,Takeaway,2023-09-08,Autumn
1372,TXN_6404763,Smoothie,5.0,4.0,20.0,Digital Wallet,Takeaway,2023-11-13,Autumn
1374,TXN_2269497,Coffee,5.0,2.0,10.0,Digital Wallet,Takeaway,2023-08-14,Summer
1375,TXN_8205107,Smoothie,4.0,4.0,16.0,Digital Wallet,Takeaway,2023-04-19,Spring
1376,TXN_5290522,Coffee,2.0,2.0,4.0,Credit Card,Takeaway,2023-02-16,Winter
1377,TXN_8396271,Cookie,2.0,1.0,2.0,Digital Wallet,Takeaway,2023-09-12,Autumn
1378,TXN_5153686,Coffee,5.0,2.0,10.0,Digital Wallet,Takeaway,2023-04-05,Spring
1380,TXN_4915908,Smoothie,5.0,4.0,20.0,Credit Card,In-store,2023-06-06,Summer
1381,TXN_7146613,Smoothie,1.0,4.0,4.0,Cash,Takeaway,2023-08-01,Summer
1382,TXN_8219519,Tea,5.0,1.5,7.5,Digital Wallet,Takeaway,2023-11-29,Autumn
1383,TXN_7867311,Smoothie,2.0,4.0,8.0,Digital Wallet,Takeaway,2023-07-17,Summer
1384,TXN_4798534,Salad,5.0,5.0,25.0,Digital Wallet,Takeaway,2023-07-23,Summer
1385,TXN_9844703,Tea,2.0,1.5,3.0,Digital Wallet,Takeaway,2023-05-18,Spring
1386,TXN_4147073,Coffee,4.0,3.0,12.0,Cash,Takeaway,2023-06-16,Summer
1387,TXN_4203585,Coffee,2.0,3.0,6.0,Digital Wallet,Takeaway,2023-09-03,Autumn
1388,TXN_7222483,Smoothie,5.0,4.0,20.0,Digital Wallet,Takeaway,2023-05-02,Spring
1389,TXN_9996968,Smoothie,1.0,4.0,4.0,Cash,In-store,2023-10-14,Autumn
1390,TXN_4472156,Cookie,1.0,1.0,1.0,Digital Wallet,In-store,2023-11-03,Autumn
1392,TXN_7043825,Coffee,2.0,3.0,6.0,Cash,Takeaway,2023-02-07,Winter
1393,TXN_2195630,Smoothie,5.0,4.0,20.0,Credit Card,Takeaway,2023-03-09,Spring
1394,TXN_2539318,Smoothie,4.0,4.0,16.0,Digital Wallet,Takeaway,2023-01-15,Winter
1395,TXN_5788769,Coffee,1.0,3.0,3.0,Cash,In-store,2023-07-19,Summer
1396,TXN_3628056,Coffee,4.0,3.0,12.0,Cash,In-store,2023-07-09,Summer
1397,TXN_5735731,Smoothie,2.0,4.0,8.0,Credit Card,Takeaway,2023-01-22,Winter
1398,TXN_2424930,Tea,5.0,1.5,7.5,Digital Wallet,Takeaway,2023-01-20,Winter
1399,TXN_5856820,Tea,2.0,1.5,3.0,Credit Card,Takeaway,2023-07-18,Summer
1400,TXN_3753993,Smoothie,5.0,4.0,20.0,Credit Card,Takeaway,2023-04-01,Spring
1401,TXN_3001647,Salad,1.0,5.0,5.0,Digital Wallet,Takeaway,2023-07-01,Summer
1402,TXN_9354616,Tea,4.0,1.5,6.0,Digital Wallet,Takeaway,2023-01-27,Winter
1403,TXN_3749365,Cookie,3.0,1.0,3.0,Cash,Takeaway,2023-01-19,Winter
1404,TXN_6900785,Coffee,1.0,3.0,3.0,Digital Wallet,Takeaway,2023-09-25,Autumn
1405,TXN_5775113,Salad,1.0,5.0,5.0,Digital Wallet,Takeaway,2023-10-23,Autumn
1406,TXN_5268203,Coffee,1.0,3.0,3.0,Credit Card,Takeaway,2023-03-04,Spring
1407,TXN_3483570,Smoothie,2.0,4.0,8.0,Digital Wallet,Takeaway,2023-03-21,Spring
1408,TXN_7406393,Tea,5.0,1.5,7.5,Credit Card,Takeaway,2023-06-18,Summer
1409,TXN_5226635,Cookie,4.0,1.0,4.0,Credit Card,Takeaway,2023-02-01,Winter
1410,TXN_5469063,Coffee,2.0,2.0,4.0,Digital Wallet,Takeaway,2023-02-24,Winter
1411,TXN_9278992,Smoothie,4.0,4.0,16.0,Cash,Takeaway,2023-12-15,Winter
1412,TXN_4369292,Coffee,1.0,3.0,3.0,Credit Card,Takeaway,2023-10-09,Autumn
1413,TXN_6011884,Tea,5.0,1.5,7.5,Digital Wallet,Takeaway,2023-12-25,Winter
1415,TXN_3912727,Tea,5.0,1.5,7.5,Digital Wallet,Takeaway,2023-04-13,Spring
1416,TXN_1951569,Salad,2.0,5.0,10.0,Digital Wallet,Takeaway,2023-02-27,Winter
1417,TXN_6983139,Salad,2.0,5.0,10.0,Credit Card,Takeaway,2023-12-18,Winter
1418,TXN_6787560,Coffee,3.0,3.0,9.0,Digital Wallet,Takeaway,2023-07-13,Summer
1419,TXN_5977414,Coffee,2.0,3.0,6.0,Credit Card,In-store,2023-08-06,Summer
1420,TXN_8517379,Coffee,4.0,3.0,12.0,Digital Wallet,Takeaway,2023-09-23,Autumn
1421,TXN_5485384,Smoothie,5.0,4.0,20.0,Digital Wallet,Takeaway,2023-03-04,Spring
1422,TXN_9285663,Cookie,4.0,1.0,4.0,Digital Wallet,Takeaway,2023-11-18,Autumn
1423,TXN_9074075,Coffee,5.0,3.0,15.0,Credit Card,Takeaway,2023-08-14,Summer
1424,TXN_8050034,Cookie,4.0,1.0,4.0,Digital Wallet,In-store,2023-07-29,Summer
1425,TXN_8842223,Smoothie,5.0,4.0,20.0,Digital Wallet,In-store,2023-01-01,Winter
1426,TXN_5121322,Smoothie,3.0,4.0,12.0,Digital Wallet,In-store,2023-12-17,Winter
1427,TXN_3091582,Smoothie,5.0,4.0,20.0,Digital Wallet,Takeaway,2023-11-28,Autumn
1428,TXN_8550184,Coffee,3.0,3.0,9.0,Digital Wallet,Takeaway,2023-04-05,Spring
1429,TXN_7604352,Coffee,3.0,2.0,6.0,Digital Wallet,Takeaway,2023-12-19,Winter
1430,TXN_6899248,Coffee,5.0,3.0,15.0,Digital Wallet,Takeaway,2023-12-13,Winter
1431,TXN_2773491,Salad,5.0,5.0,25.0,Cash,Takeaway,2023-11-14,Autumn
1432,TXN_3071617,Cookie,4.0,1.0,4.0,Credit Card,Takeaway,2023-12-15,Winter
1433,TXN_3712466,Coffee,5.0,3.0,15.0,Digital Wallet,Takeaway,2023-04-10,Spring
1434,TXN_3670298,Cookie,4.0,1.0,4.0,Credit Card,Takeaway,2023-02-04,Winter
1435,TXN_4901854,Cookie,5.0,1.0,5.0,Digital Wallet,Takeaway,2023-04-23,Spring
1437,TXN_6962242,Coffee,1.0,3.0,3.0,Digital Wallet,Takeaway,2023-06-30,Summer
1438,TXN_5780931,Tea,4.0,1.5,6.0,Digital Wallet,Takeaway,2023-10-06,Autumn
1439,TXN_4563679,Coffee,4.0,2.0,8.0,Digital Wallet,In-store,2023-09-11,Autumn
1440,TXN_6290642,Coffee,4.0,2.0,8.0,Digital Wallet,Takeaway,2023-12-23,Winter
1441,TXN_6177865,Coffee,5.0,3.0,15.0,Digital Wallet,Takeaway,2023-01-30,Winter
1442,TXN_8115752,Smoothie,2.0,4.0,8.0,Digital Wallet,Takeaway,2023-06-27,Summer
1443,TXN_9253398,Smoothie,2.0,4.0,8.0,Digital Wallet,Takeaway,2023-12-14,Winter
1444,TXN_3116227,Coffee,1.0,3.0,3.0,Digital Wallet,Takeaway,2023-05-30,Spring
1445,TXN_2494138,Cookie,3.0,1.0,3.0,Cash,Takeaway,2023-01-10,Winter
1446,TXN_4889269,Coffee,2.0,3.0,6.0,Cash,Takeaway,2023-02-19,Winter
1448,TXN_6105240,Coffee,5.0,3.0,15.0,Digital Wallet,In-store,2023-11-27,Autumn
1449,TXN_8808162,Smoothie,4.0,4.0,16.0,Digital Wallet,Takeaway,2023-05-07,Spring
1450,TXN_4548466,Tea,4.0,1.5,6.0,Credit Card,Takeaway,2023-11-30,Autumn
1451,TXN_3195257,Salad,1.0,5.0,5.0,Cash,Takeaway,2023-10-09,Autumn
1452,TXN_9835676,Cookie,2.0,1.0,2.0,Digital Wallet,Takeaway,2023-03-30,Spring
1453,TXN_9728454,Coffee,4.0,3.0,12.0,Digital Wallet,Takeaway,2023-01-03,Winter
1454,TXN_5907854,Coffee,3.0,3.0,9.0,Digital Wallet,In-store,2023-11-11,Autumn
1455,TXN_8685846,Tea,5.0,1.5,7.5,Credit Card,Takeaway,2023-12-27,Winter
1456,TXN_1726774,Salad,3.0,5.0,15.0,Digital Wallet,Takeaway,2023-11-16,Autumn
1457,TXN_2594430,Coffee,1.0,2.0,2.0,Digital Wallet,Takeaway,2023-05-18,Spring
1458,TXN_5750278,Salad,3.0,5.0,15.0,Cash,Takeaway,2023-06-08,Summer
1459,TXN_6714931,Coffee,3.0,3.0,9.0,Digital Wallet,Takeaway,2023-07-02,Summer
1460,TXN_5537740,Coffee,3.0,3.0,9.0,Credit Card,Takeaway,2023-04-30,Spring
1461,TXN_9433769,Coffee,4.0,3.0,12.0,Digital Wallet,Takeaway,2023-08-13,Summer
1462,TXN_5944206,Cookie,5.0,1.0,5.0,Digital Wallet,Takeaway,2023-05-12,Spring
1463,TXN_9212178,Coffee,1.0,3.0,3.0,Credit Card,Takeaway,2023-11-18,Autumn
1464,TXN_2915856,Tea,1.0,1.5,1.5,Digital Wallet,In-store,2023-06-19,Summer
1465,TXN_4376214,Salad,5.0,5.0,25.0,Digital Wallet,Takeaway,2023-04-26,Spring
1466,TXN_9201212,Smoothie,4.0,4.0,16.0,Digital Wallet,Takeaway,2023-06-08,Summer
1468,TXN_7055260,Smoothie,4.0,4.0,16.0,Digital Wallet,In-store,2023-06-20,Summer
1469,TXN_4773465,Coffee,5.0,2.0,10.0,Digital Wallet,Takeaway,2023-11-28,Autumn
1470,TXN_9087344,Tea,5.0,1.5,7.5,Cash,Takeaway,2023-07-29,Summer
1471,TXN_1757340,Coffee,2.0,3.0,6.0,Credit Card,In-store,2023-12-29,Winter
1472,TXN_9975321,Salad,2.0,5.0,10.0,Digital Wallet,Takeaway,2023-03-25,Spring
1474,TXN_1681216,Coffee,3.0,3.0,9.0,Digital Wallet,Takeaway,2023-03-23,Spring
1475,TXN_3835043,Coffee,2.0,3.0,6.0,Cash,Takeaway,2023-12-29,Winter
1476,TXN_8366002,Smoothie,2.0,4.0,8.0,Credit Card,Takeaway,2023-12-26,Winter
1477,TXN_9390740,Coffee,2.0,3.0,6.0,Cash,In-store,2023-12-06,Winter
1478,TXN_4928254,Coffee,1.0,3.0,3.0,Credit Card,Takeaway,2023-12-22,Winter
1479,TXN_5191642,Salad,5.0,5.0,25.0,Cash,Takeaway,2023-04-15,Spring
1480,TXN_9117434,Coffee,1.0,3.0,3.0,Digital Wallet,In-store,2023-07-18,Summer
1481,TXN_2820788,Cookie,5.0,1.0,5.0,Digital Wallet,Takeaway,2023-09-25,Autumn
1483,TXN_7531745,Coffee,2.0,3.0,6.0,Cash,Takeaway,2023-06-23,Summer
1484,TXN_1082421,Salad,1.0,5.0,5.0,Digital Wallet,In-store,2023-12-19,Winter
1485,TXN_2148444,Coffee,2.0,3.0,6.0,Cash,Takeaway,2023-11-27,Autumn
1486,TXN_5402385,Coffee,2.0,3.0,6.0,Cash,In-store,2023-06-18,Summer
1488,TXN_9277146,Coffee,5.0,3.0,15.0,Credit Card,Takeaway,2023-07-11,Summer
1489,TXN_9333347,Smoothie,5.0,4.0,20.0,Cash,Takeaway,2023-09-10,Autumn
1490,TXN_9127105,Coffee,3.0,3.0,9.0,Cash,Takeaway,2023-03-04,Spring
1491,TXN_1417724,Smoothie,2.0,4.0,8.0,Digital Wallet,Takeaway,2023-06-07,Summer
1492,TXN_6451377,Salad,5.0,5.0,25.0,Credit Card,Takeaway,2023-03-19,Spring
1493,TXN_2142961,Coffee,5.0,2.0,10.0,Credit Card,Takeaway,2023-09-21,Autumn
1494,TXN_5927884,Coffee,4.0,2.0,8.0,Digital Wallet,Takeaway,2023-12-21,Winter
1495,TXN_8588335,Salad,4.0,5.0,20.0,Credit Card,Takeaway,2023-09-04,Autumn
1496,TXN_6738350,Coffee,2.0,3.0,6.0,Digital Wallet,Takeaway,2023-11-02,Autumn
1497,TXN_5575561,Tea,4.0,1.5,6.0,Digital Wallet,Takeaway,2023-02-13,Winter
1498,TXN_1007347,Salad,4.0,5.0,20.0,Digital Wallet,In-store,2023-08-28,Summer
1499,TXN_8933459,Coffee,1.0,3.0,3.0,Digital Wallet,Takeaway,2023-12-31,Winter
1500,TXN_3678091,Coffee,3.0,3.0,9.0,Cash,Takeaway,2023-09-07,Autumn
1501,TXN_7692628,Tea,2.0,1.5,3.0,Cash,Takeaway,2023-05-01,Spring
1502,TXN_6731518,Cookie,1.0,1.0,1.0,Digital Wallet,Takeaway,2023-12-04,Winter
1503,TXN_3455702,Salad,1.0,5.0,5.0,Cash,Takeaway,2023-03-23,Spring
1504,TXN_7794561,Coffee,4.0,3.0,12.0,Credit Card,In-store,2023-05-18,Spring
1505,TXN_8908193,Smoothie,5.0,4.0,20.0,Cash,Takeaway,2023-04-02,Spring
1506,TXN_7688625,Coffee,1.0,2.0,2.0,Credit Card,In-store,2023-12-15,Winter
1507,TXN_7012065,Coffee,3.0,2.0,6.0,Digital Wallet,Takeaway,2023-08-05,Summer
1508,TXN_4323570,Cookie,1.0,1.0,1.0,Cash,Takeaway,2023-03-04,Spring
1509,TXN_8831924,Coffee,3.0,2.0,6.0,Digital Wallet,In-store,2023-07-12,Summer
1510,TXN_2865104,Coffee,5.0,3.0,15.0,Digital Wallet,In-store,2023-03-12,Spring
1511,TXN_1360998,Cookie,2.0,1.0,2.0,Cash,Takeaway,2023-07-30,Summer
1512,TXN_4125921,Coffee,5.0,3.0,15.0,Credit Card,Takeaway,2023-01-26,Winter
1513,TXN_4657842,Cookie,5.0,1.0,5.0,Cash,Takeaway,2023-09-29,Autumn
1514,TXN_8149585,Coffee,1.0,3.0,3.0,Credit Card,Takeaway,2023-02-21,Winter
1515,TXN_9047278,Tea,4.0,1.5,6.0,Credit Card,Takeaway,2023-06-20,Summer
1516,TXN_8666003,Smoothie,4.0,4.0,16.0,Digital Wallet,Takeaway,2023-06-09,Summer
1517,TXN_7606512,Cookie,5.0,1.0,5.0,Cash,Takeaway,2023-12-03,Winter
1518,TXN_1819615,Coffee,4.0,2.0,8.0,Digital Wallet,Takeaway,2023-06-03,Summer
1519,TXN_1931404,Coffee,5.0,3.0,15.0,Digital Wallet,In-store,2023-10-01,Autumn
1520,TXN_4516901,Tea,2.0,1.5,3.0,Credit Card,In-store,2023-09-05,Autumn
1521,TXN_6817795,Tea,1.0,1.5,1.5,Cash,Takeaway,2023-09-12,Autumn
1522,TXN_4643515,Smoothie,1.0,4.0,4.0,Digital Wallet,In-store,2023-10-03,Autumn
1523,TXN_9762385,Tea,3.0,1.5,4.5,Digital Wallet,Takeaway,2023-05-19,Spring
1524,TXN_6809170,Smoothie,4.0,4.0,16.0,Cash,Takeaway,2023-08-10,Summer
1525,TXN_7365744,Cookie,4.0,1.0,4.0,Cash,In-store,2023-08-20,Summer
1526,TXN_9847116,Salad,3.0,5.0,15.0,Cash,Takeaway,2023-07-28,Summer
1527,TXN_8356338,Salad,5.0,5.0,25.0,Credit Card,In-store,2023-08-06,Summer
1528,TXN_4413506,Coffee,4.0,3.0,12.0,Digital Wallet,In-store,2023-10-29,Autumn
1529,TXN_1057209,Cookie,5.0,1.0,5.0,Credit Card,In-store,2023-09-17,Autumn
1530,TXN_9534685,Salad,1.0,5.0,5.0,Digital Wallet,Takeaway,2023-04-27,Spring
1531,TXN_4893692,Salad,2.0,5.0,10.0,Digital Wallet,Takeaway,2023-01-02,Winter
1532,TXN_5680629,Coffee,2.0,3.0,6.0,Digital Wallet,Takeaway,2023-04-30,Spring
1533,TXN_2494194,Salad,5.0,5.0,25.0,Digital Wallet,Takeaway,2023-02-11,Winter
1535,TXN_4737392,Smoothie,2.0,4.0,8.0,Cash,In-store,2023-02-17,Winter
1536,TXN_9538738,Coffee,4.0,2.0,8.0,Cash,In-store,2023-09-25,Autumn
1537,TXN_1854102,Coffee,2.0,2.0,4.0,Digital Wallet,Takeaway,2023-07-18,Summer
1538,TXN_3109692,Coffee,4.0,3.0,12.0,Credit Card,In-store,2023-06-21,Summer
1539,TXN_5395229,Coffee,5.0,2.0,10.0,Cash,Takeaway,2023-11-29,Autumn
1540,TXN_8918902,Coffee,5.0,2.0,10.0,Digital Wallet,Takeaway,2023-05-22,Spring
1541,TXN_8837375,Smoothie,2.0,4.0,8.0,Digital Wallet,Takeaway,2023-11-21,Autumn
1542,TXN_3952218,Salad,5.0,5.0,25.0,Digital Wallet,Takeaway,2023-04-07,Spring
1543,TXN_3225552,Salad,1.0,5.0,5.0,Digital Wallet,In-store,2023-05-16,Spring
1544,TXN_7950226,Tea,1.0,1.5,1.5,Digital Wallet,In-store,2023-10-13,Autumn
1545,TXN_9086541,Salad,3.0,5.0,15.0,Cash,In-store,2023-02-15,Winter
1546,TXN_1817596,Tea,2.0,1.5,3.0,Digital Wallet,In-store,2023-11-04,Autumn
1547,TXN_7644786,Cookie,3.0,1.0,3.0,Credit Card,Takeaway,2023-01-20,Winter
1548,TXN_8017969,Coffee,1.0,3.0,3.0,Cash,Takeaway,2023-03-26,Spring
1549,TXN_6667388,Coffee,3.0,3.0,9.0,Cash,In-store,2023-08-14,Summer
1550,TXN_3488611,Tea,1.0,1.5,1.5,Cash,Takeaway,2023-02-13,Winter
1552,TXN_3109334,Smoothie,3.0,4.0,12.0,Digital Wallet,In-store,2023-04-06,Spring
1553,TXN_9425645,Coffee,3.0,3.0,9.0,Credit Card,Takeaway,2023-03-19,Spring
1554,TXN_2461238,Coffee,1.0,2.0,2.0,Digital Wallet,Takeaway,2023-01-29,Winter
1555,TXN_4692976,Coffee,1.0,3.0,3.0,Digital Wallet,Takeaway,2023-11-06,Autumn
1556,TXN_6747376,Smoothie,3.0,4.0,12.0,Digital Wallet,In-store,2023-11-20,Autumn
1557,TXN_3689335,Coffee,1.0,3.0,3.0,Digital Wallet,Takeaway,2023-12-11,Winter
1558,TXN_9662568,Tea,5.0,1.5,7.5,Cash,Takeaway,2023-10-30,Autumn
1560,TXN_5470087,Salad,2.0,5.0,10.0,Digital Wallet,Takeaway,2023-10-11,Autumn
1561,TXN_3717372,Coffee,2.0,3.0,6.0,Credit Card,Takeaway,2023-02-15,Winter
1562,TXN_6727985,Salad,5.0,5.0,25.0,Credit Card,In-store,2023-06-16,Summer
1563,TXN_1755661,Salad,5.0,5.0,25.0,Digital Wallet,In-store,2023-07-14,Summer
1564,TXN_9899571,Salad,2.0,5.0,10.0,Credit Card,Takeaway,2023-02-18,Winter
1565,TXN_5692316,Smoothie,1.0,4.0,4.0,Digital Wallet,Takeaway,2023-06-22,Summer
1566,TXN_2062269,Coffee,4.0,3.0,12.0,Digital Wallet,Takeaway,2023-09-08,Autumn
1567,TXN_2160316,Smoothie,1.0,4.0,4.0,Digital Wallet,In-store,2023-10-24,Autumn
1568,TXN_4220743,Smoothie,4.0,4.0,16.0,Digital Wallet,In-store,2023-10-22,Autumn
1569,TXN_2726843,Smoothie,1.0,4.0,4.0,Digital Wallet,In-store,2023-05-31,Spring
1570,TXN_9969283,Smoothie,3.0,4.0,12.0,Digital Wallet,Takeaway,2023-10-26,Autumn
1571,TXN_8540115,Tea,2.0,1.5,3.0,Digital Wallet,Takeaway,2023-06-26,Summer
1572,TXN_8313892,Salad,3.0,5.0,15.0,Credit Card,Takeaway,2023-11-29,Autumn
1573,TXN_3131761,Smoothie,1.0,4.0,4.0,Digital Wallet,Takeaway,2023-10-18,Autumn
1574,TXN_1243964,Tea,3.0,1.5,4.5,Digital Wallet,Takeaway,2023-12-01,Winter
1575,TXN_1856112,Salad,3.0,5.0,15.0,Credit Card,Takeaway,2023-06-08,Summer
1576,TXN_4532651,Coffee,2.0,2.0,4.0,Digital Wallet,In-store,2023-09-13,Autumn
1577,TXN_4083736,Coffee,1.0,2.0,2.0,Digital Wallet,In-store,2023-08-21,Summer
1578,TXN_4493176,Tea,3.0,1.5,4.5,Digital Wallet,Takeaway,2023-10-14,Autumn
1579,TXN_6712994,Coffee,3.0,2.0,6.0,Cash,Takeaway,2023-10-02,Autumn
1580,TXN_1840566,Coffee,4.0,2.0,8.0,Digital Wallet,Takeaway,2023-01-05,Winter
1581,TXN_6257776,Coffee,5.0,3.0,15.0,Cash,In-store,2023-10-28,Autumn
1582,TXN_9039165,Smoothie,4.0,4.0,16.0,Digital Wallet,Takeaway,2023-03-10,Spring
1584,TXN_3869150,Cookie,3.0,1.0,3.0,Cash,Takeaway,2023-03-26,Spring
1585,TXN_3604156,Coffee,5.0,2.0,10.0,Credit Card,Takeaway,2023-11-08,Autumn
1586,TXN_2018236,Coffee,5.0,2.0,10.0,Cash,Takeaway,2023-04-19,Spring
1587,TXN_4430176,Smoothie,4.0,4.0,16.0,Credit Card,Takeaway,2023-08-27,Summer
1588,TXN_6073195,Smoothie,3.0,4.0,12.0,Credit Card,Takeaway,2023-09-13,Autumn
1589,TXN_5245399,Coffee,5.0,2.0,10.0,Digital Wallet,Takeaway,2023-12-25,Winter
1590,TXN_4178872,Tea,1.0,1.5,1.5,Credit Card,Takeaway,2023-01-25,Winter
1591,TXN_8836650,Smoothie,5.0,4.0,20.0,Digital Wallet,Takeaway,2023-05-22,Spring
1592,TXN_5882584,Coffee,5.0,3.0,15.0,Digital Wallet,In-store,2023-09-16,Autumn
1593,TXN_4291132,Coffee,2.0,3.0,6.0,Credit Card,Takeaway,2023-08-07,Summer
1594,TXN_1622123,Cookie,2.0,1.0,2.0,Cash,Takeaway,2023-01-05,Winter
1595,TXN_2878078,Coffee,2.0,3.0,6.0,Digital Wallet,Takeaway,2023-12-15,Winter
1596,TXN_7134579,Cookie,5.0,1.0,5.0,Digital Wallet,Takeaway,2023-06-06,Summer
1597,TXN_6921057,Smoothie,4.0,4.0,16.0,Digital Wallet,Takeaway,2023-07-10,Summer
1598,TXN_2335088,Salad,4.0,5.0,20.0,Cash,In-store,2023-10-27,Autumn
1599,TXN_9778859,Cookie,3.0,1.0,3.0,Cash,Takeaway,2023-06-05,Summer
1600,TXN_3850274,Coffee,5.0,3.0,15.0,Digital Wallet,Takeaway,2023-09-08,Autumn
1601,TXN_4428448,Cookie,4.0,1.0,4.0,Digital Wallet,Takeaway,2023-02-04,Winter
1602,TXN_1062822,Coffee,2.0,3.0,6.0,Credit Card,Takeaway,2023-06-28,Summer
1603,TXN_6386662,Salad,5.0,5.0,25.0,Credit Card,Takeaway,2023-12-04,Winter
1604,TXN_5491825,Coffee,4.0,3.0,12.0,Cash,In-store,2023-06-09,Summer
1605,TXN_5330930,Coffee,1.0,3.0,3.0,Digital Wallet,In-store,2023-07-12,Summer
1606,TXN_5580933,Smoothie,3.0,4.0,12.0,Cash,Takeaway,2023-10-19,Autumn
1607,TXN_3326110,Coffee,2.0,2.0,4.0,Credit Card,Takeaway,2023-08-13,Summer
1608,TXN_5455079,Salad,2.0,5.0,10.0,Cash,In-store,2023-11-30,Autumn
1609,TXN_5526475,Tea,4.0,1.5,6.0,Cash,In-store,2023-05-06,Spring
1610,TXN_3800253,Coffee,2.0,3.0,6.0,Cash,Takeaway,2023-01-15,Winter
1612,TXN_9169782,Coffee,5.0,3.0,15.0,Credit Card,Takeaway,2023-09-18,Autumn
1613,TXN_4639621,Coffee,2.0,2.0,4.0,Digital Wallet,In-store,2023-10-12,Autumn
1614,TXN_4432823,Smoothie,5.0,4.0,20.0,Digital Wallet,In-store,2023-02-10,Winter
1615,TXN_8138157,Smoothie,2.0,4.0,8.0,Cash,Takeaway,2023-05-07,Spring
1616,TXN_4134478,Coffee,2.0,3.0,6.0,Credit Card,Takeaway,2023-06-25,Summer
1618,TXN_4997327,Coffee,2.0,2.0,4.0,Digital Wallet,In-store,2023-03-19,Spring
1620,TXN_4049949,Cookie,1.0,1.0,1.0,Digital Wallet,Takeaway,2023-11-06,Autumn
1621,TXN_7296498,Salad,5.0,5.0,25.0,Credit Card,Takeaway,2023-05-19,Spring
1622,TXN_4706042,Salad,5.0,5.0,25.0,Digital Wallet,In-store,2023-12-01,Winter
1623,TXN_2488987,Tea,5.0,1.5,7.5,Cash,In-store,2023-06-12,Summer
1624,TXN_6708156,Tea,5.0,1.5,7.5,Credit Card,Takeaway,2023-11-26,Autumn
1625,TXN_7616002,Tea,2.0,1.5,3.0,Digital Wallet,In-store,2023-11-08,Autumn
1626,TXN_1865735,Smoothie,2.0,4.0,8.0,Digital Wallet,In-store,2023-09-22,Autumn
1627,TXN_5396450,Coffee,3.0,3.0,9.0,Digital Wallet,Takeaway,2023-12-09,Winter
1628,TXN_5881757,Smoothie,3.0,4.0,12.0,Credit Card,Takeaway,2023-08-15,Summer
1629,TXN_3404479,Smoothie,4.0,4.0,16.0,Credit Card,Takeaway,2023-08-23,Summer
1630,TXN_5342589,Tea,2.0,1.5,3.0,Digital Wallet,Takeaway,2023-04-06,Spring
1631,TXN_1987212,Smoothie,5.0,4.0,20.0,Credit Card,Takeaway,2023-04-07,Spring
1632,TXN_5303275,Cookie,4.0,1.0,4.0,Cash,Takeaway,2023-09-18,Autumn
1633,TXN_9193760,Salad,5.0,5.0,25.0,Digital Wallet,Takeaway,2023-01-20,Winter
1634,TXN_8541074,Salad,4.0,5.0,20.0,Digital Wallet,In-store,2023-11-08,Autumn
1635,TXN_1075183,Tea,2.0,1.5,3.0,Credit Card,Takeaway,2023-01-09,Winter
1636,TXN_9316158,Smoothie,5.0,4.0,20.0,Cash,In-store,2023-10-31,Autumn
1637,TXN_8207244,Tea,5.0,1.5,7.5,Cash,Takeaway,2023-05-04,Spring
1638,TXN_2346001,Salad,2.0,5.0,10.0,Digital Wallet,Takeaway,2023-08-21,Summer
1639,TXN_2814866,Smoothie,1.0,4.0,4.0,Digital Wallet,In-store,2023-07-29,Summer
1640,TXN_8454044,Coffee,5.0,2.0,10.0,Credit Card,Takeaway,2023-05-27,Spring
1641,TXN_8321092,Coffee,2.0,3.0,6.0,Credit Card,Takeaway,2023-09-28,Autumn
1642,TXN_2560137,Coffee,1.0,3.0,3.0,Cash,Takeaway,2023-10-13,Autumn
1643,TXN_7350571,Smoothie,1.0,4.0,4.0,Credit Card,In-store,2023-02-19,Winter
1644,TXN_3915802,Coffee,3.0,2.0,6.0,Cash,Takeaway,2023-12-16,Winter
1645,TXN_5019143,Coffee,5.0,2.0,10.0,Cash,Takeaway,2023-02-21,Winter
1646,TXN_1785371,Coffee,1.0,2.0,2.0,Digital Wallet,Takeaway,2023-01-16,Winter
1647,TXN_6441650,Coffee,5.0,3.0,15.0,Digital Wallet,Takeaway,2023-09-06,Autumn
1648,TXN_2493262,Cookie,2.0,1.0,2.0,Credit Card,Takeaway,2023-01-03,Winter
1650,TXN_6038791,Coffee,2.0,3.0,6.0,Digital Wallet,In-store,2023-03-06,Spring
1651,TXN_1335337,Tea,3.0,1.5,4.5,Credit Card,In-store,2023-09-06,Autumn
1652,TXN_2275914,Smoothie,2.0,4.0,8.0,Digital Wallet,Takeaway,2023-10-24,Autumn
1653,TXN_6258276,Smoothie,5.0,4.0,20.0,Credit Card,Takeaway,2023-01-29,Winter
1654,TXN_2340312,Coffee,4.0,3.0,12.0,Digital Wallet,Takeaway,2023-07-30,Summer
1655,TXN_6066433,Tea,2.0,1.5,3.0,Cash,Takeaway,2023-06-17,Summer
1656,TXN_1872922,Smoothie,5.0,4.0,20.0,Digital Wallet,In-store,2023-07-16,Summer
1657,TXN_7730388,Cookie,5.0,1.0,5.0,Digital Wallet,In-store,2023-09-09,Autumn
1658,TXN_3330377,Coffee,5.0,2.0,10.0,Digital Wallet,Takeaway,2023-05-08,Spring
1659,TXN_3147198,Smoothie,2.0,4.0,8.0,Digital Wallet,Takeaway,2023-02-04,Winter
1660,TXN_6363897,Salad,5.0,5.0,25.0,Credit Card,Takeaway,2023-11-26,Autumn
1661,TXN_1893222,Smoothie,5.0,4.0,20.0,Credit Card,In-store,2023-12-20,Winter
1662,TXN_9262803,Coffee,5.0,3.0,15.0,Digital Wallet,Takeaway,2023-10-04,Autumn
1665,TXN_6577035,Smoothie,2.0,4.0,8.0,Digital Wallet,In-store,2023-05-20,Spring
1666,TXN_9970966,Coffee,5.0,2.0,10.0,Digital Wallet,In-store,2023-09-09,Autumn
1667,TXN_5624179,Cookie,1.0,1.0,1.0,Cash,Takeaway,2023-10-26,Autumn
1668,TXN_3450160,Coffee,4.0,3.0,12.0,Credit Card,In-store,2023-10-23,Autumn
1669,TXN_4075432,Smoothie,5.0,4.0,20.0,Cash,In-store,2023-09-12,Autumn
1670,TXN_2023802,Coffee,2.0,3.0,6.0,Cash,In-store,2023-02-28,Winter
1671,TXN_5130399,Cookie,3.0,1.0,3.0,Digital Wallet,Takeaway,2023-10-21,Autumn
1672,TXN_6745832,Coffee,2.0,2.0,4.0,Credit Card,Takeaway,2023-10-02,Autumn
1673,TXN_7560989,Smoothie,3.0,4.0,12.0,Digital Wallet,Takeaway,2023-06-16,Summer
1675,TXN_3115258,Salad,1.0,5.0,5.0,Digital Wallet,Takeaway,2023-12-06,Winter
1676,TXN_8182245,Smoothie,5.0,4.0,20.0,Digital Wallet,Takeaway,2023-10-24,Autumn
1677,TXN_3970335,Coffee,5.0,3.0,15.0,Digital Wallet,Takeaway,2023-09-01,Autumn
1678,TXN_6376630,Coffee,2.0,3.0,6.0,Cash,In-store,2023-01-24,Winter
1679,TXN_7100596,Smoothie,5.0,4.0,20.0,Credit Card,In-store,2023-09-14,Autumn
1680,TXN_1481116,Tea,2.0,1.5,3.0,Digital Wallet,In-store,2023-02-26,Winter
1681,TXN_9454212,Coffee,5.0,3.0,15.0,Cash,In-store,2023-11-19,Autumn
1682,TXN_3648327,Coffee,1.0,3.0,3.0,Digital Wallet,Takeaway,2023-08-17,Summer
1683,TXN_6188394,Coffee,5.0,3.0,15.0,Credit Card,In-store,2023-10-05,Autumn
1684,TXN_2553803,Coffee,1.0,3.0,3.0,Cash,In-store,2023-12-29,Winter
1685,TXN_5700545,Salad,2.0,5.0,10.0,Credit Card,Takeaway,2023-05-25,Spring
1686,TXN_8018479,Tea,1.0,1.5,1.5,Digital Wallet,Takeaway,2023-09-15,Autumn
1687,TXN_9465300,Tea,2.0,1.5,3.0,Credit Card,Takeaway,2023-09-01,Autumn
1688,TXN_3046108,Tea,5.0,1.5,7.5,Digital Wallet,Takeaway,2023-01-15,Winter
1689,TXN_5998419,Coffee,4.0,3.0,12.0,Digital Wallet,Takeaway,2023-09-26,Autumn
1690,TXN_4454198,Tea,1.0,1.5,1.5,Digital Wallet,In-store,2023-08-22,Summer
1691,TXN_5855756,Smoothie,1.0,4.0,4.0,Credit Card,In-store,2023-08-29,Summer
1692,TXN_5182399,Coffee,3.0,2.0,6.0,Digital Wallet,Takeaway,2023-09-08,Autumn
1693,TXN_6758675,Coffee,1.0,3.0,3.0,Credit Card,In-store,2023-11-05,Autumn
1694,TXN_1962275,Coffee,5.0,2.0,10.0,Credit Card,Takeaway,2023-05-26,Spring
1695,TXN_9530003,Salad,1.0,5.0,5.0,Digital Wallet,Takeaway,2023-08-24,Summer
1696,TXN_2347596,Coffee,4.0,3.0,12.0,Credit Card,Takeaway,2023-12-27,Winter
1697,TXN_6215303,Salad,4.0,5.0,20.0,Digital Wallet,Takeaway,2023-08-20,Summer
1698,TXN_5524352,Smoothie,1.0,4.0,4.0,Digital Wallet,Takeaway,2023-01-05,Winter
1699,TXN_6668414,Coffee,1.0,3.0,3.0,Digital Wallet,In-store,2023-12-29,Winter
1701,TXN_1525046,Smoothie,2.0,4.0,8.0,Cash,Takeaway,2023-12-02,Winter
1702,TXN_9867948,Smoothie,2.0,4.0,8.0,Digital Wallet,Takeaway,2023-10-07,Autumn
1703,TXN_8512466,Coffee,5.0,3.0,15.0,Digital Wallet,Takeaway,2023-02-10,Winter
1704,TXN_9663990,Coffee,1.0,3.0,3.0,Digital Wallet,Takeaway,2023-01-06,Winter
1705,TXN_7681072,Cookie,1.0,1.0,1.0,Credit Card,Takeaway,2023-07-07,Summer
1706,TXN_3099191,Salad,2.0,5.0,10.0,Digital Wallet,Takeaway,2023-05-19,Spring
1707,TXN_8789986,Coffee,2.0,3.0,6.0,Cash,Takeaway,2023-09-21,Autumn
1708,TXN_8382825,Coffee,5.0,2.0,10.0,Cash,In-store,2023-01-20,Winter
1709,TXN_4486700,Coffee,2.0,3.0,6.0,Digital Wallet,Takeaway,2023-02-08,Winter
1710,TXN_2668108,Cookie,5.0,1.0,5.0,Cash,Takeaway,2023-09-23,Autumn
1711,TXN_5085328,Coffee,4.0,2.0,8.0,Digital Wallet,Takeaway,2023-02-03,Winter
1712,TXN_6023823,Cookie,2.0,1.0,2.0,Digital Wallet,Takeaway,2023-04-20,Spring
1713,TXN_6541659,Smoothie,3.0,4.0,12.0,Digital Wallet,Takeaway,2023-01-29,Winter
1714,TXN_3203928,Coffee,3.0,2.0,6.0,Digital Wallet,In-store,2023-12-04,Winter
1715,TXN_3443235,Smoothie,5.0,4.0,20.0,Digital Wallet,Takeaway,2023-10-11,Autumn
1716,TXN_6191769,Salad,1.0,5.0,5.0,Credit Card,Takeaway,2023-05-17,Spring
1717,TXN_6110386,Smoothie,1.0,4.0,4.0,Cash,In-store,2023-03-17,Spring
1718,TXN_7355635,Coffee,3.0,3.0,9.0,Digital Wallet,In-store,2023-12-21,Winter
1719,TXN_2944518,Coffee,3.0,3.0,9.0,Digital Wallet,Takeaway,2023-09-14,Autumn
1720,TXN_9169536,Coffee,5.0,3.0,15.0,Cash,In-store,2023-06-10,Summer
1721,TXN_8257774,Cookie,5.0,1.0,5.0,Cash,Takeaway,2023-03-04,Spring
1722,TXN_3873718,Salad,1.0,5.0,5.0,Cash,In-store,2023-03-07,Spring
1723,TXN_8767676,Smoothie,1.0,4.0,4.0,Digital Wallet,Takeaway,2023-11-30,Autumn
1724,TXN_1225638,Coffee,4.0,3.0,12.0,Cash,Takeaway,2023-05-28,Spring
1725,TXN_5050111,Salad,3.0,5.0,15.0,Cash,In-store,2023-06-13,Summer
1726,TXN_5508620,Smoothie,2.0,4.0,8.0,Cash,In-store,2023-08-26,Summer
1727,TXN_7864080,Tea,5.0,1.5,7.5,Credit Card,Takeaway,2023-11-12,Autumn
1728,TXN_6066883,Coffee,2.0,3.0,6.0,Credit Card,Takeaway,2023-12-21,Winter
1729,TXN_6034785,Coffee,3.0,2.0,6.0,Digital Wallet,Takeaway,2023-06-17,Summer
1730,TXN_7818024,Coffee,3.0,3.0,9.0,Digital Wallet,Takeaway,2023-08-16,Summer
1731,TXN_2463115,Smoothie,5.0,4.0,20.0,Credit Card,Takeaway,2023-09-12,Autumn
1732,TXN_9948425,Coffee,3.0,3.0,9.0,Digital Wallet,Takeaway,2023-11-21,Autumn
1733,TXN_2540440,Tea,2.0,1.5,3.0,Digital Wallet,Takeaway,2023-12-30,Winter
1734,TXN_2006923,Salad,5.0,5.0,25.0,Digital Wallet,Takeaway,2023-05-31,Spring
1735,TXN_6762172,Coffee,5.0,2.0,10.0,Cash,Takeaway,2023-01-19,Winter
1736,TXN_6638051,Smoothie,2.0,4.0,8.0,Cash,Takeaway,2023-11-05,Autumn
1737,TXN_9834329,Smoothie,1.0,4.0,4.0,Cash,Takeaway,2023-09-17,Autumn
1738,TXN_9172616,Coffee,4.0,2.0,8.0,Digital Wallet,Takeaway,2023-11-21,Autumn
1739,TXN_8867300,Smoothie,4.0,4.0,16.0,Digital Wallet,In-store,2023-05-06,Spring
1740,TXN_6987950,Coffee,4.0,3.0,12.0,Credit Card,Takeaway,2023-05-04,Spring
1741,TXN_9967728,Coffee,4.0,2.0,8.0,Digital Wallet,Takeaway,2023-01-30,Winter
1742,TXN_5591967,Smoothie,1.0,4.0,4.0,Credit Card,Takeaway,2023-04-08,Spring
1743,TXN_5861158,Smoothie,3.0,4.0,12.0,Credit Card,Takeaway,2023-11-21,Autumn
1744,TXN_7501002,Coffee,1.0,2.0,2.0,Digital Wallet,Takeaway,2023-08-23,Summer
1745,TXN_2848654,Smoothie,5.0,4.0,20.0,Digital Wallet,In-store,2023-03-15,Spring
1746,TXN_2406254,Coffee,5.0,3.0,15.0,Digital Wallet,Takeaway,2023-11-12,Autumn
1747,TXN_3034652,Coffee,5.0,3.0,15.0,Credit Card,In-store,2023-11-04,Autumn
1748,TXN_2710779,Smoothie,5.0,4.0,20.0,Digital Wallet,In-store,2023-09-30,Autumn
1749,TXN_2333576,Tea,2.0,1.5,3.0,Digital Wallet,Takeaway,2023-11-22,Autumn
1750,TXN_6330369,Coffee,1.0,3.0,3.0,Digital Wallet,Takeaway,2023-01-25,Winter
1751,TXN_7852032,Smoothie,1.0,4.0,4.0,Cash,Takeaway,2023-03-19,Spring
1752,TXN_7189368,Smoothie,2.0,4.0,8.0,Credit Card,Takeaway,2023-01-22,Winter
1753,TXN_6306655,Cookie,4.0,1.0,4.0,Digital Wallet,Takeaway,2023-01-22,Winter
1755,TXN_6607568,Coffee,2.0,2.0,4.0,Cash,In-store,2023-03-24,Spring
1756,TXN_8245906,Coffee,1.0,3.0,3.0,Digital Wallet,Takeaway,2023-02-08,Winter
1757,TXN_9837568,Salad,5.0,5.0,25.0,Cash,In-store,2023-04-17,Spring
1758,TXN_9603263,Cookie,5.0,1.0,5.0,Cash,Takeaway,2023-05-02,Spring
1759,TXN_9425610,Smoothie,3.0,4.0,12.0,Cash,In-store,2023-01-08,Winter
1760,TXN_8092496,Coffee,4.0,3.0,12.0,Digital Wallet,In-store,2023-03-11,Spring
1762,TXN_9749333,Cookie,5.0,1.0,5.0,Cash,In-store,2023-02-27,Winter
1763,TXN_2771364,Coffee,1.0,2.0,2.0,Digital Wallet,Takeaway,2023-01-23,Winter
1764,TXN_5180326,Coffee,4.0,3.0,12.0,Digital Wallet,Takeaway,2023-04-26,Spring
1765,TXN_7376092,Cookie,4.0,1.0,4.0,Cash,In-store,2023-11-07,Autumn
1766,TXN_9279347,Smoothie,5.0,4.0,20.0,Credit Card,Takeaway,2023-02-27,Winter
1767,TXN_8278982,Smoothie,5.0,4.0,20.0,Credit Card,Takeaway,2023-09-06,Autumn
1768,TXN_7686476,Coffee,3.0,2.0,6.0,Digital Wallet,Takeaway,2023-01-03,Winter
1769,TXN_4283563,Tea,2.0,1.5,3.0,Cash,Takeaway,2023-05-04,Spring
1770,TXN_1926278,Cookie,1.0,1.0,1.0,Credit Card,Takeaway,2023-07-29,Summer
1771,TXN_3981000,Tea,1.0,1.5,1.5,Digital Wallet,In-store,2023-05-24,Spring
1772,TXN_6167259,Coffee,2.0,3.0,6.0,Digital Wallet,Takeaway,2023-04-14,Spring
1773,TXN_7068653,Cookie,2.0,1.0,2.0,Cash,In-store,2023-06-05,Summer
1774,TXN_1572930,Coffee,3.0,2.0,6.0,Digital Wallet,In-store,2023-07-17,Summer
1775,TXN_2788797,Tea,2.0,1.5,3.0,Digital Wallet,Takeaway,2023-03-23,Spring
1776,TXN_4255767,Coffee,1.0,3.0,3.0,Digital Wallet,Takeaway,2023-05-25,Spring
1777,TXN_7367474,Coffee,5.0,3.0,15.0,Digital Wallet,Takeaway,2023-01-01,Winter
1778,TXN_7551097,Coffee,2.0,3.0,6.0,Digital Wallet,Takeaway,2023-06-12,Summer
1779,TXN_1546695,Coffee,5.0,2.0,10.0,Digital Wallet,Takeaway,2023-03-06,Spring
1781,TXN_4567455,Coffee,3.0,2.0,6.0,Digital Wallet,In-store,2023-02-01,Winter
1782,TXN_7958487,Cookie,5.0,1.0,5.0,Digital Wallet,Takeaway,2023-01-20,Winter
1783,TXN_2864420,Smoothie,1.0,4.0,4.0,Digital Wallet,Takeaway,2023-07-12,Summer
1784,TXN_1498343,Salad,2.0,5.0,10.0,Credit Card,Takeaway,2023-03-31,Spring
1785,TXN_3107619,Cookie,2.0,1.0,2.0,Digital Wallet,Takeaway,2023-05-31,Spring
1786,TXN_1923349,Tea,4.0,1.5,6.0,Digital Wallet,Takeaway,2023-07-06,Summer
1787,TXN_7380217,Tea,1.0,1.5,1.5,Digital Wallet,Takeaway,2023-09-10,Autumn
1788,TXN_3195132,Salad,4.0,5.0,20.0,Credit Card,Takeaway,2023-08-26,Summer
1789,TXN_9001088,Coffee,2.0,2.0,4.0,Credit Card,Takeaway,2023-08-19,Summer
1790,TXN_2101437,Smoothie,2.0,4.0,8.0,Cash,In-store,2023-08-27,Summer
1791,TXN_7411993,Coffee,2.0,3.0,6.0,Digital Wallet,In-store,2023-02-11,Winter
1792,TXN_2879092,Tea,3.0,1.5,4.5,Cash,Takeaway,2023-05-22,Spring
1793,TXN_8791641,Tea,5.0,1.5,7.5,Digital Wallet,In-store,2023-01-25,Winter
1794,TXN_4679593,Coffee,1.0,3.0,3.0,Cash,In-store,2023-01-10,Winter
1795,TXN_1907250,Cookie,1.0,1.0,1.0,Credit Card,Takeaway,2023-11-15,Autumn
1796,TXN_8504764,Smoothie,2.0,4.0,8.0,Digital Wallet,Takeaway,2023-02-19,Winter
1797,TXN_1630051,Smoothie,5.0,4.0,20.0,Digital Wallet,Takeaway,2023-03-17,Spring
1798,TXN_2566258,Cookie,4.0,1.0,4.0,Cash,Takeaway,2023-06-08,Summer
1799,TXN_5785600,Salad,5.0,5.0,25.0,Cash,In-store,2023-12-10,Winter
1800,TXN_4864206,Cookie,5.0,1.0,5.0,Cash,In-store,2023-03-18,Spring
1801,TXN_4360040,Salad,1.0,5.0,5.0,Credit Card,Takeaway,2023-11-15,Autumn
1802,TXN_9490163,Salad,4.0,5.0,20.0,Credit Card,Takeaway,2023-02-23,Winter
1803,TXN_2640727,Coffee,3.0,3.0,9.0,Digital Wallet,Takeaway,2023-03-05,Spring
1804,TXN_9927061,Cookie,2.0,1.0,2.0,Digital Wallet,Takeaway,2023-10-17,Autumn
1805,TXN_5113993,Coffee,1.0,2.0,2.0,Credit Card,Takeaway,2023-02-10,Winter
1806,TXN_2192787,Smoothie,5.0,4.0,20.0,Cash,In-store,2023-01-01,Winter
1807,TXN_2127588,Coffee,4.0,3.0,12.0,Cash,In-store,2023-07-17,Summer
1808,TXN_5284338,Coffee,4.0,2.0,8.0,Cash,Takeaway,2023-03-30,Spring
1809,TXN_8108748,Smoothie,1.0,4.0,4.0,Cash,Takeaway,2023-06-19,Summer
1810,TXN_5538713,Cookie,2.0,1.0,2.0,Digital Wallet,Takeaway,2023-09-20,Autumn
1811,TXN_5949811,Tea,2.0,1.5,3.0,Digital Wallet,In-store,2023-02-21,Winter
1812,TXN_2565449,Smoothie,3.0,4.0,12.0,Credit Card,In-store,2023-10-04,Autumn
1813,TXN_7264039,Coffee,5.0,3.0,15.0,Cash,Takeaway,2023-09-19,Autumn
1814,TXN_9224501,Salad,5.0,5.0,25.0,Credit Card,In-store,2023-12-08,Winter
1815,TXN_5767393,Smoothie,3.0,4.0,12.0,Digital Wallet,In-store,2023-09-11,Autumn
1816,TXN_2628024,Smoothie,1.0,4.0,4.0,Digital Wallet,In-store,2023-05-02,Spring
1817,TXN_4638629,Smoothie,4.0,4.0,16.0,Credit Card,Takeaway,2023-02-10,Winter
1818,TXN_9287133,Coffee,5.0,3.0,15.0,Digital Wallet,In-store,2023-04-20,Spring
1819,TXN_6223786,Coffee,5.0,3.0,15.0,Cash,Takeaway,2023-07-05,Summer
1820,TXN_5460750,Coffee,3.0,3.0,9.0,Credit Card,Takeaway,2023-07-31,Summer
1821,TXN_6792445,Coffee,3.0,3.0,9.0,Cash,Takeaway,2023-12-03,Winter
1822,TXN_2543138,Smoothie,1.0,4.0,4.0,Credit Card,Takeaway,2023-05-20,Spring
1823,TXN_7134064,Smoothie,5.0,4.0,20.0,Credit Card,Takeaway,2023-04-04,Spring
1825,TXN_9201988,Coffee,3.0,2.0,6.0,Digital Wallet,Takeaway,2023-05-14,Spring
1826,TXN_5486063,Smoothie,3.0,4.0,12.0,Cash,In-store,2023-05-21,Spring
1827,TXN_2285849,Tea,2.0,1.5,3.0,Credit Card,Takeaway,2023-09-10,Autumn
1828,TXN_9577271,Smoothie,5.0,4.0,20.0,Cash,In-store,2023-09-30,Autumn
1829,TXN_6568536,Coffee,1.0,3.0,3.0,Cash,Takeaway,2023-12-29,Winter
1830,TXN_6802372,Coffee,3.0,3.0,9.0,Digital Wallet,In-store,2023-07-20,Summer
1831,TXN_2624121,Tea,5.0,1.5,7.5,Digital Wallet,In-store,2023-01-28,Winter
1832,TXN_8994477,Coffee,3.0,2.0,6.0,Digital Wallet,In-store,2023-04-19,Spring
1833,TXN_7868879,Smoothie,4.0,4.0,16.0,Cash,Takeaway,2023-05-02,Spring
1834,TXN_8321225,Tea,4.0,1.5,6.0,Credit Card,Takeaway,2023-08-20,Summer
1835,TXN_1439390,Coffee,4.0,3.0,12.0,Digital Wallet,In-store,2023-02-14,Winter
1836,TXN_9373436,Salad,4.0,5.0,20.0,Digital Wallet,Takeaway,2023-04-06,Spring
1837,TXN_6243519,Coffee,3.0,2.0,6.0,Cash,Takeaway,2023-03-03,Spring
1838,TXN_8668901,Coffee,2.0,3.0,6.0,Credit Card,Takeaway,2023-06-30,Summer
1839,TXN_4903004,Tea,4.0,1.5,6.0,Digital Wallet,In-store,2023-12-03,Winter
1840,TXN_2195218,Coffee,4.0,3.0,12.0,Digital Wallet,In-store,2023-09-10,Autumn
1841,TXN_9678108,Salad,3.0,5.0,15.0,Digital Wallet,Takeaway,2023-10-10,Autumn
1842,TXN_3206876,Salad,4.0,5.0,20.0,Digital Wallet,In-store,2023-11-07,Autumn
1843,TXN_3064922,Salad,2.0,5.0,10.0,Cash,Takeaway,2023-11-12,Autumn
1844,TXN_7362525,Coffee,5.0,3.0,15.0,Cash,Takeaway,2023-06-09,Summer
1845,TXN_2161341,Salad,5.0,5.0,25.0,Digital Wallet,Takeaway,2023-03-12,Spring
1846,TXN_8753888,Cookie,4.0,1.0,4.0,Credit Card,Takeaway,2023-12-25,Winter
1847,TXN_3265596,Tea,1.0,1.5,1.5,Cash,Takeaway,2023-12-28,Winter
1848,TXN_2815691,Coffee,5.0,3.0,15.0,Digital Wallet,Takeaway,2023-02-06,Winter
1849,TXN_8956534,Coffee,5.0,2.0,10.0,Cash,Takeaway,2023-06-05,Summer
1850,TXN_7957208,Tea,1.0,1.5,1.5,Digital Wallet,Takeaway,2023-04-14,Spring
1851,TXN_6851213,Coffee,1.0,3.0,3.0,Digital Wallet,Takeaway,2023-05-19,Spring
1852,TXN_7127903,Coffee,5.0,2.0,10.0,Digital Wallet,In-store,2023-11-27,Autumn
1853,TXN_7543722,Cookie,3.0,1.0,3.0,Digital Wallet,Takeaway,2023-08-26,Summer
1854,TXN_7952680,Salad,1.0,5.0,5.0,Digital Wallet,Takeaway,2023-06-09,Summer
1855,TXN_8556062,Smoothie,5.0,4.0,20.0,Digital Wallet,Takeaway,2023-08-07,Summer
1856,TXN_8429412,Smoothie,4.0,4.0,16.0,Digital Wallet,Takeaway,2023-06-23,Summer
1857,TXN_3817784,Salad,1.0,5.0,5.0,Digital Wallet,Takeaway,2023-11-25,Autumn
1858,TXN_1749105,Smoothie,5.0,4.0,20.0,Cash,In-store,2023-10-17,Autumn
1859,TXN_9731530,Tea,4.0,1.5,6.0,Credit Card,Takeaway,2023-06-23,Summer
1860,TXN_1248266,Salad,3.0,5.0,15.0,Credit Card,In-store,2023-10-14,Autumn
1861,TXN_5400273,Smoothie,4.0,4.0,16.0,Credit Card,Takeaway,2023-05-24,Spring
1862,TXN_2255634,Salad,4.0,5.0,20.0,Digital Wallet,Takeaway,2023-04-09,Spring
1863,TXN_3312002,Smoothie,4.0,4.0,16.0,Digital Wallet,Takeaway,2023-04-30,Spring
1864,TXN_5331122,Salad,4.0,5.0,20.0,Credit Card,In-store,2023-09-26,Autumn
1865,TXN_1227800,Coffee,3.0,3.0,9.0,Cash,Takeaway,2023-02-19,Winter
1866,TXN_1867836,Coffee,1.0,3.0,3.0,Credit Card,Takeaway,2023-03-21,Spring
1867,TXN_3051509,Cookie,5.0,1.0,5.0,Digital Wallet,In-store,2023-03-07,Spring
1868,TXN_5108804,Coffee,1.0,3.0,3.0,Digital Wallet,In-store,2023-09-26,Autumn
1869,TXN_2699583,Smoothie,5.0,4.0,20.0,Digital Wallet,In-store,2023-07-26,Summer
1870,TXN_1622577,Coffee,1.0,3.0,3.0,Cash,Takeaway,2023-03-14,Spring
1871,TXN_9508880,Coffee,4.0,2.0,8.0,Digital Wallet,In-store,2023-10-26,Autumn
1872,TXN_2156218,Smoothie,2.0,4.0,8.0,Digital Wallet,In-store,2023-07-24,Summer
1873,TXN_8271025,Coffee,5.0,3.0,15.0,Credit Card,Takeaway,2023-03-09,Spring
1874,TXN_4894699,Cookie,2.0,1.0,2.0,Digital Wallet,In-store,2023-02-20,Winter
1875,TXN_5427338,Coffee,2.0,3.0,6.0,Digital Wallet,In-store,2023-04-27,Spring
1876,TXN_8631468,Coffee,1.0,3.0,3.0,Credit Card,In-store,2023-10-10,Autumn
1877,TXN_6315590,Tea,5.0,1.5,7.5,Digital Wallet,In-store,2023-10-04,Autumn
1878,TXN_7825457,Coffee,5.0,3.0,15.0,Cash,Takeaway,2023-09-15,Autumn
1880,TXN_2378096,Tea,3.0,1.5,4.5,Cash,Takeaway,2023-09-22,Autumn
1881,TXN_2627056,Smoothie,4.0,4.0,16.0,Digital Wallet,Takeaway,2023-04-22,Spring
1882,TXN_5062280,Smoothie,4.0,4.0,16.0,Credit Card,Takeaway,2023-07-05,Summer
1883,TXN_3620110,Coffee,1.0,2.0,2.0,Digital Wallet,Takeaway,2023-06-01,Summer
1884,TXN_7290923,Salad,3.0,5.0,15.0,Digital Wallet,Takeaway,2023-02-09,Winter
1886,TXN_1005331,Coffee,1.0,2.0,2.0,Digital Wallet,Takeaway,2023-11-04,Autumn
1887,TXN_1579182,Coffee,5.0,3.0,15.0,Cash,In-store,2023-02-20,Winter
1888,TXN_7311097,Coffee,5.0,2.0,10.0,Digital Wallet,In-store,2023-08-05,Summer
1890,TXN_4836614,Tea,4.0,1.5,6.0,Digital Wallet,Takeaway,2023-04-03,Spring
1891,TXN_7477271,Tea,5.0,1.5,7.5,Digital Wallet,Takeaway,2023-07-12,Summer
1892,TXN_6503052,Coffee,4.0,3.0,12.0,Digital Wallet,Takeaway,2023-04-21,Spring
1893,TXN_6471268,Smoothie,5.0,4.0,20.0,Digital Wallet,Takeaway,2023-02-10,Winter
1895,TXN_6843517,Smoothie,5.0,4.0,20.0,Credit Card,In-store,2023-01-02,Winter
1896,TXN_9370304,Smoothie,4.0,4.0,16.0,Digital Wallet,Takeaway,2023-09-01,Autumn
1897,TXN_9298053,Coffee,5.0,3.0,15.0,Cash,In-store,2023-06-29,Summer
1898,TXN_1446862,Coffee,3.0,3.0,9.0,Digital Wallet,Takeaway,2023-09-26,Autumn
1899,TXN_4987246,Cookie,3.0,1.0,3.0,Digital Wallet,Takeaway,2023-11-24,Autumn
1900,TXN_6271219,Smoothie,3.0,4.0,12.0,Cash,Takeaway,2023-06-07,Summer
1901,TXN_2614545,Tea,1.0,1.5,1.5,Digital Wallet,In-store,2023-08-10,Summer
1902,TXN_4917580,Coffee,3.0,2.0,6.0,Digital Wallet,In-store,2023-03-08,Spring
1903,TXN_6236864,Tea,2.0,1.5,3.0,Digital Wallet,In-store,2023-08-17,Summer
1904,TXN_7825648,Coffee,1.0,2.0,2.0,Digital Wallet,Takeaway,2023-05-18,Spring
1905,TXN_1853196,Smoothie,1.0,4.0,4.0,Credit Card,Takeaway,2023-08-28,Summer
1906,TXN_7201361,Smoothie,3.0,4.0,12.0,Cash,In-store,2023-05-26,Spring
1907,TXN_6902481,Coffee,3.0,3.0,9.0,Cash,Takeaway,2023-09-03,Autumn
1908,TXN_4041845,Coffee,5.0,3.0,15.0,Digital Wallet,Takeaway,2023-12-01,Winter
1909,TXN_8861272,Coffee,1.0,2.0,2.0,Digital Wallet,Takeaway,2023-03-27,Spring
1910,TXN_7527954,Coffee,4.0,3.0,12.0,Digital Wallet,Takeaway,2023-12-09,Winter
1911,TXN_2229365,Smoothie,2.0,4.0,8.0,Cash,In-store,2023-09-07,Autumn
1912,TXN_5563675,Tea,3.0,1.5,4.5,Digital Wallet,In-store,2023-01-01,Winter
1913,TXN_7416770,Coffee,3.0,3.0,9.0,Digital Wallet,Takeaway,2023-04-08,Spring
1915,TXN_8632098,Salad,2.0,5.0,10.0,Digital Wallet,Takeaway,2023-01-06,Winter
1916,TXN_3520908,Smoothie,3.0,4.0,12.0,Digital Wallet,Takeaway,2023-08-01,Summer
1917,TXN_7907499,Coffee,3.0,3.0,9.0,Digital Wallet,Takeaway,2023-04-18,Spring
1918,TXN_8360073,Coffee,4.0,3.0,12.0,Digital Wallet,In-store,2023-06-15,Summer
1919,TXN_4840295,Smoothie,4.0,4.0,16.0,Digital Wallet,Takeaway,2023-02-02,Winter
1920,TXN_4140167,Coffee,2.0,2.0,4.0,Cash,Takeaway,2023-06-29,Summer
1921,TXN_2690515,Smoothie,2.0,4.0,8.0,Cash,Takeaway,2023-09-06,Autumn
1922,TXN_2080682,Coffee,3.0,2.0,6.0,Credit Card,In-store,2023-05-02,Spring
1923,TXN_8399341,Tea,5.0,1.5,7.5,Cash,Takeaway,2023-03-22,Spring
1924,TXN_5661891,Salad,1.0,5.0,5.0,Digital Wallet,Takeaway,2023-10-28,Autumn
1925,TXN_3164212,Smoothie,4.0,4.0,16.0,Digital Wallet,In-store,2023-11-14,Autumn
1926,TXN_1834831,Salad,5.0,5.0,25.0,Digital Wallet,In-store,2023-02-16,Winter
1927,TXN_3360401,Tea,2.0,1.5,3.0,Digital Wallet,Takeaway,2023-02-05,Winter
1928,TXN_6036520,Coffee,5.0,2.0,10.0,Cash,Takeaway,2023-09-15,Autumn
1929,TXN_1582958,Coffee,2.0,2.0,4.0,Cash,Takeaway,2023-12-08,Winter
1930,TXN_9834415,Cookie,2.0,1.0,2.0,Credit Card,In-store,2023-12-28,Winter
1931,TXN_7325430,Coffee,2.0,2.0,4.0,Cash,Takeaway,2023-04-17,Spring
1932,TXN_6440365,Smoothie,2.0,4.0,8.0,Cash,Takeaway,2023-05-14,Spring
1933,TXN_4002629,Coffee,5.0,3.0,15.0,Credit Card,In-store,2023-06-15,Summer
1934,TXN_4244830,Coffee,5.0,2.0,10.0,Digital Wallet,In-store,2023-04-24,Spring
1935,TXN_2217038,Tea,5.0,1.5,7.5,Digital Wallet,Takeaway,2023-06-12,Summer
1936,TXN_6259827,Coffee,2.0,3.0,6.0,Credit Card,Takeaway,2023-06-14,Summer
1937,TXN_6551087,Smoothie,1.0,4.0,4.0,Credit Card,Takeaway,2023-05-02,Spring
1938,TXN_1643039,Cookie,3.0,1.0,3.0,Digital Wallet,Takeaway,2023-02-17,Winter
1939,TXN_3683787,Tea,5.0,1.5,7.5,Credit Card,Takeaway,2023-09-16,Autumn
1940,TXN_5765576,Smoothie,5.0,4.0,20.0,Digital Wallet,In-store,2023-11-22,Autumn
1941,TXN_4155134,Cookie,1.0,1.0,1.0,Digital Wallet,Takeaway,2023-05-07,Spring
1942,TXN_1795044,Coffee,2.0,2.0,4.0,Digital Wallet,Takeaway,2023-08-15,Summer
1943,TXN_3328393,Coffee,3.0,3.0,9.0,Digital Wallet,Takeaway,2023-04-16,Spring
1944,TXN_2399870,Salad,4.0,5.0,20.0,Digital Wallet,Takeaway,2023-04-08,Spring
1945,TXN_8898121,Tea,4.0,1.5,6.0,Digital Wallet,Takeaway,2023-03-26,Spring
1946,TXN_4735392,Smoothie,3.0,4.0,12.0,Credit Card,Takeaway,2023-04-04,Spring
1947,TXN_3244935,Salad,5.0,5.0,25.0,Digital Wallet,Takeaway,2023-11-24,Autumn
1948,TXN_8410712,Coffee,5.0,3.0,15.0,Digital Wallet,Takeaway,2023-10-23,Autumn
1949,TXN_8997048,Coffee,1.0,3.0,3.0,Digital Wallet,In-store,2023-12-05,Winter
1950,TXN_6009395,Smoothie,4.0,4.0,16.0,Cash,In-store,2023-07-20,Summer
1951,TXN_3733753,Smoothie,1.0,4.0,4.0,Digital Wallet,Takeaway,2023-03-10,Spring
1952,TXN_4084548,Salad,2.0,5.0,10.0,Cash,In-store,2023-07-21,Summer
1953,TXN_7125945,Coffee,3.0,3.0,9.0,Credit Card,In-store,2023-01-30,Winter
1955,TXN_8103439,Smoothie,1.0,4.0,4.0,Digital Wallet,Takeaway,2023-11-30,Autumn
1956,TXN_9474082,Salad,3.0,5.0,15.0,Digital Wallet,In-store,2023-03-22,Spring
1957,TXN_2623927,Smoothie,2.0,4.0,8.0,Digital Wallet,Takeaway,2023-01-27,Winter
1958,TXN_8707598,Coffee,4.0,3.0,12.0,Credit Card,Takeaway,2023-10-22,Autumn
1959,TXN_2810554,Coffee,1.0,3.0,3.0,Credit Card,Takeaway,2023-02-18,Winter
1960,TXN_5435751,Smoothie,1.0,4.0,4.0,Credit Card,Takeaway,2023-05-24,Spring
1961,TXN_9991468,Coffee,4.0,3.0,12.0,Credit Card,Takeaway,2023-11-30,Autumn
1962,TXN_1339457,Smoothie,3.0,4.0,12.0,Digital Wallet,In-store,2023-05-23,Spring
1963,TXN_5186460,Coffee,3.0,3.0,9.0,Credit Card,Takeaway,2023-11-07,Autumn
1964,TXN_8936782,Coffee,5.0,3.0,15.0,Digital Wallet,In-store,2023-04-01,Spring
1965,TXN_6885561,Smoothie,3.0,4.0,12.0,Digital Wallet,Takeaway,2023-06-24,Summer
1966,TXN_4089089,Smoothie,5.0,4.0,20.0,Digital Wallet,Takeaway,2023-10-26,Autumn
1967,TXN_6304285,Coffee,5.0,3.0,15.0,Digital Wallet,Takeaway,2023-11-16,Autumn
1968,TXN_7792996,Salad,4.0,5.0,20.0,Cash,Takeaway,2023-12-20,Winter
1969,TXN_3653328,Cookie,4.0,1.0,4.0,Digital Wallet,In-store,2023-06-27,Summer
1970,TXN_3003876,Cookie,3.0,1.0,3.0,Cash,Takeaway,2023-08-27,Summer
1971,TXN_4015634,Tea,2.0,1.5,3.0,Digital Wallet,Takeaway,2023-06-28,Summer
1972,TXN_8166394,Coffee,4.0,3.0,12.0,Credit Card,Takeaway,2023-12-22,Winter
1973,TXN_1270603,Coffee,4.0,3.0,12.0,Credit Card,Takeaway,2023-12-03,Winter
1974,TXN_8837886,Smoothie,3.0,4.0,12.0,Digital Wallet,Takeaway,2023-04-20,Spring
1975,TXN_1437275,Coffee,3.0,2.0,6.0,Credit Card,Takeaway,2023-07-22,Summer
1976,TXN_5791605,Smoothie,3.0,4.0,12.0,Digital Wallet,Takeaway,2023-05-17,Spring
1977,TXN_5836079,Coffee,1.0,2.0,2.0,Digital Wallet,Takeaway,2023-07-14,Summer
1978,TXN_2897115,Coffee,3.0,2.0,6.0,Digital Wallet,In-store,2023-06-23,Summer
1979,TXN_8916613,Salad,4.0,5.0,20.0,Digital Wallet,Takeaway,2023-06-19,Summer
1980,TXN_9251292,Tea,2.0,1.5,3.0,Cash,Takeaway,2023-01-20,Winter
1981,TXN_9639025,Coffee,5.0,2.0,10.0,Digital Wallet,Takeaway,2023-12-06,Winter
1982,TXN_7770253,Coffee,5.0,2.0,10.0,Digital Wallet,Takeaway,2023-01-06,Winter
1983,TXN_9196116,Coffee,2.0,3.0,6.0,Digital Wallet,In-store,2023-07-06,Summer
1984,TXN_5405799,Coffee,3.0,2.0,6.0,Cash,Takeaway,2023-08-13,Summer
1985,TXN_1701500,Smoothie,1.0,4.0,4.0,Digital Wallet,Takeaway,2023-01-05,Winter
1986,TXN_6669163,Cookie,1.0,1.0,1.0,Credit Card,Takeaway,2023-07-26,Summer
1987,TXN_9695128,Coffee,1.0,3.0,3.0,Cash,In-store,2023-12-21,Winter
1988,TXN_8700156,Tea,4.0,1.5,6.0,Credit Card,In-store,2023-12-25,Winter
1989,TXN_7192920,Smoothie,4.0,4.0,16.0,Digital Wallet,Takeaway,2023-02-28,Winter
1990,TXN_1866816,Coffee,3.0,3.0,9.0,Digital Wallet,In-store,2023-08-21,Summer
1991,TXN_2423762,Coffee,1.0,2.0,2.0,Digital Wallet,Takeaway,2023-08-12,Summer
1992,TXN_4007506,Salad,1.0,5.0,5.0,Digital Wallet,Takeaway,2023-01-19,Winter
1993,TXN_4371760,Smoothie,2.0,4.0,8.0,Cash,In-store,2023-01-12,Winter
1994,TXN_4468830,Smoothie,4.0,4.0,16.0,Digital Wallet,In-store,2023-11-10,Autumn
1995,TXN_1908100,Coffee,2.0,3.0,6.0,Digital Wallet,In-store,2023-04-17,Spring
1996,TXN_3892344,Cookie,2.0,1.0,2.0,Digital Wallet,Takeaway,2023-07-28,Summer
1997,TXN_3023841,Tea,3.0,1.5,4.5,Digital Wallet,Takeaway,2023-04-29,Spring
1998,TXN_8793244,Coffee,4.0,3.0,12.0,Credit Card,Takeaway,2023-05-08,Spring
1999,TXN_5764993,Salad,3.0,5.0,15.0,Digital Wallet,Takeaway,2023-04-26,Spring
2001,TXN_2628941,Smoothie,1.0,4.0,4.0,Digital Wallet,In-store,2023-12-27,Winter
2002,TXN_5206049,Cookie,3.0,1.0,3.0,Digital Wallet,Takeaway,2023-06-24,Summer
2003,TXN_5448602,Coffee,3.0,3.0,9.0,Credit Card,In-store,2023-01-17,Winter
2004,TXN_1346517,Coffee,1.0,2.0,2.0,Digital Wallet,Takeaway,2023-03-20,Spring
2005,TXN_9277534,Smoothie,2.0,4.0,8.0,Credit Card,In-store,2023-04-25,Spring
2006,TXN_4946991,Coffee,1.0,3.0,3.0,Digital Wallet,Takeaway,2023-04-17,Spring
2007,TXN_9663098,Coffee,2.0,3.0,6.0,Cash,Takeaway,2023-06-10,Summer
2008,TXN_2492586,Salad,3.0,5.0,15.0,Cash,Takeaway,2023-05-17,Spring
2009,TXN_2450799,Tea,5.0,1.5,7.5,Digital Wallet,Takeaway,2023-11-26,Autumn
2010,TXN_6145837,Coffee,5.0,3.0,15.0,Digital Wallet,Takeaway,2023-08-27,Summer
2011,TXN_3665727,Cookie,1.0,1.0,1.0,Digital Wallet,In-store,2023-10-13,Autumn
2012,TXN_5067056,Smoothie,1.0,4.0,4.0,Cash,In-store,2023-08-13,Summer
2013,TXN_8453110,Smoothie,3.0,4.0,12.0,Digital Wallet,Takeaway,2023-06-24,Summer
2014,TXN_4954887,Cookie,3.0,1.0,3.0,Digital Wallet,In-store,2023-06-11,Summer
2015,TXN_4449173,Coffee,1.0,2.0,2.0,Digital Wallet,Takeaway,2023-04-05,Spring
2016,TXN_6641409,Smoothie,5.0,4.0,20.0,Digital Wallet,Takeaway,2023-11-21,Autumn
2017,TXN_6132959,Salad,5.0,5.0,25.0,Digital Wallet,Takeaway,2023-07-01,Summer
2018,TXN_8626161,Smoothie,3.0,4.0,12.0,Digital Wallet,In-store,2023-11-23,Autumn
2019,TXN_7099050,Salad,3.0,5.0,15.0,Credit Card,Takeaway,2023-01-18,Winter
2020,TXN_8938663,Coffee,1.0,2.0,2.0,Digital Wallet,Takeaway,2023-09-09,Autumn
2021,TXN_5039624,Cookie,4.0,1.0,4.0,Digital Wallet,Takeaway,2023-04-27,Spring
2022,TXN_9565465,Tea,3.0,1.5,4.5,Credit Card,In-store,2023-12-26,Winter
2023,TXN_6301600,Coffee,4.0,3.0,12.0,Digital Wallet,In-store,2023-02-28,Winter
2025,TXN_4784128,Smoothie,3.0,4.0,12.0,Cash,Takeaway,2023-08-27,Summer
2026,TXN_5807634,Smoothie,5.0,4.0,20.0,Digital Wallet,Takeaway,2023-05-23,Spring
2027,TXN_5560205,Coffee,3.0,2.0,6.0,Cash,In-store,2023-12-22,Winter
2028,TXN_2193092,Coffee,4.0,3.0,12.0,Digital Wallet,Takeaway,2023-10-30,Autumn
2030,TXN_1833277,Tea,2.0,1.5,3.0,Digital Wallet,Takeaway,2023-10-19,Autumn
2032,TXN_6119798,Salad,1.0,5.0,5.0,Credit Card,In-store,2023-09-19,Autumn
2033,TXN_9793353,Coffee,3.0,2.0,6.0,Credit Card,Takeaway,2023-08-21,Summer
2034,TXN_5017895,Salad,4.0,5.0,20.0,Cash,Takeaway,2023-09-25,Autumn
2035,TXN_4547995,Coffee,3.0,3.0,9.0,Digital Wallet,Takeaway,2023-11-30,Autumn
2036,TXN_7032256,Smoothie,5.0,4.0,20.0,Credit Card,Takeaway,2023-03-13,Spring
2037,TXN_2578309,Smoothie,3.0,4.0,12.0,Digital Wallet,Takeaway,2023-05-05,Spring
2038,TXN_2064360,Coffee,4.0,2.0,8.0,Digital Wallet,In-store,2023-08-30,Summer
2039,TXN_5508573,Coffee,1.0,3.0,3.0,Digital Wallet,Takeaway,2023-12-17,Winter
2040,TXN_7125392,Cookie,4.0,1.0,4.0,Digital Wallet,Takeaway,2023-07-05,Summer
2041,TXN_2564219,Salad,1.0,5.0,5.0,Digital Wallet,Takeaway,2023-07-18,Summer
2042,TXN_1203954,Smoothie,1.0,4.0,4.0,Digital Wallet,Takeaway,2023-08-12,Summer
2043,TXN_4671054,Salad,4.0,5.0,20.0,Cash,Takeaway,2023-06-20,Summer
2044,TXN_4488222,Tea,3.0,1.5,4.5,Digital Wallet,Takeaway,2023-03-13,Spring
2045,TXN_3103967,Coffee,2.0,3.0,6.0,Credit Card,Takeaway,2023-11-12,Autumn
2046,TXN_9853577,Smoothie,2.0,4.0,8.0,Credit Card,In-store,2023-04-30,Spring
2047,TXN_4349597,Coffee,4.0,3.0,12.0,Credit Card,Takeaway,2023-08-21,Summer
2048,TXN_3353214,Smoothie,5.0,4.0,20.0,Credit Card,Takeaway,2023-08-12,Summer
2049,TXN_7122708,Smoothie,5.0,4.0,20.0,Digital Wallet,Takeaway,2023-06-23,Summer
2050,TXN_8788437,Coffee,1.0,2.0,2.0,Digital Wallet,Takeaway,2023-11-19,Autumn
2051,TXN_1672443,Coffee,1.0,2.0,2.0,Credit Card,Takeaway,2023-10-03,Autumn
2052,TXN_6277500,Coffee,4.0,2.0,8.0,Credit Card,Takeaway,2023-01-09,Winter
2053,TXN_6671827,Salad,1.0,5.0,5.0,Credit Card,Takeaway,2023-08-09,Summer
2054,TXN_4647042,Smoothie,5.0,4.0,20.0,Digital Wallet,Takeaway,2023-04-25,Spring
2055,TXN_1183212,Coffee,4.0,3.0,12.0,Digital Wallet,In-store,2023-06-30,Summer
2056,TXN_8426712,Cookie,3.0,1.0,3.0,Digital Wallet,In-store,2023-05-22,Spring
2057,TXN_5894676,Smoothie,5.0,4.0,20.0,Credit Card,Takeaway,2023-06-17,Summer
2058,TXN_1411744,Smoothie,4.0,4.0,16.0,Credit Card,Takeaway,2023-09-17,Autumn
2059,TXN_6610554,Coffee,5.0,2.0,10.0,Digital Wallet,Takeaway,2023-10-28,Autumn
2060,TXN_6169248,Coffee,5.0,3.0,15.0,Credit Card,Takeaway,2023-08-12,Summer
2061,TXN_1581997,Salad,4.0,5.0,20.0,Digital Wallet,Takeaway,2023-08-26,Summer
2062,TXN_4868913,Coffee,4.0,3.0,12.0,Cash,Takeaway,2023-06-30,Summer
2063,TXN_8277553,Tea,3.0,1.5,4.5,Cash,Takeaway,2023-09-26,Autumn
2064,TXN_4030197,Salad,3.0,5.0,15.0,Credit Card,Takeaway,2023-03-05,Spring
2065,TXN_7276927,Coffee,5.0,2.0,10.0,Cash,Takeaway,2023-07-06,Summer
2066,TXN_3912836,Salad,1.0,5.0,5.0,Credit Card,In-store,2023-11-23,Autumn
2067,TXN_3833729,Smoothie,4.0,4.0,16.0,Digital Wallet,In-store,2023-11-13,Autumn
2068,TXN_7054393,Coffee,2.0,2.0,4.0,Digital Wallet,In-store,2023-05-30,Spring
2069,TXN_1395083,Coffee,1.0,3.0,3.0,Cash,In-store,2023-07-08,Summer
2070,TXN_8784653,Smoothie,1.0,4.0,4.0,Cash,In-store,2023-09-12,Autumn
2071,TXN_3943666,Coffee,4.0,3.0,12.0,Digital Wallet,Takeaway,2023-03-15,Spring
2072,TXN_8308672,Salad,2.0,5.0,10.0,Digital Wallet,Takeaway,2023-01-01,Winter
2073,TXN_3190959,Tea,2.0,1.5,3.0,Credit Card,Takeaway,2023-12-16,Winter
2074,TXN_6199016,Coffee,1.0,3.0,3.0,Digital Wallet,Takeaway,2023-02-14,Winter
2075,TXN_9301279,Smoothie,1.0,4.0,4.0,Credit Card,Takeaway,2023-05-27,Spring
2076,TXN_8900751,Smoothie,1.0,4.0,4.0,Digital Wallet,Takeaway,2023-01-30,Winter
2077,TXN_6542877,Coffee,1.0,3.0,3.0,Digital Wallet,In-store,2023-12-06,Winter
2078,TXN_5516804,Smoothie,5.0,4.0,20.0,Credit Card,Takeaway,2023-09-26,Autumn
2079,TXN_6345733,Coffee,1.0,2.0,2.0,Digital Wallet,In-store,2023-11-26,Autumn
2080,TXN_5834491,Tea,3.0,1.5,4.5,Digital Wallet,Takeaway,2023-08-13,Summer
2081,TXN_1667192,Coffee,4.0,3.0,12.0,Digital Wallet,Takeaway,2023-07-17,Summer
2082,TXN_1454730,Coffee,5.0,2.0,10.0,Digital Wallet,Takeaway,2023-07-21,Summer
2083,TXN_3243832,Coffee,2.0,3.0,6.0,Digital Wallet,Takeaway,2023-08-10,Summer
2084,TXN_7501717,Smoothie,1.0,4.0,4.0,Credit Card,Takeaway,2023-08-03,Summer
2085,TXN_1351151,Smoothie,1.0,4.0,4.0,Credit Card,Takeaway,2023-10-03,Autumn
2086,TXN_6117497,Coffee,2.0,2.0,4.0,Digital Wallet,In-store,2023-02-13,Winter
2088,TXN_3818464,Coffee,2.0,3.0,6.0,Cash,In-store,2023-03-02,Spring
2089,TXN_2093816,Smoothie,3.0,4.0,12.0,Cash,Takeaway,2023-04-06,Spring
2090,TXN_7694020,Cookie,2.0,1.0,2.0,Digital Wallet,Takeaway,2023-08-06,Summer
2091,TXN_4215488,Salad,5.0,5.0,25.0,Digital Wallet,In-store,2023-10-07,Autumn
2092,TXN_5167425,Coffee,5.0,3.0,15.0,Digital Wallet,Takeaway,2023-08-04,Summer
2093,TXN_7075261,Coffee,1.0,3.0,3.0,Digital Wallet,Takeaway,2023-07-29,Summer
2094,TXN_2694724,Smoothie,2.0,4.0,8.0,Digital Wallet,Takeaway,2023-06-26,Summer
2095,TXN_8285304,Cookie,1.0,1.0,1.0,Cash,Takeaway,2023-07-09,Summer
2096,TXN_7415686,Smoothie,3.0,4.0,12.0,Credit Card,In-store,2023-04-13,Spring
2097,TXN_8877644,Cookie,2.0,1.0,2.0,Digital Wallet,Takeaway,2023-09-01,Autumn
2098,TXN_7231548,Smoothie,3.0,4.0,12.0,Credit Card,In-store,2023-11-06,Autumn
2099,TXN_2879361,Coffee,3.0,3.0,9.0,Digital Wallet,Takeaway,2023-11-22,Autumn
2100,TXN_5956755,Smoothie,5.0,4.0,20.0,Digital Wallet,Takeaway,2023-03-05,Spring
2101,TXN_6124342,Coffee,3.0,3.0,9.0,Digital Wallet,Takeaway,2023-09-14,Autumn
2102,TXN_3824443,Smoothie,3.0,4.0,12.0,Digital Wallet,In-store,2023-10-08,Autumn
2103,TXN_6778177,Cookie,4.0,1.0,4.0,Digital Wallet,Takeaway,2023-10-12,Autumn
2104,TXN_2634410,Smoothie,3.0,4.0,12.0,Digital Wallet,Takeaway,2023-07-15,Summer
2105,TXN_6975750,Coffee,5.0,3.0,15.0,Digital Wallet,Takeaway,2023-01-08,Winter
2107,TXN_7741256,Coffee,5.0,3.0,15.0,Digital Wallet,Takeaway,2023-04-24,Spring
2108,TXN_3484190,Coffee,5.0,2.0,10.0,Digital Wallet,Takeaway,2023-12-27,Winter
2109,TXN_2621008,Cookie,2.0,1.0,2.0,Digital Wallet,Takeaway,2023-10-21,Autumn
2110,TXN_5429861,Coffee,1.0,3.0,3.0,Digital Wallet,Takeaway,2023-03-20,Spring
2111,TXN_2828596,Coffee,2.0,2.0,4.0,Digital Wallet,Takeaway,2023-11-25,Autumn
2112,TXN_6348290,Coffee,4.0,2.0,8.0,Digital Wallet,In-store,2023-01-24,Winter
2113,TXN_9813943,Salad,2.0,5.0,10.0,Cash,Takeaway,2023-04-06,Spring
2114,TXN_2364171,Coffee,4.0,3.0,12.0,Cash,Takeaway,2023-05-18,Spring
2115,TXN_8002886,Coffee,5.0,2.0,10.0,Digital Wallet,Takeaway,2023-05-28,Spring
2116,TXN_9956671,Coffee,3.0,3.0,9.0,Credit Card,Takeaway,2023-05-05,Spring
2117,TXN_7694491,Salad,3.0,5.0,15.0,Cash,In-store,2023-09-01,Autumn
2118,TXN_7517996,Coffee,2.0,3.0,6.0,Cash,Takeaway,2023-10-22,Autumn
2119,TXN_1655827,Coffee,1.0,3.0,3.0,Digital Wallet,In-store,2023-09-06,Autumn
2120,TXN_6047026,Smoothie,2.0,4.0,8.0,Digital Wallet,Takeaway,2023-03-24,Spring
2122,TXN_2764962,Tea,2.0,1.5,3.0,Credit Card,Takeaway,2023-08-13,Summer
2123,TXN_5396727,Coffee,2.0,3.0,6.0,Credit Card,Takeaway,2023-10-13,Autumn
2124,TXN_5198827,Tea,5.0,1.5,7.5,Digital Wallet,Takeaway,2023-02-15,Winter
2125,TXN_8023817,Coffee,4.0,3.0,12.0,Digital Wallet,Takeaway,2023-05-08,Spring
2126,TXN_3413185,Coffee,4.0,3.0,12.0,Credit Card,In-store,2023-03-03,Spring
2127,TXN_9783452,Coffee,3.0,3.0,9.0,Cash,Takeaway,2023-04-11,Spring
2128,TXN_4171507,Tea,1.0,1.5,1.5,Digital Wallet,In-store,2023-10-26,Autumn
2129,TXN_1491299,Coffee,2.0,3.0,6.0,Credit Card,In-store,2023-02-27,Winter
2130,TXN_4187327,Tea,2.0,1.5,3.0,Digital Wallet,Takeaway,2023-04-01,Spring
2131,TXN_3277379,Salad,2.0,5.0,10.0,Credit Card,Takeaway,2023-01-06,Winter
2132,TXN_2568101,Salad,5.0,5.0,25.0,Cash,Takeaway,2023-08-03,Summer
2133,TXN_3247340,Tea,3.0,1.5,4.5,Cash,Takeaway,2023-12-25,Winter
2134,TXN_7797321,Smoothie,5.0,4.0,20.0,Digital Wallet,Takeaway,2023-11-26,Autumn
2136,TXN_3044825,Tea,1.0,1.5,1.5,Credit Card,In-store,2023-08-14,Summer
2137,TXN_9019429,Smoothie,2.0,4.0,8.0,Digital Wallet,Takeaway,2023-05-11,Spring
2138,TXN_9744862,Coffee,4.0,3.0,12.0,Cash,In-store,2023-09-19,Autumn
2139,TXN_6365371,Smoothie,2.0,4.0,8.0,Credit Card,Takeaway,2023-06-16,Summer
2140,TXN_4543880,Salad,3.0,5.0,15.0,Cash,Takeaway,2023-07-18,Summer
2141,TXN_4064245,Coffee,3.0,3.0,9.0,Credit Card,Takeaway,2023-02-20,Winter
2142,TXN_8777692,Coffee,4.0,2.0,8.0,Credit Card,In-store,2023-12-06,Winter
2143,TXN_9126502,Smoothie,5.0,4.0,20.0,Credit Card,Takeaway,2023-09-22,Autumn
2144,TXN_6626427,Cookie,4.0,1.0,4.0,Digital Wallet,In-store,2023-02-13,Winter
2145,TXN_4507755,Coffee,2.0,3.0,6.0,Digital Wallet,Takeaway,2023-05-10,Spring
2146,TXN_3928766,Coffee,5.0,3.0,15.0,Digital Wallet,Takeaway,2023-01-14,Winter
2147,TXN_9104535,Coffee,4.0,3.0,12.0,Digital Wallet,Takeaway,2023-04-13,Spring
2149,TXN_4824773,Salad,5.0,5.0,25.0,Cash,Takeaway,2023-06-06,Summer
2150,TXN_9981953,Smoothie,3.0,4.0,12.0,Digital Wallet,Takeaway,2023-02-03,Winter
2151,TXN_6627338,Coffee,5.0,3.0,15.0,Digital Wallet,Takeaway,2023-12-03,Winter
2152,TXN_3555821,Smoothie,3.0,4.0,12.0,Digital Wallet,In-store,2023-07-12,Summer
2153,TXN_1372991,Coffee,4.0,2.0,8.0,Digital Wallet,In-store,2023-11-17,Autumn
2154,TXN_6364938,Coffee,3.0,2.0,6.0,Digital Wallet,In-store,2023-07-16,Summer
2155,TXN_3040823,Smoothie,1.0,4.0,4.0,Digital Wallet,In-store,2023-10-06,Autumn
2156,TXN_6755757,Smoothie,4.0,4.0,16.0,Credit Card,In-store,2023-04-05,Spring
2157,TXN_4563646,Coffee,5.0,3.0,15.0,Cash,Takeaway,2023-10-10,Autumn
2159,TXN_2130415,Coffee,1.0,2.0,2.0,Digital Wallet,Takeaway,2023-12-08,Winter
2160,TXN_9617421,Tea,1.0,1.5,1.5,Digital Wallet,In-store,2023-08-21,Summer
2161,TXN_1738607,Coffee,2.0,3.0,6.0,Credit Card,In-store,2023-01-17,Winter
2162,TXN_3832513,Salad,1.0,5.0,5.0,Digital Wallet,Takeaway,2023-02-13,Winter
2163,TXN_4128086,Tea,4.0,1.5,6.0,Digital Wallet,Takeaway,2023-05-29,Spring
2164,TXN_3927733,Salad,5.0,5.0,25.0,Credit Card,Takeaway,2023-01-20,Winter
2165,TXN_2518917,Cookie,1.0,1.0,1.0,Digital Wallet,In-store,2023-05-21,Spring
2166,TXN_9489176,Coffee,5.0,3.0,15.0,Digital Wallet,In-store,2023-01-10,Winter
2167,TXN_2004781,Smoothie,5.0,4.0,20.0,Digital Wallet,Takeaway,2023-04-20,Spring
2168,TXN_3061266,Cookie,4.0,1.0,4.0,Credit Card,In-store,2023-12-06,Winter
2169,TXN_2036482,Coffee,1.0,3.0,3.0,Cash,Takeaway,2023-06-04,Summer
2170,TXN_7217284,Salad,3.0,5.0,15.0,Cash,In-store,2023-12-29,Winter
2171,TXN_5055872,Smoothie,3.0,4.0,12.0,Credit Card,Takeaway,2023-02-05,Winter
2172,TXN_1386024,Coffee,4.0,3.0,12.0,Credit Card,Takeaway,2023-05-21,Spring
2173,TXN_8397155,Salad,4.0,5.0,20.0,Credit Card,Takeaway,2023-08-16,Summer
2174,TXN_9491244,Coffee,5.0,3.0,15.0,Digital Wallet,Takeaway,2023-04-19,Spring
2175,TXN_4301188,Smoothie,4.0,4.0,16.0,Credit Card,In-store,2023-12-23,Winter
2176,TXN_4522012,Coffee,2.0,2.0,4.0,Digital Wallet,In-store,2023-04-13,Spring
2177,TXN_4650044,Cookie,4.0,1.0,4.0,Cash,Takeaway,2023-06-21,Summer
2178,TXN_5721215,Tea,2.0,1.5,3.0,Digital Wallet,Takeaway,2023-05-17,Spring
2179,TXN_7865220,Smoothie,1.0,4.0,4.0,Credit Card,Takeaway,2023-06-28,Summer
2180,TXN_1869147,Smoothie,4.0,4.0,16.0,Digital Wallet,Takeaway,2023-11-21,Autumn
2181,TXN_3377885,Smoothie,3.0,4.0,12.0,Cash,Takeaway,2023-05-08,Spring
2182,TXN_9270865,Smoothie,2.0,4.0,8.0,Credit Card,Takeaway,2023-11-06,Autumn
2183,TXN_7373126,Smoothie,2.0,4.0,8.0,Credit Card,Takeaway,2023-11-18,Autumn
2184,TXN_8097899,Coffee,4.0,2.0,8.0,Digital Wallet,Takeaway,2023-09-05,Autumn
2185,TXN_6131415,Tea,5.0,1.5,7.5,Digital Wallet,Takeaway,2023-11-24,Autumn
2186,TXN_1248436,Coffee,4.0,3.0,12.0,Credit Card,Takeaway,2023-08-14,Summer
2187,TXN_1718733,Coffee,3.0,2.0,6.0,Cash,Takeaway,2023-05-31,Spring
2188,TXN_9063887,Coffee,5.0,3.0,15.0,Digital Wallet,Takeaway,2023-07-15,Summer
2189,TXN_5932169,Salad,5.0,5.0,25.0,Credit Card,Takeaway,2023-11-06,Autumn
2190,TXN_6064282,Smoothie,4.0,4.0,16.0,Credit Card,Takeaway,2023-10-18,Autumn
2191,TXN_9309509,Tea,5.0,1.5,7.5,Digital Wallet,Takeaway,2023-11-15,Autumn
2192,TXN_5413274,Smoothie,5.0,4.0,20.0,Credit Card,In-store,2023-02-10,Winter
2193,TXN_5902629,Cookie,3.0,1.0,3.0,Cash,Takeaway,2023-01-26,Winter
2194,TXN_2461859,Smoothie,2.0,4.0,8.0,Digital Wallet,Takeaway,2023-09-23,Autumn
2195,TXN_6629689,Smoothie,2.0,4.0,8.0,Credit Card,In-store,2023-05-29,Spring
2196,TXN_2806206,Smoothie,3.0,4.0,12.0,Cash,Takeaway,2023-01-25,Winter
2197,TXN_8900579,Smoothie,3.0,4.0,12.0,Credit Card,Takeaway,2023-11-01,Autumn
2198,TXN_5406758,Salad,5.0,5.0,25.0,Digital Wallet,Takeaway,2023-07-06,Summer
2199,TXN_2982163,Coffee,4.0,2.0,8.0,Digital Wallet,Takeaway,2023-03-22,Spring
2200,TXN_3225132,Smoothie,3.0,4.0,12.0,Credit Card,Takeaway,2023-06-26,Summer
2201,TXN_6522252,Tea,2.0,1.5,3.0,Digital Wallet,Takeaway,2023-01-14,Winter
2202,TXN_5855981,Coffee,2.0,3.0,6.0,Cash,Takeaway,2023-11-09,Autumn
2203,TXN_4802389,Coffee,2.0,3.0,6.0,Digital Wallet,Takeaway,2023-12-14,Winter
2204,TXN_7516790,Coffee,2.0,3.0,6.0,Digital Wallet,Takeaway,2023-01-08,Winter
2206,TXN_2345373,Tea,3.0,1.5,4.5,Credit Card,Takeaway,2023-02-20,Winter
2207,TXN_9372046,Coffee,3.0,2.0,6.0,Credit Card,In-store,2023-04-10,Spring
2208,TXN_9402270,Coffee,3.0,2.0,6.0,Digital Wallet,In-store,2023-02-09,Winter
2209,TXN_9306229,Smoothie,2.0,4.0,8.0,Digital Wallet,Takeaway,2023-09-08,Autumn
2210,TXN_5379179,Cookie,2.0,1.0,2.0,Digital Wallet,Takeaway,2023-07-08,Summer
2211,TXN_1996318,Coffee,5.0,3.0,15.0,Digital Wallet,Takeaway,2023-09-04,Autumn
2212,TXN_2135613,Smoothie,3.0,4.0,12.0,Digital Wallet,Takeaway,2023-04-06,Spring
2213,TXN_1461246,Smoothie,1.0,4.0,4.0,Digital Wallet,Takeaway,2023-06-01,Summer
2214,TXN_2452624,Coffee,1.0,3.0,3.0,Cash,Takeaway,2023-11-10,Autumn
2215,TXN_1108663,Coffee,3.0,3.0,9.0,Cash,Takeaway,2023-08-16,Summer
2216,TXN_5319247,Smoothie,5.0,4.0,20.0,Digital Wallet,In-store,2023-03-02,Spring
2217,TXN_3599473,Coffee,2.0,2.0,4.0,Cash,Takeaway,2023-08-29,Summer
2218,TXN_4959129,Coffee,2.0,3.0,6.0,Credit Card,In-store,2023-06-24,Summer
2219,TXN_5591145,Smoothie,3.0,4.0,12.0,Digital Wallet,Takeaway,2023-08-22,Summer
2220,TXN_9587015,Salad,3.0,5.0,15.0,Digital Wallet,In-store,2023-06-25,Summer
2221,TXN_7997641,Smoothie,2.0,4.0,8.0,Digital Wallet,In-store,2023-12-20,Winter
2223,TXN_6845472,Smoothie,5.0,4.0,20.0,Digital Wallet,Takeaway,2023-12-11,Winter
2224,TXN_2861396,Salad,5.0,5.0,25.0,Credit Card,Takeaway,2023-01-04,Winter
2225,TXN_6915899,Salad,3.0,5.0,15.0,Credit Card,In-store,2023-05-29,Spring
2226,TXN_6211466,Tea,2.0,1.5,3.0,Cash,In-store,2023-09-12,Autumn
2227,TXN_3200203,Smoothie,2.0,4.0,8.0,Digital Wallet,Takeaway,2023-12-04,Winter
2228,TXN_5198524,Coffee,1.0,3.0,3.0,Credit Card,In-store,2023-06-14,Summer
2230,TXN_3432879,Coffee,5.0,3.0,15.0,Credit Card,Takeaway,2023-02-05,Winter
2231,TXN_6786340,Coffee,5.0,2.0,10.0,Digital Wallet,Takeaway,2023-04-18,Spring
2232,TXN_8689246,Smoothie,5.0,4.0,20.0,Credit Card,In-store,2023-05-16,Spring
2233,TXN_4536553,Tea,2.0,1.5,3.0,Cash,Takeaway,2023-08-17,Summer
2234,TXN_9036067,Cookie,5.0,1.0,5.0,Credit Card,Takeaway,2023-10-06,Autumn
2235,TXN_4201578,Salad,5.0,5.0,25.0,Digital Wallet,In-store,2023-01-23,Winter
2236,TXN_1249069,Coffee,2.0,2.0,4.0,Digital Wallet,Takeaway,2023-01-22,Winter
2237,TXN_4068183,Smoothie,4.0,4.0,16.0,Digital Wallet,Takeaway,2023-08-01,Summer
2238,TXN_7206160,Smoothie,2.0,4.0,8.0,Digital Wallet,Takeaway,2023-09-07,Autumn
2239,TXN_7903841,Coffee,2.0,3.0,6.0,Digital Wallet,Takeaway,2023-06-24,Summer
2240,TXN_8936663,Cookie,4.0,1.0,4.0,Credit Card,Takeaway,2023-11-12,Autumn
2241,TXN_7771434,Coffee,4.0,2.0,8.0,Credit Card,Takeaway,2023-03-26,Spring
2242,TXN_6087494,Coffee,5.0,3.0,15.0,Credit Card,Takeaway,2023-07-05,Summer
2243,TXN_2252121,Smoothie,3.0,4.0,12.0,Digital Wallet,Takeaway,2023-02-01,Winter
2244,TXN_5358805,Coffee,5.0,2.0,10.0,Digital Wallet,Takeaway,2023-01-01,Winter
2245,TXN_2490759,Smoothie,3.0,4.0,12.0,Cash,Takeaway,2023-11-19,Autumn
2246,TXN_2605566,Coffee,2.0,3.0,6.0,Digital Wallet,Takeaway,2023-12-01,Winter
2247,TXN_6691781,Coffee,4.0,2.0,8.0,Credit Card,Takeaway,2023-09-07,Autumn
2248,TXN_1730850,Coffee,2.0,3.0,6.0,Cash,Takeaway,2023-12-15,Winter
2249,TXN_7051359,Coffee,5.0,2.0,10.0,Digital Wallet,Takeaway,2023-10-30,Autumn
2250,TXN_2202863,Salad,5.0,5.0,25.0,Digital Wallet,Takeaway,2023-07-28,Summer
2251,TXN_7145672,Smoothie,1.0,4.0,4.0,Credit Card,Takeaway,2023-10-11,Autumn
2252,TXN_5974123,Smoothie,2.0,4.0,8.0,Digital Wallet,Takeaway,2023-06-25,Summer
2253,TXN_9833245,Cookie,1.0,1.0,1.0,Digital Wallet,Takeaway,2023-04-30,Spring
2254,TXN_1515059,Coffee,4.0,3.0,12.0,Digital Wallet,In-store,2023-10-25,Autumn
2255,TXN_9690114,Coffee,2.0,2.0,4.0,Credit Card,Takeaway,2023-12-01,Winter
2256,TXN_7944534,Tea,2.0,1.5,3.0,Digital Wallet,In-store,2023-10-13,Autumn
2257,TXN_6337312,Salad,1.0,5.0,5.0,Digital Wallet,In-store,2023-01-11,Winter
2258,TXN_5239202,Coffee,1.0,3.0,3.0,Digital Wallet,Takeaway,2023-09-14,Autumn
2259,TXN_1512184,Coffee,3.0,2.0,6.0,Digital Wallet,Takeaway,2023-01-28,Winter
2261,TXN_6811368,Coffee,4.0,2.0,8.0,Digital Wallet,Takeaway,2023-02-18,Winter
2262,TXN_3854036,Coffee,3.0,3.0,9.0,Cash,Takeaway,2023-11-07,Autumn
2263,TXN_3873656,Coffee,3.0,2.0,6.0,Digital Wallet,Takeaway,2023-09-30,Autumn
2264,TXN_8792638,Tea,3.0,1.5,4.5,Credit Card,Takeaway,2023-07-02,Summer
2265,TXN_7397665,Salad,5.0,5.0,25.0,Credit Card,Takeaway,2023-11-11,Autumn
2266,TXN_3493951,Smoothie,5.0,4.0,20.0,Cash,Takeaway,2023-08-20,Summer
2268,TXN_1510315,Coffee,3.0,2.0,6.0,Cash,Takeaway,2023-02-28,Winter
2269,TXN_7763592,Smoothie,1.0,4.0,4.0,Digital Wallet,In-store,2023-02-17,Winter
2270,TXN_9710307,Tea,2.0,1.5,3.0,Digital Wallet,Takeaway,2023-01-24,Winter
2271,TXN_1860406,Coffee,2.0,2.0,4.0,Digital Wallet,Takeaway,2023-06-17,Summer
2272,TXN_1663257,Coffee,3.0,3.0,9.0,Credit Card,Takeaway,2023-04-23,Spring
2273,TXN_2743696,Cookie,1.0,1.0,1.0,Digital Wallet,Takeaway,2023-04-28,Spring
2274,TXN_7640700,Coffee,2.0,3.0,6.0,Digital Wallet,Takeaway,2023-01-15,Winter
2275,TXN_3227186,Salad,2.0,5.0,10.0,Digital Wallet,Takeaway,2023-05-05,Spring
2276,TXN_7917193,Cookie,3.0,1.0,3.0,Cash,Takeaway,2023-05-18,Spring
2277,TXN_2490435,Cookie,1.0,1.0,1.0,Digital Wallet,Takeaway,2023-03-13,Spring
2278,TXN_4698656,Smoothie,4.0,4.0,16.0,Digital Wallet,Takeaway,2023-12-07,Winter
2279,TXN_3507334,Coffee,4.0,3.0,12.0,Digital Wallet,Takeaway,2023-05-05,Spring
2280,TXN_5255023,Smoothie,2.0,4.0,8.0,Credit Card,In-store,2023-11-15,Autumn
2281,TXN_8669012,Tea,3.0,1.5,4.5,Digital Wallet,Takeaway,2023-07-26,Summer
2282,TXN_1299959,Smoothie,5.0,4.0,20.0,Cash,Takeaway,2023-06-23,Summer
2283,TXN_3680047,Salad,5.0,5.0,25.0,Digital Wallet,Takeaway,2023-07-16,Summer
2284,TXN_8379880,Coffee,3.0,3.0,9.0,Digital Wallet,Takeaway,2023-05-24,Spring
2285,TXN_4801832,Salad,2.0,5.0,10.0,Digital Wallet,Takeaway,2023-08-05,Summer
2286,TXN_3425783,Coffee,2.0,3.0,6.0,Digital Wallet,Takeaway,2023-06-15,Summer
2287,TXN_4099487,Smoothie,5.0,4.0,20.0,Digital Wallet,Takeaway,2023-01-25,Winter
2288,TXN_8878830,Coffee,4.0,2.0,8.0,Credit Card,Takeaway,2023-10-11,Autumn
2290,TXN_8295101,Tea,4.0,1.5,6.0,Digital Wallet,Takeaway,2023-10-23,Autumn
2291,TXN_3303114,Salad,4.0,5.0,20.0,Credit Card,In-store,2023-06-18,Summer
2292,TXN_2106437,Tea,1.0,1.5,1.5,Cash,Takeaway,2023-08-01,Summer
2293,TXN_2291713,Salad,4.0,5.0,20.0,Cash,In-store,2023-08-06,Summer
2294,TXN_7552449,Coffee,3.0,3.0,9.0,Cash,Takeaway,2023-05-26,Spring
2295,TXN_9021000,Coffee,3.0,2.0,6.0,Digital Wallet,Takeaway,2023-01-20,Winter
2296,TXN_4205369,Salad,5.0,5.0,25.0,Digital Wallet,Takeaway,2023-07-16,Summer
2297,TXN_4551806,Tea,1.0,1.5,1.5,Digital Wallet,Takeaway,2023-01-09,Winter
2298,TXN_5313211,Smoothie,5.0,4.0,20.0,Credit Card,Takeaway,2023-05-04,Spring
2299,TXN_2282283,Cookie,2.0,1.0,2.0,Digital Wallet,Takeaway,2023-02-23,Winter
2300,TXN_3193321,Smoothie,3.0,4.0,12.0,Digital Wallet,Takeaway,2023-08-15,Summer
2301,TXN_7211769,Coffee,1.0,3.0,3.0,Credit Card,Takeaway,2023-09-11,Autumn
2302,TXN_6643951,Smoothie,1.0,4.0,4.0,Credit Card,In-store,2023-01-07,Winter
2303,TXN_1653570,Coffee,5.0,2.0,10.0,Digital Wallet,Takeaway,2023-10-10,Autumn
2304,TXN_3722720,Salad,2.0,5.0,10.0,Digital Wallet,In-store,2023-06-27,Summer
2305,TXN_7624646,Smoothie,2.0,4.0,8.0,Digital Wallet,Takeaway,2023-03-24,Spring
2306,TXN_6725579,Tea,2.0,1.5,3.0,Credit Card,Takeaway,2023-02-21,Winter
2307,TXN_4015101,Smoothie,1.0,4.0,4.0,Credit Card,Takeaway,2023-01-18,Winter
2308,TXN_6037712,Salad,3.0,5.0,15.0,Credit Card,In-store,2023-08-10,Summer
2309,TXN_6845225,Tea,4.0,1.5,6.0,Credit Card,Takeaway,2023-02-21,Winter
2310,TXN_5214219,Salad,4.0,5.0,20.0,Credit Card,Takeaway,2023-03-22,Spring
2311,TXN_3388054,Coffee,5.0,2.0,10.0,Cash,Takeaway,2023-11-13,Autumn
2312,TXN_5817991,Smoothie,4.0,4.0,16.0,Cash,Takeaway,2023-05-24,Spring
2313,TXN_2916247,Salad,3.0,5.0,15.0,Digital Wallet,In-store,2023-09-03,Autumn
2314,TXN_9798525,Coffee,2.0,2.0,4.0,Digital Wallet,Takeaway,2023-11-05,Autumn
2315,TXN_4974012,Smoothie,5.0,4.0,20.0,Cash,Takeaway,2023-05-17,Spring
2316,TXN_7644000,Coffee,2.0,3.0,6.0,Digital Wallet,Takeaway,2023-02-07,Winter
2317,TXN_1482123,Coffee,1.0,2.0,2.0,Cash,In-store,2023-06-17,Summer
2318,TXN_5622313,Salad,2.0,5.0,10.0,Credit Card,In-store,2023-01-07,Winter
2319,TXN_5737831,Coffee,4.0,3.0,12.0,Digital Wallet,Takeaway,2023-05-15,Spring
2320,TXN_3446033,Cookie,3.0,1.0,3.0,Credit Card,Takeaway,2023-02-15,Winter
2321,TXN_6249754,Smoothie,1.0,4.0,4.0,Credit Card,Takeaway,2023-10-21,Autumn
2322,TXN_9729280,Tea,3.0,1.5,4.5,Credit Card,In-store,2023-11-06,Autumn
2323,TXN_9551638,Salad,3.0,5.0,15.0,Cash,Takeaway,2023-06-25,Summer
2324,TXN_5158607,Smoothie,4.0,4.0,16.0,Credit Card,Takeaway,2023-03-24,Spring
2325,TXN_1045022,Smoothie,4.0,4.0,16.0,Credit Card,Takeaway,2023-10-13,Autumn
2326,TXN_5818032,Cookie,1.0,1.0,1.0,Digital Wallet,Takeaway,2023-04-19,Spring
2327,TXN_5404249,Smoothie,1.0,4.0,4.0,Digital Wallet,Takeaway,2023-10-04,Autumn
2328,TXN_5484423,Coffee,2.0,2.0,4.0,Digital Wallet,Takeaway,2023-08-26,Summer
2329,TXN_4598397,Coffee,4.0,2.0,8.0,Cash,Takeaway,2023-09-13,Autumn
2331,TXN_9186913,Cookie,2.0,1.0,2.0,Credit Card,Takeaway,2023-10-16,Autumn
2332,TXN_9507002,Smoothie,1.0,4.0,4.0,Cash,Takeaway,2023-05-08,Spring
2333,TXN_4423218,Cookie,3.0,1.0,3.0,Cash,In-store,2023-05-29,Spring
2334,TXN_4851339,Smoothie,1.0,4.0,4.0,Digital Wallet,Takeaway,2023-02-01,Winter
2335,TXN_3274105,Cookie,5.0,1.0,5.0,Credit Card,Takeaway,2023-07-28,Summer
2336,TXN_2810280,Smoothie,1.0,4.0,4.0,Digital Wallet,Takeaway,2023-06-25,Summer
2337,TXN_9901424,Cookie,3.0,1.0,3.0,Digital Wallet,Takeaway,2023-05-30,Spring
2338,TXN_3880417,Cookie,1.0,1.0,1.0,Digital Wallet,In-store,2023-06-27,Summer
2339,TXN_3756680,Tea,2.0,1.5,3.0,Credit Card,Takeaway,2023-08-30,Summer
2340,TXN_2334523,Coffee,5.0,2.0,10.0,Digital Wallet,Takeaway,2023-08-17,Summer
2341,TXN_8611913,Tea,5.0,1.5,7.5,Digital Wallet,In-store,2023-07-16,Summer
2343,TXN_9904091,Salad,4.0,5.0,20.0,Digital Wallet,Takeaway,2023-05-20,Spring
2345,TXN_5908857,Smoothie,5.0,4.0,20.0,Digital Wallet,In-store,2023-06-04,Summer
2346,TXN_4411172,Smoothie,4.0,4.0,16.0,Cash,Takeaway,2023-07-09,Summer
2347,TXN_6841805,Coffee,2.0,3.0,6.0,Digital Wallet,Takeaway,2023-02-14,Winter
2348,TXN_7800236,Salad,3.0,5.0,15.0,Digital Wallet,Takeaway,2023-07-19,Summer
2349,TXN_2413026,Coffee,1.0,2.0,2.0,Digital Wallet,Takeaway,2023-04-26,Spring
2350,TXN_9947479,Smoothie,5.0,4.0,20.0,Cash,Takeaway,2023-09-27,Autumn
2351,TXN_6403859,Smoothie,5.0,4.0,20.0,Credit Card,In-store,2023-03-06,Spring
2352,TXN_6828371,Smoothie,4.0,4.0,16.0,Digital Wallet,Takeaway,2023-10-20,Autumn
2353,TXN_8335965,Tea,5.0,1.5,7.5,Credit Card,Takeaway,2023-03-21,Spring
2355,TXN_9703722,Smoothie,5.0,4.0,20.0,Digital Wallet,Takeaway,2023-01-11,Winter
2356,TXN_6259001,Tea,4.0,1.5,6.0,Digital Wallet,In-store,2023-01-30,Winter
2357,TXN_6119081,Coffee,2.0,2.0,4.0,Cash,In-store,2023-09-27,Autumn
2358,TXN_4811887,Coffee,2.0,3.0,6.0,Cash,In-store,2023-02-11,Winter
2359,TXN_9587814,Coffee,3.0,3.0,9.0,Cash,In-store,2023-01-25,Winter
2360,TXN_7682605,Tea,5.0,1.5,7.5,Digital Wallet,Takeaway,2023-10-19,Autumn
2362,TXN_7946450,Smoothie,1.0,4.0,4.0,Credit Card,In-store,2023-07-15,Summer
2363,TXN_2611393,Smoothie,3.0,4.0,12.0,Digital Wallet,Takeaway,2023-04-25,Spring
2364,TXN_2122597,Coffee,3.0,3.0,9.0,Credit Card,Takeaway,2023-05-11,Spring
2365,TXN_7510217,Tea,5.0,1.5,7.5,Credit Card,In-store,2023-10-24,Autumn
2366,TXN_3267783,Coffee,3.0,3.0,9.0,Digital Wallet,In-store,2023-10-30,Autumn
2367,TXN_7852397,Tea,3.0,1.5,4.5,Cash,In-store,2023-08-10,Summer
2368,TXN_8459594,Smoothie,1.0,4.0,4.0,Credit Card,Takeaway,2023-11-07,Autumn
2369,TXN_9190969,Coffee,1.0,2.0,2.0,Digital Wallet,In-store,2023-10-06,Autumn
2370,TXN_2982995,Salad,1.0,5.0,5.0,Credit Card,Takeaway,2023-04-06,Spring
2371,TXN_9181144,Coffee,3.0,3.0,9.0,Digital Wallet,Takeaway,2023-10-25,Autumn
2372,TXN_6490609,Salad,4.0,5.0,20.0,Digital Wallet,In-store,2023-03-03,Spring
2373,TXN_9938260,Smoothie,4.0,4.0,16.0,Digital Wallet,In-store,2023-03-03,Spring
2374,TXN_5486398,Cookie,4.0,1.0,4.0,Cash,Takeaway,2023-05-13,Spring
2375,TXN_5875661,Smoothie,3.0,4.0,12.0,Credit Card,Takeaway,2023-08-12,Summer
2376,TXN_2555823,Coffee,4.0,3.0,12.0,Digital Wallet,Takeaway,2023-06-21,Summer
2377,TXN_4223265,Coffee,5.0,3.0,15.0,Digital Wallet,In-store,2023-06-06,Summer
2378,TXN_3390072,Tea,1.0,1.5,1.5,Credit Card,Takeaway,2023-05-03,Spring
2379,TXN_6491662,Coffee,2.0,2.0,4.0,Digital Wallet,Takeaway,2023-10-06,Autumn
2380,TXN_1248167,Smoothie,1.0,4.0,4.0,Cash,Takeaway,2023-03-05,Spring
2381,TXN_9500986,Cookie,2.0,1.0,2.0,Digital Wallet,Takeaway,2023-05-10,Spring
2382,TXN_2147453,Cookie,4.0,1.0,4.0,Credit Card,Takeaway,2023-04-27,Spring
2383,TXN_9137801,Smoothie,5.0,4.0,20.0,Credit Card,In-store,2023-06-10,Summer
2384,TXN_4892303,Smoothie,4.0,4.0,16.0,Digital Wallet,Takeaway,2023-07-16,Summer
2385,TXN_5985451,Smoothie,2.0,4.0,8.0,Digital Wallet,Takeaway,2023-07-24,Summer
2386,TXN_6092344,Cookie,5.0,1.0,5.0,Credit Card,Takeaway,2023-12-04,Winter
2387,TXN_1218016,Tea,3.0,1.5,4.5,Digital Wallet,Takeaway,2023-11-26,Autumn
2388,TXN_8110646,Coffee,2.0,3.0,6.0,Credit Card,Takeaway,2023-06-07,Summer
2389,TXN_1221777,Coffee,3.0,2.0,6.0,Digital Wallet,In-store,2023-01-29,Winter
2390,TXN_3691087,Cookie,4.0,1.0,4.0,Digital Wallet,Takeaway,2023-07-11,Summer
2391,TXN_5571026,Salad,1.0,5.0,5.0,Cash,Takeaway,2023-09-08,Autumn
2392,TXN_6336973,Coffee,4.0,2.0,8.0,Digital Wallet,Takeaway,2023-03-21,Spring
2393,TXN_5609260,Cookie,5.0,1.0,5.0,Digital Wallet,In-store,2023-05-02,Spring
2394,TXN_4242676,Coffee,5.0,2.0,10.0,Credit Card,Takeaway,2023-11-26,Autumn
2395,TXN_6835777,Coffee,5.0,3.0,15.0,Digital Wallet,Takeaway,2023-05-11,Spring
2396,TXN_6097706,Smoothie,4.0,4.0,16.0,Cash,Takeaway,2023-02-15,Winter
2397,TXN_5496581,Coffee,1.0,3.0,3.0,Credit Card,Takeaway,2023-08-11,Summer
2398,TXN_2897468,Salad,2.0,5.0,10.0,Cash,Takeaway,2023-10-10,Autumn
2399,TXN_3260087,Salad,5.0,5.0,25.0,Digital Wallet,Takeaway,2023-04-20,Spring
2400,TXN_2047672,Smoothie,1.0,4.0,4.0,Credit Card,In-store,2023-01-25,Winter
2401,TXN_6893490,Coffee,3.0,2.0,6.0,Credit Card,Takeaway,2023-03-17,Spring
2402,TXN_3743336,Salad,2.0,5.0,10.0,Digital Wallet,Takeaway,2023-02-21,Winter
2403,TXN_6851654,Salad,1.0,5.0,5.0,Digital Wallet,Takeaway,2023-01-25,Winter
2404,TXN_8510511,Coffee,4.0,2.0,8.0,Digital Wallet,Takeaway,2023-10-06,Autumn
2405,TXN_2092306,Coffee,4.0,3.0,12.0,Digital Wallet,In-store,2023-04-01,Spring
2406,TXN_7345190,Smoothie,4.0,4.0,16.0,Digital Wallet,Takeaway,2023-02-20,Winter
2407,TXN_6647319,Coffee,5.0,3.0,15.0,Credit Card,Takeaway,2023-10-23,Autumn
2408,TXN_5889912,Salad,1.0,5.0,5.0,Cash,In-store,2023-09-26,Autumn
2409,TXN_4483304,Smoothie,4.0,4.0,16.0,Credit Card,Takeaway,2023-11-08,Autumn
2410,TXN_3720223,Coffee,4.0,3.0,12.0,Cash,Takeaway,2023-10-22,Autumn
2411,TXN_4506778,Coffee,3.0,3.0,9.0,Digital Wallet,Takeaway,2023-04-21,Spring
2412,TXN_8226226,Smoothie,1.0,4.0,4.0,Digital Wallet,In-store,2023-07-30,Summer
2413,TXN_9723120,Tea,5.0,1.5,7.5,Credit Card,Takeaway,2023-01-26,Winter
2414,TXN_2726676,Coffee,3.0,2.0,6.0,Digital Wallet,In-store,2023-08-10,Summer
2415,TXN_4011694,Coffee,1.0,2.0,2.0,Credit Card,In-store,2023-09-02,Autumn
2416,TXN_3327212,Tea,2.0,1.5,3.0,Credit Card,Takeaway,2023-12-20,Winter
2417,TXN_3558795,Smoothie,1.0,4.0,4.0,Cash,In-store,2023-05-30,Spring
2418,TXN_9989242,Smoothie,4.0,4.0,16.0,Digital Wallet,Takeaway,2023-09-12,Autumn
2419,TXN_2035772,Cookie,2.0,1.0,2.0,Cash,Takeaway,2023-01-17,Winter
2420,TXN_2711627,Smoothie,5.0,4.0,20.0,Cash,Takeaway,2023-11-09,Autumn
2421,TXN_2804828,Coffee,3.0,3.0,9.0,Cash,Takeaway,2023-02-25,Winter
2422,TXN_3869958,Coffee,1.0,3.0,3.0,Digital Wallet,Takeaway,2023-01-11,Winter
2423,TXN_9684465,Coffee,5.0,3.0,15.0,Digital Wallet,Takeaway,2023-02-15,Winter
2425,TXN_6476304,Smoothie,2.0,4.0,8.0,Credit Card,Takeaway,2023-03-17,Spring
2426,TXN_3893927,Salad,4.0,5.0,20.0,Digital Wallet,In-store,2023-09-14,Autumn
2427,TXN_5947976,Coffee,3.0,2.0,6.0,Digital Wallet,In-store,2023-05-21,Spring
2428,TXN_4139983,Tea,5.0,1.5,7.5,Cash,Takeaway,2023-10-16,Autumn
2429,TXN_4571222,Cookie,2.0,1.0,2.0,Credit Card,Takeaway,2023-03-21,Spring
2430,TXN_6484542,Salad,5.0,5.0,25.0,Credit Card,Takeaway,2023-05-18,Spring
2431,TXN_5183630,Coffee,4.0,2.0,8.0,Digital Wallet,In-store,2023-02-15,Winter
2432,TXN_5562799,Cookie,5.0,1.0,5.0,Digital Wallet,Takeaway,2023-10-25,Autumn
2433,TXN_9601220,Cookie,3.0,1.0,3.0,Digital Wallet,Takeaway,2023-04-20,Spring
2434,TXN_6404625,Coffee,5.0,3.0,15.0,Credit Card,Takeaway,2023-04-24,Spring
2435,TXN_5327102,Cookie,2.0,1.0,2.0,Digital Wallet,Takeaway,2023-07-16,Summer
2436,TXN_5741619,Smoothie,5.0,4.0,20.0,Cash,Takeaway,2023-01-02,Winter
2437,TXN_4452589,Tea,1.0,1.5,1.5,Digital Wallet,Takeaway,2023-08-22,Summer
2438,TXN_6540284,Coffee,1.0,3.0,3.0,Digital Wallet,Takeaway,2023-04-24,Spring
2439,TXN_9657957,Smoothie,2.0,4.0,8.0,Digital Wallet,Takeaway,2023-11-27,Autumn
2440,TXN_3670939,Tea,3.0,1.5,4.5,Cash,Takeaway,2023-07-13,Summer
2441,TXN_2935871,Cookie,4.0,1.0,4.0,Cash,Takeaway,2023-07-07,Summer
2442,TXN_1610204,Coffee,1.0,3.0,3.0,Digital Wallet,Takeaway,2023-02-19,Winter
2443,TXN_8372268,Salad,2.0,5.0,10.0,Digital Wallet,Takeaway,2023-06-15,Summer
2444,TXN_1239021,Smoothie,5.0,4.0,20.0,Credit Card,Takeaway,2023-09-15,Autumn
2445,TXN_1863866,Smoothie,1.0,4.0,4.0,Cash,Takeaway,2023-10-03,Autumn
2446,TXN_4630854,Tea,1.0,1.5,1.5,Digital Wallet,Takeaway,2023-02-10,Winter
2447,TXN_6183842,Tea,3.0,1.5,4.5,Digital Wallet,Takeaway,2023-09-15,Autumn
2448,TXN_5355693,Smoothie,1.0,4.0,4.0,Digital Wallet,Takeaway,2023-12-03,Winter
2449,TXN_8284910,Smoothie,1.0,4.0,4.0,Cash,In-store,2023-07-19,Summer
2450,TXN_4408913,Salad,2.0,5.0,10.0,Cash,Takeaway,2023-08-24,Summer
2451,TXN_2123573,Coffee,5.0,2.0,10.0,Digital Wallet,Takeaway,2023-01-09,Winter
2452,TXN_8036176,Cookie,4.0,1.0,4.0,Credit Card,Takeaway,2023-06-20,Summer
2453,TXN_9107676,Smoothie,2.0,4.0,8.0,Cash,Takeaway,2023-02-12,Winter
2454,TXN_2490185,Salad,4.0,5.0,20.0,Credit Card,In-store,2023-12-18,Winter
2455,TXN_6295420,Coffee,1.0,3.0,3.0,Digital Wallet,Takeaway,2023-09-27,Autumn
2456,TXN_1542042,Coffee,4.0,3.0,12.0,Credit Card,Takeaway,2023-07-26,Summer
2457,TXN_7716125,Cookie,2.0,1.0,2.0,Digital Wallet,Takeaway,2023-05-17,Spring
2458,TXN_6579109,Coffee,1.0,3.0,3.0,Credit Card,Takeaway,2023-02-22,Winter
2459,TXN_5577030,Cookie,4.0,1.0,4.0,Digital Wallet,Takeaway,2023-02-15,Winter
2460,TXN_3910230,Smoothie,5.0,4.0,20.0,Cash,Takeaway,2023-01-05,Winter
2461,TXN_8031804,Coffee,4.0,2.0,8.0,Credit Card,Takeaway,2023-07-01,Summer
2462,TXN_6928775,Cookie,2.0,1.0,2.0,Cash,In-store,2023-03-25,Spring
2463,TXN_6755107,Smoothie,2.0,4.0,8.0,Digital Wallet,Takeaway,2023-11-14,Autumn
2464,TXN_5153899,Tea,3.0,1.5,4.5,Digital Wallet,Takeaway,2023-03-01,Spring
2465,TXN_5632156,Smoothie,4.0,4.0,16.0,Digital Wallet,Takeaway,2023-08-02,Summer
2466,TXN_9861782,Smoothie,4.0,4.0,16.0,Credit Card,In-store,2023-07-15,Summer
2467,TXN_8861275,Smoothie,2.0,4.0,8.0,Digital Wallet,In-store,2023-10-31,Autumn
2468,TXN_8961155,Coffee,5.0,3.0,15.0,Cash,Takeaway,2023-09-06,Autumn
2469,TXN_6112765,Coffee,2.0,2.0,4.0,Credit Card,Takeaway,2023-07-21,Summer
2470,TXN_7090563,Smoothie,3.0,4.0,12.0,Digital Wallet,In-store,2023-08-17,Summer
2471,TXN_9737090,Smoothie,3.0,4.0,12.0,Digital Wallet,In-store,2023-06-01,Summer
2472,TXN_2847831,Coffee,1.0,2.0,2.0,Cash,In-store,2023-02-19,Winter
2473,TXN_3385167,Tea,3.0,1.5,4.5,Cash,In-store,2023-04-26,Spring
2474,TXN_1938071,Smoothie,4.0,4.0,16.0,Credit Card,In-store,2023-12-25,Winter
2475,TXN_8774692,Tea,5.0,1.5,7.5,Digital Wallet,Takeaway,2023-07-12,Summer
2476,TXN_4887268,Salad,1.0,5.0,5.0,Credit Card,In-store,2023-10-16,Autumn
2477,TXN_9506372,Coffee,4.0,3.0,12.0,Digital Wallet,Takeaway,2023-11-06,Autumn
2478,TXN_6651961,Salad,4.0,5.0,20.0,Credit Card,In-store,2023-02-08,Winter
2479,TXN_2537138,Coffee,3.0,3.0,9.0,Digital Wallet,Takeaway,2023-10-24,Autumn
2480,TXN_2015313,Salad,5.0,5.0,25.0,Cash,Takeaway,2023-10-18,Autumn
2481,TXN_5604797,Coffee,1.0,2.0,2.0,Cash,In-store,2023-10-13,Autumn
2482,TXN_6303383,Coffee,4.0,3.0,12.0,Digital Wallet,In-store,2023-09-22,Autumn
2483,TXN_5203710,Salad,4.0,5.0,20.0,Digital Wallet,Takeaway,2023-04-22,Spring
2485,TXN_5403707,Smoothie,3.0,4.0,12.0,Cash,In-store,2023-03-20,Spring
2486,TXN_4084052,Coffee,2.0,3.0,6.0,Digital Wallet,In-store,2023-06-30,Summer
2487,TXN_3843541,Salad,3.0,5.0,15.0,Credit Card,In-store,2023-03-06,Spring
2488,TXN_4000025,Tea,5.0,1.5,7.5,Digital Wallet,Takeaway,2023-06-12,Summer
2489,TXN_7113656,Coffee,2.0,3.0,6.0,Credit Card,Takeaway,2023-01-22,Winter
2490,TXN_6039235,Coffee,2.0,3.0,6.0,Digital Wallet,Takeaway,2023-06-25,Summer
2491,TXN_6621756,Cookie,1.0,1.0,1.0,Digital Wallet,Takeaway,2023-11-14,Autumn
2492,TXN_3923847,Coffee,2.0,3.0,6.0,Credit Card,Takeaway,2023-09-12,Autumn
2493,TXN_3226989,Salad,1.0,5.0,5.0,Credit Card,Takeaway,2023-04-17,Spring
2494,TXN_1523567,Salad,3.0,5.0,15.0,Digital Wallet,Takeaway,2023-11-22,Autumn
2495,TXN_8751289,Tea,2.0,1.5,3.0,Cash,In-store,2023-09-10,Autumn
2496,TXN_9996195,Coffee,5.0,3.0,15.0,Digital Wallet,In-store,2023-03-16,Spring
2497,TXN_2151688,Coffee,5.0,3.0,15.0,Digital Wallet,Takeaway,2023-09-29,Autumn
2498,TXN_4243591,Coffee,4.0,3.0,12.0,Credit Card,In-store,2023-10-11,Autumn
2499,TXN_4138399,Cookie,5.0,1.0,5.0,Credit Card,Takeaway,2023-07-03,Summer
2500,TXN_1724233,Cookie,5.0,1.0,5.0,Digital Wallet,Takeaway,2023-02-01,Winter
2501,TXN_1564506,Smoothie,5.0,4.0,20.0,Digital Wallet,In-store,2023-02-01,Winter
2502,TXN_3520982,Salad,5.0,5.0,25.0,Digital Wallet,Takeaway,2023-10-26,Autumn
2504,TXN_8936591,Cookie,5.0,1.0,5.0,Digital Wallet,In-store,2023-03-22,Spring
2505,TXN_7622389,Tea,4.0,1.5,6.0,Digital Wallet,In-store,2023-02-26,Winter
2506,TXN_2896048,Tea,4.0,1.5,6.0,Cash,Takeaway,2023-05-17,Spring
2507,TXN_2204457,Coffee,4.0,2.0,8.0,Cash,Takeaway,2023-01-06,Winter
2508,TXN_1319834,Cookie,1.0,1.0,1.0,Digital Wallet,Takeaway,2023-03-31,Spring
2510,TXN_7503593,Cookie,5.0,1.0,5.0,Digital Wallet,Takeaway,2023-04-19,Spring
2511,TXN_4076463,Cookie,3.0,1.0,3.0,Digital Wallet,Takeaway,2023-06-25,Summer
2512,TXN_1901704,Salad,5.0,5.0,25.0,Cash,Takeaway,2023-11-17,Autumn
2513,TXN_5589433,Coffee,2.0,3.0,6.0,Cash,In-store,2023-03-13,Spring
2514,TXN_4386732,Smoothie,4.0,4.0,16.0,Cash,Takeaway,2023-08-01,Summer
2515,TXN_3174336,Cookie,1.0,1.0,1.0,Digital Wallet,Takeaway,2023-07-17,Summer
2516,TXN_4983903,Smoothie,5.0,4.0,20.0,Digital Wallet,Takeaway,2023-09-18,Autumn
2517,TXN_8043642,Salad,4.0,5.0,20.0,Cash,In-store,2023-06-12,Summer
2518,TXN_1223805,Coffee,3.0,3.0,9.0,Digital Wallet,In-store,2023-07-04,Summer
2519,TXN_3879110,Cookie,4.0,1.0,4.0,Credit Card,Takeaway,2023-03-18,Spring
2520,TXN_9551491,Salad,1.0,5.0,5.0,Digital Wallet,Takeaway,2023-07-13,Summer
2521,TXN_3033987,Coffee,4.0,3.0,12.0,Cash,Takeaway,2023-03-13,Spring
2522,TXN_2732570,Cookie,3.0,1.0,3.0,Digital Wallet,Takeaway,2023-06-23,Summer
2523,TXN_9104781,Smoothie,2.0,4.0,8.0,Digital Wallet,Takeaway,2023-07-03,Summer
2524,TXN_7876775,Coffee,5.0,2.0,10.0,Digital Wallet,Takeaway,2023-02-09,Winter
2525,TXN_7566250,Salad,3.0,5.0,15.0,Digital Wallet,Takeaway,2023-06-04,Summer
2526,TXN_3365018,Coffee,5.0,3.0,15.0,Cash,Takeaway,2023-02-06,Winter
2527,TXN_1487762,Tea,3.0,1.5,4.5,Digital Wallet,Takeaway,2023-02-07,Winter
2528,TXN_4592205,Cookie,3.0,1.0,3.0,Credit Card,In-store,2023-12-30,Winter
2529,TXN_6660755,Cookie,2.0,1.0,2.0,Credit Card,In-store,2023-05-16,Spring
2530,TXN_3750900,Tea,2.0,1.5,3.0,Credit Card,In-store,2023-04-03,Spring
2531,TXN_3290872,Coffee,2.0,3.0,6.0,Credit Card,In-store,2023-06-13,Summer
2532,TXN_6378158,Salad,5.0,5.0,25.0,Credit Card,In-store,2023-06-17,Summer
2533,TXN_8800818,Coffee,2.0,3.0,6.0,Digital Wallet,Takeaway,2023-09-28,Autumn
2534,TXN_5707386,Tea,5.0,1.5,7.5,Digital Wallet,Takeaway,2023-06-28,Summer
2535,TXN_1145592,Coffee,1.0,3.0,3.0,Credit Card,Takeaway,2023-09-11,Autumn
2536,TXN_2670487,Coffee,3.0,2.0,6.0,Digital Wallet,Takeaway,2023-10-20,Autumn
2537,TXN_9485101,Cookie,2.0,1.0,2.0,Cash,Takeaway,2023-11-01,Autumn
2538,TXN_9667219,Coffee,4.0,3.0,12.0,Cash,In-store,2023-10-09,Autumn
2539,TXN_3119835,Tea,2.0,1.5,3.0,Digital Wallet,In-store,2023-03-01,Spring
2541,TXN_7014091,Coffee,5.0,2.0,10.0,Cash,In-store,2023-11-26,Autumn
2542,TXN_7107807,Cookie,1.0,1.0,1.0,Digital Wallet,Takeaway,2023-11-01,Autumn
2543,TXN_5698925,Coffee,2.0,3.0,6.0,Digital Wallet,In-store,2023-04-08,Spring
2544,TXN_6662213,Smoothie,4.0,4.0,16.0,Digital Wallet,Takeaway,2023-01-18,Winter
2545,TXN_1336900,Coffee,5.0,2.0,10.0,Credit Card,Takeaway,2023-01-16,Winter
2546,TXN_2250785,Coffee,1.0,3.0,3.0,Cash,Takeaway,2023-03-19,Spring
2547,TXN_8122340,Coffee,4.0,2.0,8.0,Credit Card,Takeaway,2023-06-09,Summer
2548,TXN_9911498,Coffee,4.0,2.0,8.0,Cash,In-store,2023-03-27,Spring
2550,TXN_3741325,Smoothie,5.0,4.0,20.0,Digital Wallet,Takeaway,2023-07-04,Summer
2551,TXN_8658970,Salad,3.0,5.0,15.0,Credit Card,Takeaway,2023-09-03,Autumn
2552,TXN_2887971,Smoothie,2.0,4.0,8.0,Digital Wallet,Takeaway,2023-06-26,Summer
2553,TXN_9865855,Coffee,3.0,2.0,6.0,Digital Wallet,Takeaway,2023-04-18,Spring
2554,TXN_2217295,Coffee,4.0,3.0,12.0,Credit Card,In-store,2023-11-22,Autumn
2555,TXN_8913492,Smoothie,4.0,4.0,16.0,Credit Card,In-store,2023-12-25,Winter
2556,TXN_5625086,Smoothie,1.0,4.0,4.0,Credit Card,In-store,2023-06-17,Summer
2557,TXN_2690222,Coffee,4.0,3.0,12.0,Digital Wallet,Takeaway,2023-01-01,Winter
2558,TXN_5767429,Coffee,2.0,3.0,6.0,Digital Wallet,Takeaway,2023-03-19,Spring
2559,TXN_5910541,Coffee,5.0,3.0,15.0,Cash,In-store,2023-09-08,Autumn
2560,TXN_4435352,Salad,2.0,5.0,10.0,Credit Card,Takeaway,2023-05-03,Spring
2561,TXN_1009421,Cookie,4.0,1.0,4.0,Cash,Takeaway,2023-02-21,Winter
2562,TXN_5369243,Smoothie,4.0,4.0,16.0,Cash,Takeaway,2023-11-16,Autumn
2563,TXN_2939667,Coffee,1.0,3.0,3.0,Digital Wallet,In-store,2023-12-21,Winter
2564,TXN_5734395,Smoothie,5.0,4.0,20.0,Cash,Takeaway,2023-05-17,Spring
2565,TXN_2966262,Tea,3.0,1.5,4.5,Cash,Takeaway,2023-11-19,Autumn
2566,TXN_7293241,Coffee,1.0,2.0,2.0,Digital Wallet,Takeaway,2023-08-27,Summer
2567,TXN_1827212,Smoothie,5.0,4.0,20.0,Digital Wallet,Takeaway,2023-12-22,Winter
2568,TXN_4809548,Smoothie,3.0,4.0,12.0,Digital Wallet,Takeaway,2023-11-04,Autumn
2569,TXN_2224935,Coffee,1.0,2.0,2.0,Digital Wallet,Takeaway,2023-04-15,Spring
2570,TXN_7580441,Coffee,1.0,2.0,2.0,Cash,Takeaway,2023-08-09,Summer
2571,TXN_4897993,Smoothie,4.0,4.0,16.0,Digital Wallet,In-store,2023-12-07,Winter
2572,TXN_9522045,Coffee,3.0,2.0,6.0,Digital Wallet,Takeaway,2023-05-30,Spring
2573,TXN_6128966,Smoothie,3.0,4.0,12.0,Digital Wallet,Takeaway,2023-12-18,Winter
2574,TXN_5475746,Coffee,3.0,3.0,9.0,Credit Card,In-store,2023-08-20,Summer
2575,TXN_6071339,Coffee,5.0,2.0,10.0,Cash,Takeaway,2023-10-17,Autumn
2576,TXN_9540864,Cookie,2.0,1.0,2.0,Digital Wallet,Takeaway,2023-08-07,Summer
2577,TXN_6389404,Coffee,5.0,3.0,15.0,Digital Wallet,In-store,2023-11-20,Autumn
2578,TXN_8724474,Salad,5.0,5.0,25.0,Cash,Takeaway,2023-08-04,Summer
2579,TXN_8199524,Coffee,5.0,3.0,15.0,Cash,Takeaway,2023-12-01,Winter
2580,TXN_1212652,Coffee,3.0,3.0,9.0,Credit Card,Takeaway,2023-01-30,Winter
2581,TXN_1799247,Coffee,3.0,2.0,6.0,Digital Wallet,Takeaway,2023-01-25,Winter
2582,TXN_5745054,Smoothie,1.0,4.0,4.0,Credit Card,Takeaway,2023-01-26,Winter
2583,TXN_4328090,Smoothie,1.0,4.0,4.0,Digital Wallet,In-store,2023-04-18,Spring
2584,TXN_3499226,Coffee,1.0,3.0,3.0,Credit Card,Takeaway,2023-09-08,Autumn
2586,TXN_3893480,Cookie,3.0,1.0,3.0,Digital Wallet,Takeaway,2023-12-24,Winter
2587,TXN_2614271,Smoothie,2.0,4.0,8.0,Digital Wallet,Takeaway,2023-08-03,Summer
2588,TXN_8295765,Coffee,4.0,3.0,12.0,Digital Wallet,Takeaway,2023-04-05,Spring
2589,TXN_1324760,Tea,4.0,1.5,6.0,Cash,In-store,2023-01-18,Winter
2590,TXN_8292441,Salad,1.0,5.0,5.0,Cash,Takeaway,2023-09-15,Autumn
2591,TXN_6663486,Coffee,3.0,2.0,6.0,Digital Wallet,Takeaway,2023-11-02,Autumn
2592,TXN_9423451,Coffee,1.0,2.0,2.0,Digital Wallet,Takeaway,2023-10-22,Autumn
2593,TXN_3792125,Salad,5.0,5.0,25.0,Credit Card,In-store,2023-08-25,Summer
2594,TXN_7021504,Cookie,2.0,1.0,2.0,Digital Wallet,In-store,2023-05-31,Spring
2595,TXN_8608811,Coffee,5.0,3.0,15.0,Credit Card,Takeaway,2023-01-05,Winter
2596,TXN_4844386,Coffee,5.0,3.0,15.0,Credit Card,In-store,2023-10-28,Autumn
2597,TXN_4368729,Coffee,3.0,2.0,6.0,Digital Wallet,In-store,2023-06-11,Summer
2598,TXN_5072156,Tea,3.0,1.5,4.5,Digital Wallet,Takeaway,2023-07-24,Summer
2599,TXN_5763520,Salad,1.0,5.0,5.0,Digital Wallet,Takeaway,2023-01-17,Winter
2600,TXN_4877933,Coffee,5.0,3.0,15.0,Digital Wallet,In-store,2023-01-12,Winter
2601,TXN_8854384,Coffee,5.0,3.0,15.0,Cash,Takeaway,2023-08-12,Summer
2602,TXN_3308378,Cookie,4.0,1.0,4.0,Digital Wallet,Takeaway,2023-04-28,Spring
2603,TXN_4355766,Cookie,5.0,1.0,5.0,Digital Wallet,Takeaway,2023-11-07,Autumn
2604,TXN_5644235,Salad,4.0,5.0,20.0,Cash,In-store,2023-03-25,Spring
2605,TXN_5331285,Smoothie,3.0,4.0,12.0,Digital Wallet,Takeaway,2023-03-12,Spring
2606,TXN_7620397,Cookie,4.0,1.0,4.0,Digital Wallet,Takeaway,2023-12-24,Winter
2607,TXN_1214868,Coffee,4.0,3.0,12.0,Cash,In-store,2023-07-30,Summer
2608,TXN_5117595,Smoothie,4.0,4.0,16.0,Cash,In-store,2023-02-05,Winter
2609,TXN_9708144,Smoothie,3.0,4.0,12.0,Cash,Takeaway,2023-04-18,Spring
2610,TXN_8266689,Coffee,5.0,3.0,15.0,Cash,In-store,2023-12-03,Winter
2611,TXN_3589166,Tea,1.0,1.5,1.5,Digital Wallet,Takeaway,2023-02-02,Winter
2612,TXN_3943672,Smoothie,4.0,4.0,16.0,Credit Card,Takeaway,2023-10-21,Autumn
2613,TXN_8988279,Smoothie,2.0,4.0,8.0,Digital Wallet,In-store,2023-08-08,Summer
2614,TXN_4269933,Smoothie,2.0,4.0,8.0,Digital Wallet,Takeaway,2023-03-28,Spring
2615,TXN_2234460,Tea,2.0,1.5,3.0,Digital Wallet,Takeaway,2023-08-15,Summer
2616,TXN_4356564,Coffee,2.0,2.0,4.0,Credit Card,Takeaway,2023-10-05,Autumn
2617,TXN_2223047,Coffee,2.0,2.0,4.0,Digital Wallet,Takeaway,2023-06-14,Summer
2618,TXN_9469735,Coffee,1.0,3.0,3.0,Digital Wallet,In-store,2023-12-31,Winter
2619,TXN_6762250,Cookie,2.0,1.0,2.0,Digital Wallet,Takeaway,2023-06-17,Summer
2620,TXN_8553273,Coffee,5.0,3.0,15.0,Cash,In-store,2023-01-15,Winter
2621,TXN_8713971,Tea,1.0,1.5,1.5,Cash,Takeaway,2023-08-26,Summer
2622,TXN_4076575,Smoothie,3.0,4.0,12.0,Digital Wallet,Takeaway,2023-01-18,Winter
2623,TXN_2432379,Coffee,1.0,2.0,2.0,Credit Card,In-store,2023-10-24,Autumn
2624,TXN_3187634,Coffee,5.0,2.0,10.0,Digital Wallet,Takeaway,2023-09-01,Autumn
2625,TXN_1961943,Smoothie,3.0,4.0,12.0,Digital Wallet,In-store,2023-11-05,Autumn
2626,TXN_5908104,Smoothie,2.0,4.0,8.0,Credit Card,Takeaway,2023-05-12,Spring
2627,TXN_1355212,Coffee,2.0,2.0,4.0,Digital Wallet,Takeaway,2023-05-25,Spring
2628,TXN_2155393,Coffee,2.0,3.0,6.0,Digital Wallet,In-store,2023-07-12,Summer
2629,TXN_3485938,Salad,4.0,5.0,20.0,Cash,Takeaway,2023-05-28,Spring
2630,TXN_9449037,Coffee,4.0,2.0,8.0,Digital Wallet,Takeaway,2023-04-30,Spring
2631,TXN_3114654,Coffee,3.0,3.0,9.0,Digital Wallet,In-store,2023-12-01,Winter
2632,TXN_5837801,Salad,1.0,5.0,5.0,Credit Card,In-store,2023-01-25,Winter
2633,TXN_1336470,Tea,1.0,1.5,1.5,Cash,Takeaway,2023-12-22,Winter
2634,TXN_2544724,Coffee,5.0,3.0,15.0,Digital Wallet,Takeaway,2023-12-28,Winter
2635,TXN_1035504,Smoothie,2.0,4.0,8.0,Digital Wallet,Takeaway,2023-03-30,Spring
2636,TXN_2576799,Coffee,1.0,3.0,3.0,Cash,Takeaway,2023-03-12,Spring
2637,TXN_4659155,Coffee,1.0,3.0,3.0,Digital Wallet,Takeaway,2023-04-13,Spring
2638,TXN_9781961,Coffee,1.0,2.0,2.0,Credit Card,In-store,2023-12-01,Winter
2639,TXN_5313347,Cookie,2.0,1.0,2.0,Digital Wallet,Takeaway,2023-12-10,Winter
2640,TXN_7926510,Salad,4.0,5.0,20.0,Cash,Takeaway,2023-10-03,Autumn
2641,TXN_3477975,Smoothie,4.0,4.0,16.0,Digital Wallet,Takeaway,2023-02-26,Winter
2642,TXN_6736084,Coffee,1.0,3.0,3.0,Digital Wallet,Takeaway,2023-04-19,Spring
2643,TXN_5573731,Smoothie,4.0,4.0,16.0,Cash,Takeaway,2023-01-15,Winter
2644,TXN_2760327,Salad,1.0,5.0,5.0,Digital Wallet,Takeaway,2023-02-16,Winter
2645,TXN_5540067,Tea,4.0,1.5,6.0,Digital Wallet,Takeaway,2023-08-24,Summer
2646,TXN_7585599,Coffee,1.0,3.0,3.0,Credit Card,Takeaway,2023-01-12,Winter
2647,TXN_6333241,Coffee,2.0,2.0,4.0,Digital Wallet,Takeaway,2023-09-15,Autumn
2648,TXN_1635631,Cookie,4.0,1.0,4.0,Credit Card,Takeaway,2023-07-04,Summer
2649,TXN_8907996,Smoothie,4.0,4.0,16.0,Cash,In-store,2023-02-19,Winter
2650,TXN_3206049,Coffee,4.0,2.0,8.0,Digital Wallet,Takeaway,2023-03-27,Spring
2651,TXN_4620647,Coffee,1.0,2.0,2.0,Digital Wallet,Takeaway,2023-07-15,Summer
2652,TXN_5348915,Coffee,1.0,3.0,3.0,Digital Wallet,Takeaway,2023-07-09,Summer
2653,TXN_4036214,Coffee,2.0,3.0,6.0,Credit Card,Takeaway,2023-10-17,Autumn
2654,TXN_6323914,Coffee,1.0,3.0,3.0,Credit Card,In-store,2023-03-19,Spring
2655,TXN_7804128,Smoothie,5.0,4.0,20.0,Digital Wallet,In-store,2023-02-12,Winter
2656,TXN_6228313,Coffee,4.0,3.0,12.0,Digital Wallet,Takeaway,2023-01-24,Winter
2657,TXN_2930752,Coffee,2.0,3.0,6.0,Credit Card,Takeaway,2023-03-04,Spring
2658,TXN_3477101,Cookie,4.0,1.0,4.0,Digital Wallet,Takeaway,2023-05-02,Spring
2659,TXN_2210265,Coffee,2.0,3.0,6.0,Credit Card,Takeaway,2023-06-14,Summer
2660,TXN_5534515,Smoothie,1.0,4.0,4.0,Credit Card,Takeaway,2023-02-09,Winter
2661,TXN_9561380,Smoothie,1.0,4.0,4.0,Digital Wallet,Takeaway,2023-08-11,Summer
2662,TXN_3038078,Cookie,1.0,1.0,1.0,Credit Card,Takeaway,2023-04-06,Spring
2663,TXN_5652473,Smoothie,4.0,4.0,16.0,Digital Wallet,Takeaway,2023-03-19,Spring
2664,TXN_5222822,Salad,1.0,5.0,5.0,Digital Wallet,In-store,2023-11-20,Autumn
2665,TXN_6238191,Smoothie,4.0,4.0,16.0,Digital Wallet,In-store,2023-10-27,Autumn
2666,TXN_1244593,Salad,5.0,5.0,25.0,Digital Wallet,In-store,2023-04-11,Spring
2667,TXN_9749175,Coffee,1.0,3.0,3.0,Credit Card,In-store,2023-09-07,Autumn
2668,TXN_4502314,Cookie,3.0,1.0,3.0,Credit Card,Takeaway,2023-06-02,Summer
2670,TXN_3703964,Smoothie,2.0,4.0,8.0,Credit Card,Takeaway,2023-09-23,Autumn
2671,TXN_1554195,Smoothie,2.0,4.0,8.0,Digital Wallet,Takeaway,2023-10-22,Autumn
2672,TXN_1025152,Cookie,4.0,1.0,4.0,Digital Wallet,Takeaway,2023-08-19,Summer
2673,TXN_3429942,Smoothie,3.0,4.0,12.0,Digital Wallet,In-store,2023-04-24,Spring
2674,TXN_2134660,Coffee,5.0,3.0,15.0,Credit Card,In-store,2023-11-08,Autumn
2675,TXN_8944175,Salad,3.0,5.0,15.0,Digital Wallet,Takeaway,2023-11-30,Autumn
2676,TXN_4680399,Coffee,5.0,3.0,15.0,Digital Wallet,Takeaway,2023-04-07,Spring
2677,TXN_5328065,Coffee,5.0,3.0,15.0,Cash,Takeaway,2023-09-18,Autumn
2678,TXN_9202496,Coffee,5.0,3.0,15.0,Credit Card,In-store,2023-07-19,Summer
2679,TXN_2914953,Coffee,2.0,3.0,6.0,Cash,In-store,2023-07-25,Summer
2680,TXN_6068148,Coffee,3.0,3.0,9.0,Digital Wallet,In-store,2023-08-11,Summer
2681,TXN_1216051,Coffee,4.0,3.0,12.0,Digital Wallet,Takeaway,2023-10-28,Autumn
2682,TXN_3943327,Coffee,1.0,3.0,3.0,Digital Wallet,Takeaway,2023-05-20,Spring
2683,TXN_5268025,Cookie,5.0,1.0,5.0,Digital Wallet,In-store,2023-05-19,Spring
2684,TXN_9952441,Smoothie,1.0,4.0,4.0,Cash,In-store,2023-09-05,Autumn
2685,TXN_7354271,Cookie,4.0,1.0,4.0,Digital Wallet,In-store,2023-04-12,Spring
2686,TXN_3358494,Coffee,5.0,2.0,10.0,Digital Wallet,Takeaway,2023-06-22,Summer
2687,TXN_2966507,Cookie,3.0,1.0,3.0,Digital Wallet,In-store,2023-04-25,Spring
2688,TXN_9752586,Tea,2.0,1.5,3.0,Digital Wallet,Takeaway,2023-06-14,Summer
2689,TXN_1324968,Cookie,3.0,1.0,3.0,Credit Card,In-store,2023-01-05,Winter
2690,TXN_8424417,Smoothie,2.0,4.0,8.0,Digital Wallet,Takeaway,2023-10-21,Autumn
2691,TXN_3985920,Salad,5.0,5.0,25.0,Digital Wallet,In-store,2023-03-29,Spring
2692,TXN_7335526,Smoothie,4.0,4.0,16.0,Cash,In-store,2023-06-03,Summer
2693,TXN_5989987,Smoothie,4.0,4.0,16.0,Cash,Takeaway,2023-08-02,Summer
2694,TXN_8132632,Tea,3.0,1.5,4.5,Digital Wallet,Takeaway,2023-07-26,Summer
2695,TXN_2408294,Smoothie,4.0,4.0,16.0,Digital Wallet,In-store,2023-12-26,Winter
2696,TXN_7380756,Salad,1.0,5.0,5.0,Digital Wallet,Takeaway,2023-10-16,Autumn
2697,TXN_1145888,Coffee,4.0,2.0,8.0,Digital Wallet,Takeaway,2023-01-26,Winter
2698,TXN_3845754,Tea,4.0,1.5,6.0,Digital Wallet,Takeaway,2023-11-25,Autumn
2699,TXN_1315214,Tea,2.0,1.5,3.0,Digital Wallet,In-store,2023-11-03,Autumn
2700,TXN_7602467,Cookie,1.0,1.0,1.0,Credit Card,Takeaway,2023-10-17,Autumn
2701,TXN_1672708,Salad,4.0,5.0,20.0,Digital Wallet,Takeaway,2023-04-04,Spring
2702,TXN_4979250,Tea,3.0,1.5,4.5,Cash,In-store,2023-11-01,Autumn
2703,TXN_2809397,Salad,2.0,5.0,10.0,Digital Wallet,Takeaway,2023-09-13,Autumn
2704,TXN_8752130,Coffee,2.0,3.0,6.0,Credit Card,Takeaway,2023-10-23,Autumn
2705,TXN_7326075,Cookie,1.0,1.0,1.0,Cash,Takeaway,2023-06-12,Summer
2706,TXN_9134257,Coffee,3.0,2.0,6.0,Digital Wallet,Takeaway,2023-05-19,Spring
2707,TXN_9944832,Coffee,3.0,2.0,6.0,Digital Wallet,Takeaway,2023-12-25,Winter
2709,TXN_9639317,Coffee,3.0,3.0,9.0,Cash,Takeaway,2023-12-28,Winter
2710,TXN_7707761,Tea,3.0,1.5,4.5,Credit Card,Takeaway,2023-03-08,Spring
2711,TXN_3177517,Tea,1.0,1.5,1.5,Credit Card,In-store,2023-02-22,Winter
2712,TXN_5353855,Smoothie,3.0,4.0,12.0,Credit Card,Takeaway,2023-12-24,Winter
2713,TXN_3106811,Coffee,3.0,3.0,9.0,Cash,Takeaway,2023-09-27,Autumn
2714,TXN_3475342,Coffee,3.0,3.0,9.0,Digital Wallet,In-store,2023-04-24,Spring
2715,TXN_8017663,Coffee,2.0,2.0,4.0,Digital Wallet,Takeaway,2023-05-18,Spring
2716,TXN_6309965,Coffee,5.0,3.0,15.0,Digital Wallet,Takeaway,2023-06-14,Summer
2717,TXN_7146871,Coffee,2.0,2.0,4.0,Digital Wallet,Takeaway,2023-09-20,Autumn
2718,TXN_2661443,Coffee,2.0,3.0,6.0,Credit Card,Takeaway,2023-06-30,Summer
2719,TXN_6954434,Coffee,3.0,3.0,9.0,Cash,Takeaway,2023-02-23,Winter
2720,TXN_3578712,Tea,5.0,1.5,7.5,Credit Card,Takeaway,2023-08-15,Summer
2721,TXN_6131350,Smoothie,2.0,4.0,8.0,Credit Card,Takeaway,2023-09-28,Autumn
2722,TXN_9207050,Cookie,5.0,1.0,5.0,Digital Wallet,In-store,2023-07-21,Summer
2723,TXN_5351656,Tea,1.0,1.5,1.5,Digital Wallet,Takeaway,2023-03-02,Spring
2724,TXN_8905718,Tea,5.0,1.5,7.5,Digital Wallet,In-store,2023-09-07,Autumn
2725,TXN_1938148,Coffee,2.0,3.0,6.0,Credit Card,Takeaway,2023-06-07,Summer
2726,TXN_2024598,Smoothie,1.0,4.0,4.0,Digital Wallet,In-store,2023-01-01,Winter
2727,TXN_7145872,Salad,5.0,5.0,25.0,Digital Wallet,Takeaway,2023-04-15,Spring
2728,TXN_8140560,Coffee,5.0,3.0,15.0,Digital Wallet,Takeaway,2023-06-29,Summer
2729,TXN_6591756,Cookie,5.0,1.0,5.0,Digital Wallet,Takeaway,2023-03-09,Spring
2730,TXN_9004306,Coffee,4.0,2.0,8.0,Credit Card,In-store,2023-05-26,Spring
2731,TXN_7899686,Smoothie,1.0,4.0,4.0,Digital Wallet,Takeaway,2023-09-09,Autumn
2732,TXN_7092761,Salad,4.0,5.0,20.0,Digital Wallet,Takeaway,2023-05-11,Spring
2733,TXN_6360436,Coffee,2.0,3.0,6.0,Digital Wallet,Takeaway,2023-09-13,Autumn
2734,TXN_3295247,Coffee,5.0,2.0,10.0,Digital Wallet,Takeaway,2023-08-25,Summer
2735,TXN_5822344,Smoothie,5.0,4.0,20.0,Cash,In-store,2023-09-27,Autumn
2736,TXN_4266069,Coffee,1.0,2.0,2.0,Digital Wallet,Takeaway,2023-12-25,Winter
2737,TXN_9470768,Smoothie,5.0,4.0,20.0,Credit Card,Takeaway,2023-09-27,Autumn
2738,TXN_1540181,Tea,3.0,1.5,4.5,Digital Wallet,Takeaway,2023-08-17,Summer
2739,TXN_6688020,Salad,5.0,5.0,25.0,Digital Wallet,Takeaway,2023-09-05,Autumn
2740,TXN_4181147,Coffee,4.0,2.0,8.0,Digital Wallet,Takeaway,2023-02-18,Winter
2741,TXN_7211792,Tea,3.0,1.5,4.5,Digital Wallet,Takeaway,2023-11-27,Autumn
2742,TXN_6568978,Coffee,3.0,3.0,9.0,Digital Wallet,Takeaway,2023-03-12,Spring
2743,TXN_6670607,Coffee,5.0,3.0,15.0,Digital Wallet,Takeaway,2023-01-06,Winter
2744,TXN_9773606,Tea,2.0,1.5,3.0,Cash,Takeaway,2023-12-04,Winter
2745,TXN_9762035,Smoothie,1.0,4.0,4.0,Cash,Takeaway,2023-08-21,Summer
2746,TXN_4493661,Smoothie,1.0,4.0,4.0,Cash,Takeaway,2023-07-08,Summer
2747,TXN_4617139,Coffee,4.0,3.0,12.0,Digital Wallet,Takeaway,2023-04-12,Spring
2748,TXN_5339625,Smoothie,5.0,4.0,20.0,Digital Wallet,Takeaway,2023-06-29,Summer
2749,TXN_9657636,Coffee,1.0,3.0,3.0,Cash,Takeaway,2023-07-08,Summer
2750,TXN_1375992,Coffee,5.0,2.0,10.0,Credit Card,In-store,2023-03-23,Spring
2751,TXN_2077318,Coffee,2.0,3.0,6.0,Digital Wallet,In-store,2023-08-24,Summer
2752,TXN_8232653,Salad,5.0,5.0,25.0,Cash,Takeaway,2023-04-21,Spring
2753,TXN_4624436,Smoothie,1.0,4.0,4.0,Digital Wallet,Takeaway,2023-05-22,Spring
2754,TXN_6158865,Cookie,1.0,1.0,1.0,Digital Wallet,Takeaway,2023-11-27,Autumn
2755,TXN_6148337,Cookie,2.0,1.0,2.0,Digital Wallet,In-store,2023-09-27,Autumn
2756,TXN_9096951,Smoothie,3.0,4.0,12.0,Cash,Takeaway,2023-06-28,Summer
2757,TXN_7080148,Coffee,3.0,3.0,9.0,Digital Wallet,Takeaway,2023-12-30,Winter
2758,TXN_4275169,Salad,1.0,5.0,5.0,Digital Wallet,Takeaway,2023-06-27,Summer
2759,TXN_9005396,Coffee,4.0,3.0,12.0,Cash,Takeaway,2023-08-10,Summer
2760,TXN_2466036,Coffee,5.0,2.0,10.0,Digital Wallet,Takeaway,2023-08-31,Summer
2761,TXN_1533790,Coffee,4.0,3.0,12.0,Digital Wallet,Takeaway,2023-07-21,Summer
2762,TXN_7090165,Smoothie,5.0,4.0,20.0,Digital Wallet,In-store,2023-08-30,Summer
2763,TXN_9533792,Cookie,3.0,1.0,3.0,Digital Wallet,In-store,2023-09-01,Autumn
2764,TXN_4995910,Coffee,5.0,3.0,15.0,Digital Wallet,Takeaway,2023-03-10,Spring
2765,TXN_9174916,Coffee,3.0,2.0,6.0,Credit Card,Takeaway,2023-06-21,Summer
2766,TXN_8121601,Coffee,4.0,3.0,12.0,Digital Wallet,In-store,2023-07-02,Summer
2767,TXN_5882077,Smoothie,3.0,4.0,12.0,Digital Wallet,Takeaway,2023-03-10,Spring
2768,TXN_3163681,Smoothie,2.0,4.0,8.0,Digital Wallet,Takeaway,2023-05-11,Spring
2769,TXN_2849719,Coffee,5.0,2.0,10.0,Digital Wallet,Takeaway,2023-06-23,Summer
2770,TXN_9623460,Smoothie,3.0,4.0,12.0,Digital Wallet,In-store,2023-01-17,Winter
2771,TXN_3359704,Salad,3.0,5.0,15.0,Digital Wallet,In-store,2023-07-23,Summer
2772,TXN_7093219,Smoothie,4.0,4.0,16.0,Credit Card,Takeaway,2023-06-06,Summer
2773,TXN_2444408,Smoothie,2.0,4.0,8.0,Digital Wallet,In-store,2023-05-11,Spring
2774,TXN_2475111,Cookie,3.0,1.0,3.0,Digital Wallet,Takeaway,2023-03-31,Spring
2775,TXN_3296152,Salad,3.0,5.0,15.0,Credit Card,In-store,2023-10-20,Autumn
2776,TXN_5157855,Salad,1.0,5.0,5.0,Digital Wallet,Takeaway,2023-08-18,Summer
2777,TXN_2887411,Smoothie,2.0,4.0,8.0,Cash,In-store,2023-01-16,Winter
2778,TXN_7543369,Tea,5.0,1.5,7.5,Digital Wallet,Takeaway,2023-11-18,Autumn
2779,TXN_9561441,Tea,5.0,1.5,7.5,Cash,In-store,2023-11-11,Autumn
2780,TXN_5595584,Smoothie,2.0,4.0,8.0,Digital Wallet,In-store,2023-10-19,Autumn
2781,TXN_1158197,Coffee,2.0,2.0,4.0,Digital Wallet,Takeaway,2023-05-21,Spring
2782,TXN_3633955,Smoothie,4.0,4.0,16.0,Cash,In-store,2023-09-20,Autumn
2783,TXN_2761949,Salad,3.0,5.0,15.0,Credit Card,In-store,2023-10-01,Autumn
2784,TXN_4967355,Smoothie,2.0,4.0,8.0,Digital Wallet,In-store,2023-04-25,Spring
2785,TXN_8062897,Smoothie,2.0,4.0,8.0,Digital Wallet,Takeaway,2023-10-02,Autumn
2786,TXN_4831426,Coffee,4.0,3.0,12.0,Credit Card,Takeaway,2023-02-27,Winter
2787,TXN_3995843,Smoothie,3.0,4.0,12.0,Digital Wallet,In-store,2023-12-31,Winter
2788,TXN_4284492,Coffee,3.0,3.0,9.0,Digital Wallet,Takeaway,2023-05-30,Spring
2789,TXN_9942634,Tea,5.0,1.5,7.5,Digital Wallet,Takeaway,2023-01-17,Winter
2790,TXN_7104682,Cookie,5.0,1.0,5.0,Digital Wallet,Takeaway,2023-08-31,Summer
2792,TXN_6866209,Smoothie,5.0,4.0,20.0,Digital Wallet,In-store,2023-05-20,Spring
2793,TXN_7573801,Coffee,2.0,3.0,6.0,Digital Wallet,In-store,2023-12-14,Winter
2794,TXN_9681880,Coffee,3.0,2.0,6.0,Cash,In-store,2023-03-21,Spring
2795,TXN_2559288,Salad,4.0,5.0,20.0,Credit Card,Takeaway,2023-12-27,Winter
2797,TXN_2936975,Tea,1.0,1.5,1.5,Digital Wallet,Takeaway,2023-10-05,Autumn
2798,TXN_5027125,Salad,3.0,5.0,15.0,Cash,In-store,2023-07-06,Summer
2799,TXN_7433758,Cookie,1.0,1.0,1.0,Cash,Takeaway,2023-06-09,Summer
2800,TXN_2092288,Coffee,1.0,2.0,2.0,Credit Card,Takeaway,2023-03-30,Spring
2801,TXN_5701303,Coffee,1.0,2.0,2.0,Digital Wallet,Takeaway,2023-09-08,Autumn
2802,TXN_7323833,Smoothie,3.0,4.0,12.0,Credit Card,Takeaway,2023-04-09,Spring
2803,TXN_5161371,Coffee,2.0,3.0,6.0,Credit Card,In-store,2023-01-17,Winter
2805,TXN_1132566,Coffee,3.0,3.0,9.0,Cash,Takeaway,2023-02-27,Winter
2806,TXN_3713527,Cookie,4.0,1.0,4.0,Digital Wallet,Takeaway,2023-03-08,Spring
2807,TXN_1719440,Cookie,5.0,1.0,5.0,Digital Wallet,Takeaway,2023-07-13,Summer
2808,TXN_6273703,Tea,2.0,1.5,3.0,Credit Card,Takeaway,2023-12-24,Winter
2809,TXN_2050017,Smoothie,4.0,4.0,16.0,Digital Wallet,Takeaway,2023-03-24,Spring
2810,TXN_6797827,Smoothie,1.0,4.0,4.0,Credit Card,Takeaway,2023-06-16,Summer
2811,TXN_6885626,Coffee,5.0,3.0,15.0,Digital Wallet,In-store,2023-08-06,Summer
2812,TXN_3729074,Salad,3.0,5.0,15.0,Credit Card,In-store,2023-04-15,Spring
2813,TXN_7418962,Smoothie,4.0,4.0,16.0,Cash,Takeaway,2023-03-07,Spring
2814,TXN_7217537,Salad,3.0,5.0,15.0,Cash,In-store,2023-12-19,Winter
2815,TXN_7904970,Tea,2.0,1.5,3.0,Credit Card,Takeaway,2023-05-23,Spring
2816,TXN_8845592,Smoothie,5.0,4.0,20.0,Credit Card,In-store,2023-11-12,Autumn
2817,TXN_2402637,Smoothie,2.0,4.0,8.0,Digital Wallet,Takeaway,2023-06-18,Summer
2818,TXN_2081985,Coffee,2.0,2.0,4.0,Digital Wallet,Takeaway,2023-03-24,Spring
2819,TXN_5664467,Tea,4.0,1.5,6.0,Digital Wallet,Takeaway,2023-11-06,Autumn
2820,TXN_2275523,Tea,4.0,1.5,6.0,Digital Wallet,Takeaway,2023-09-02,Autumn
2821,TXN_7230977,Coffee,5.0,3.0,15.0,Digital Wallet,Takeaway,2023-08-24,Summer
2822,TXN_6451747,Salad,4.0,5.0,20.0,Cash,Takeaway,2023-05-23,Spring
2823,TXN_2680626,Coffee,3.0,3.0,9.0,Cash,In-store,2023-01-08,Winter
2824,TXN_8668840,Coffee,5.0,3.0,15.0,Digital Wallet,Takeaway,2023-10-03,Autumn
2825,TXN_5390428,Coffee,2.0,3.0,6.0,Digital Wallet,In-store,2023-11-25,Autumn
2826,TXN_5009367,Coffee,3.0,3.0,9.0,Credit Card,In-store,2023-04-19,Spring
2828,TXN_3067854,Coffee,1.0,3.0,3.0,Credit Card,Takeaway,2023-07-08,Summer
2829,TXN_6401072,Smoothie,4.0,4.0,16.0,Cash,Takeaway,2023-07-28,Summer
2831,TXN_6799966,Tea,4.0,1.5,6.0,Digital Wallet,Takeaway,2023-03-03,Spring
2832,TXN_5080934,Coffee,3.0,3.0,9.0,Cash,Takeaway,2023-12-10,Winter
2833,TXN_8684125,Salad,2.0,5.0,10.0,Credit Card,In-store,2023-03-08,Spring
2834,TXN_1647077,Smoothie,2.0,4.0,8.0,Digital Wallet,Takeaway,2023-08-19,Summer
2836,TXN_8167808,Coffee,3.0,3.0,9.0,Cash,In-store,2023-02-03,Winter
2837,TXN_4541998,Smoothie,1.0,4.0,4.0,Digital Wallet,Takeaway,2023-01-13,Winter
2838,TXN_3369789,Smoothie,5.0,4.0,20.0,Digital Wallet,Takeaway,2023-04-15,Spring
2839,TXN_7973461,Tea,3.0,1.5,4.5,Digital Wallet,In-store,2023-04-11,Spring
2840,TXN_7753587,Coffee,1.0,3.0,3.0,Credit Card,Takeaway,2023-03-28,Spring
2841,TXN_4490958,Coffee,2.0,2.0,4.0,Digital Wallet,Takeaway,2023-03-30,Spring
2842,TXN_8715515,Coffee,5.0,3.0,15.0,Credit Card,Takeaway,2023-07-23,Summer
2843,TXN_8242126,Salad,4.0,5.0,20.0,Digital Wallet,In-store,2023-11-20,Autumn
2844,TXN_2972659,Tea,3.0,1.5,4.5,Digital Wallet,Takeaway,2023-12-16,Winter
2845,TXN_5685028,Coffee,5.0,3.0,15.0,Digital Wallet,Takeaway,2023-08-12,Summer
2846,TXN_9835620,Coffee,2.0,3.0,6.0,Digital Wallet,Takeaway,2023-06-09,Summer
2847,TXN_9245124,Tea,4.0,1.5,6.0,Digital Wallet,In-store,2023-04-19,Spring
2848,TXN_8619762,Smoothie,4.0,4.0,16.0,Cash,Takeaway,2023-08-05,Summer
2849,TXN_5983031,Coffee,3.0,3.0,9.0,Digital Wallet,In-store,2023-03-09,Spring
2850,TXN_8730549,Smoothie,4.0,4.0,16.0,Digital Wallet,Takeaway,2023-02-04,Winter
2851,TXN_6889867,Smoothie,5.0,4.0,20.0,Cash,Takeaway,2023-03-07,Spring
2852,TXN_9035484,Coffee,2.0,2.0,4.0,Cash,Takeaway,2023-06-29,Summer
2854,TXN_9972525,Coffee,4.0,2.0,8.0,Digital Wallet,Takeaway,2023-07-31,Summer
2855,TXN_3315026,Coffee,5.0,3.0,15.0,Cash,Takeaway,2023-11-06,Autumn
2856,TXN_3613385,Cookie,3.0,1.0,3.0,Digital Wallet,Takeaway,2023-05-26,Spring
2857,TXN_9629541,Smoothie,5.0,4.0,20.0,Digital Wallet,Takeaway,2023-12-18,Winter
2858,TXN_7503640,Salad,3.0,5.0,15.0,Digital Wallet,Takeaway,2023-11-04,Autumn
2859,TXN_1135761,Coffee,3.0,3.0,9.0,Digital Wallet,Takeaway,2023-01-30,Winter
2860,TXN_8558404,Salad,4.0,5.0,20.0,Digital Wallet,In-store,2023-07-15,Summer
2861,TXN_8430735,Coffee,2.0,3.0,6.0,Digital Wallet,Takeaway,2023-10-25,Autumn
2862,TXN_8279865,Coffee,1.0,3.0,3.0,Cash,Takeaway,2023-07-18,Summer
2863,TXN_5906520,Salad,2.0,5.0,10.0,Digital Wallet,Takeaway,2023-01-31,Winter
2864,TXN_8250427,Coffee,4.0,2.0,8.0,Credit Card,Takeaway,2023-09-15,Autumn
2865,TXN_9928337,Coffee,1.0,3.0,3.0,Digital Wallet,Takeaway,2023-11-05,Autumn
2866,TXN_7008306,Salad,2.0,5.0,10.0,Digital Wallet,Takeaway,2023-04-11,Spring
2867,TXN_5603538,Coffee,3.0,3.0,9.0,Cash,Takeaway,2023-02-15,Winter
2868,TXN_7368648,Tea,1.0,1.5,1.5,Digital Wallet,In-store,2023-03-09,Spring
2869,TXN_6220542,Coffee,3.0,3.0,9.0,Digital Wallet,Takeaway,2023-03-24,Spring
2870,TXN_3299535,Coffee,3.0,2.0,6.0,Digital Wallet,Takeaway,2023-11-16,Autumn
2871,TXN_1217959,Coffee,2.0,3.0,6.0,Digital Wallet,Takeaway,2023-07-28,Summer
2872,TXN_4390633,Tea,2.0,1.5,3.0,Digital Wallet,Takeaway,2023-10-17,Autumn
2873,TXN_5052998,Coffee,3.0,3.0,9.0,Credit Card,Takeaway,2023-10-07,Autumn
2874,TXN_5171332,Tea,5.0,1.5,7.5,Cash,Takeaway,2023-02-05,Winter
2875,TXN_4798484,Coffee,3.0,3.0,9.0,Digital Wallet,In-store,2023-08-09,Summer
2876,TXN_7905741,Cookie,5.0,1.0,5.0,Credit Card,Takeaway,2023-02-08,Winter
2877,TXN_6369875,Tea,5.0,1.5,7.5,Cash,Takeaway,2023-10-04,Autumn
2878,TXN_7840162,Cookie,5.0,1.0,5.0,Cash,Takeaway,2023-02-27,Winter
2879,TXN_9069297,Cookie,4.0,1.0,4.0,Credit Card,In-store,2023-01-27,Winter
2880,TXN_5017038,Smoothie,3.0,4.0,12.0,Digital Wallet,Takeaway,2023-05-25,Spring
2881,TXN_6748453,Smoothie,5.0,4.0,20.0,Digital Wallet,In-store,2023-05-08,Spring
2882,TXN_1678985,Coffee,2.0,3.0,6.0,Cash,In-store,2023-07-16,Summer
2883,TXN_6697669,Coffee,5.0,3.0,15.0,Cash,Takeaway,2023-01-03,Winter
2884,TXN_3131555,Smoothie,2.0,4.0,8.0,Cash,Takeaway,2023-12-04,Winter
2885,TXN_1617029,Salad,4.0,5.0,20.0,Cash,Takeaway,2023-05-15,Spring
2886,TXN_7785297,Cookie,3.0,1.0,3.0,Cash,Takeaway,2023-12-06,Winter
2887,TXN_9432588,Coffee,5.0,2.0,10.0,Digital Wallet,Takeaway,2023-07-26,Summer
2888,TXN_3313000,Coffee,5.0,2.0,10.0,Credit Card,In-store,2023-01-08,Winter
2889,TXN_3120023,Cookie,3.0,1.0,3.0,Cash,In-store,2023-09-30,Autumn
2890,TXN_7483257,Smoothie,2.0,4.0,8.0,Digital Wallet,Takeaway,2023-06-05,Summer
2891,TXN_3430842,Cookie,2.0,1.0,2.0,Cash,Takeaway,2023-08-02,Summer
2892,TXN_9622300,Salad,1.0,5.0,5.0,Cash,Takeaway,2023-06-23,Summer
2893,TXN_8822610,Coffee,4.0,3.0,12.0,Digital Wallet,Takeaway,2023-08-05,Summer
2894,TXN_8005089,Salad,4.0,5.0,20.0,Digital Wallet,Takeaway,2023-06-10,Summer
2895,TXN_7009420,Smoothie,5.0,4.0,20.0,Digital Wallet,Takeaway,2023-07-07,Summer
2896,TXN_5118667,Coffee,4.0,2.0,8.0,Cash,In-store,2023-12-12,Winter
2897,TXN_6533180,Coffee,5.0,2.0,10.0,Digital Wallet,Takeaway,2023-05-03,Spring
2898,TXN_6989438,Smoothie,4.0,4.0,16.0,Cash,Takeaway,2023-12-17,Winter
2900,TXN_7003185,Tea,2.0,1.5,3.0,Digital Wallet,Takeaway,2023-06-03,Summer
2901,TXN_1139495,Salad,3.0,5.0,15.0,Digital Wallet,Takeaway,2023-02-19,Winter
2902,TXN_1256536,Salad,1.0,5.0,5.0,Digital Wallet,Takeaway,2023-12-16,Winter
2903,TXN_6437055,Coffee,1.0,3.0,3.0,Digital Wallet,Takeaway,2023-10-22,Autumn
2904,TXN_6212975,Smoothie,1.0,4.0,4.0,Credit Card,Takeaway,2023-06-08,Summer
2905,TXN_4223466,Coffee,4.0,3.0,12.0,Digital Wallet,Takeaway,2023-05-31,Spring
2906,TXN_6684202,Smoothie,1.0,4.0,4.0,Digital Wallet,Takeaway,2023-07-31,Summer
2907,TXN_7279066,Coffee,5.0,3.0,15.0,Digital Wallet,Takeaway,2023-09-09,Autumn
2908,TXN_5032114,Smoothie,2.0,4.0,8.0,Digital Wallet,Takeaway,2023-05-31,Spring
2909,TXN_3411281,Coffee,2.0,3.0,6.0,Digital Wallet,Takeaway,2023-09-29,Autumn
2910,TXN_6608817,Smoothie,5.0,4.0,20.0,Credit Card,Takeaway,2023-07-17,Summer
2911,TXN_4258943,Smoothie,2.0,4.0,8.0,Credit Card,In-store,2023-01-02,Winter
2913,TXN_9774691,Coffee,3.0,3.0,9.0,Credit Card,Takeaway,2023-04-11,Spring
2914,TXN_8556230,Cookie,5.0,1.0,5.0,Cash,In-store,2023-05-21,Spring
2915,TXN_1522430,Smoothie,3.0,4.0,12.0,Credit Card,Takeaway,2023-12-06,Winter
2916,TXN_2797077,Salad,2.0,5.0,10.0,Digital Wallet,Takeaway,2023-07-04,Summer
2917,TXN_7666909,Coffee,4.0,3.0,12.0,Credit Card,Takeaway,2023-08-29,Summer
2918,TXN_9365558,Salad,4.0,5.0,20.0,Credit Card,Takeaway,2023-02-12,Winter
2919,TXN_6837601,Salad,1.0,5.0,5.0,Digital Wallet,Takeaway,2023-02-05,Winter
2920,TXN_1713983,Salad,2.0,5.0,10.0,Cash,In-store,2023-05-11,Spring
2921,TXN_4674417,Cookie,5.0,1.0,5.0,Digital Wallet,Takeaway,2023-07-03,Summer
2922,TXN_4641838,Cookie,5.0,1.0,5.0,Credit Card,Takeaway,2023-04-30,Spring
2923,TXN_9315119,Salad,2.0,5.0,10.0,Digital Wallet,Takeaway,2023-06-16,Summer
2924,TXN_2552405,Coffee,5.0,3.0,15.0,Credit Card,Takeaway,2023-06-22,Summer
2925,TXN_3465980,Cookie,4.0,1.0,4.0,Cash,Takeaway,2023-07-08,Summer
2926,TXN_4220189,Tea,1.0,1.5,1.5,Digital Wallet,Takeaway,2023-08-16,Summer
2927,TXN_7343905,Coffee,1.0,3.0,3.0,Digital Wallet,In-store,2023-01-17,Winter
2928,TXN_9813938,Smoothie,5.0,4.0,20.0,Cash,Takeaway,2023-06-30,Summer
2929,TXN_6129460,Coffee,5.0,3.0,15.0,Cash,Takeaway,2023-11-19,Autumn
2930,TXN_9470590,Salad,1.0,5.0,5.0,Credit Card,Takeaway,2023-04-11,Spring
2931,TXN_7212607,Coffee,3.0,2.0,6.0,Digital Wallet,In-store,2023-08-06,Summer
2932,TXN_8384628,Salad,3.0,5.0,15.0,Credit Card,Takeaway,2023-08-22,Summer
2933,TXN_4200340,Coffee,5.0,3.0,15.0,Cash,Takeaway,2023-07-06,Summer
2934,TXN_9349052,Coffee,4.0,3.0,12.0,Cash,Takeaway,2023-10-31,Autumn
2936,TXN_2693584,Cookie,3.0,1.0,3.0,Digital Wallet,Takeaway,2023-10-28,Autumn
2937,TXN_4778105,Coffee,4.0,3.0,12.0,Digital Wallet,In-store,2023-10-08,Autumn
2938,TXN_7804488,Cookie,2.0,1.0,2.0,Digital Wallet,Takeaway,2023-11-28,Autumn
2939,TXN_4674667,Coffee,2.0,2.0,4.0,Digital Wallet,Takeaway,2023-05-24,Spring
2941,TXN_4278785,Salad,3.0,5.0,15.0,Cash,In-store,2023-04-29,Spring
2942,TXN_4462052,Cookie,1.0,1.0,1.0,Cash,In-store,2023-10-12,Autumn
2943,TXN_3379368,Coffee,5.0,3.0,15.0,Credit Card,Takeaway,2023-05-26,Spring
2944,TXN_7651864,Smoothie,4.0,4.0,16.0,Digital Wallet,Takeaway,2023-04-29,Spring
2945,TXN_7089173,Coffee,1.0,3.0,3.0,Digital Wallet,Takeaway,2023-01-14,Winter
2946,TXN_1906642,Cookie,4.0,1.0,4.0,Digital Wallet,Takeaway,2023-06-06,Summer
2947,TXN_5410349,Coffee,5.0,3.0,15.0,Credit Card,Takeaway,2023-03-05,Spring
2948,TXN_5234368,Coffee,3.0,2.0,6.0,Digital Wallet,Takeaway,2023-06-10,Summer
2949,TXN_5544904,Salad,5.0,5.0,25.0,Digital Wallet,Takeaway,2023-04-19,Spring
2950,TXN_3376958,Salad,4.0,5.0,20.0,Digital Wallet,In-store,2023-10-31,Autumn
2951,TXN_5446085,Coffee,3.0,2.0,6.0,Digital Wallet,Takeaway,2023-09-16,Autumn
2952,TXN_9676940,Coffee,2.0,3.0,6.0,Credit Card,Takeaway,2023-08-16,Summer
2953,TXN_2371941,Coffee,2.0,3.0,6.0,Cash,Takeaway,2023-01-26,Winter
2955,TXN_5708913,Coffee,2.0,3.0,6.0,Cash,In-store,2023-04-29,Spring
2956,TXN_6310726,Cookie,3.0,1.0,3.0,Credit Card,Takeaway,2023-03-30,Spring
2957,TXN_4096816,Coffee,3.0,2.0,6.0,Digital Wallet,Takeaway,2023-11-02,Autumn
2958,TXN_7451083,Coffee,1.0,2.0,2.0,Digital Wallet,Takeaway,2023-06-24,Summer
2959,TXN_5132082,Salad,5.0,5.0,25.0,Digital Wallet,Takeaway,2023-10-08,Autumn
2960,TXN_7323040,Cookie,3.0,1.0,3.0,Digital Wallet,Takeaway,2023-11-09,Autumn
2961,TXN_9176418,Smoothie,1.0,4.0,4.0,Digital Wallet,Takeaway,2023-03-02,Spring
2962,TXN_9702662,Smoothie,4.0,4.0,16.0,Digital Wallet,Takeaway,2023-07-10,Summer
2963,TXN_7612618,Smoothie,4.0,4.0,16.0,Credit Card,Takeaway,2023-04-12,Spring
2964,TXN_7321789,Coffee,3.0,3.0,9.0,Digital Wallet,Takeaway,2023-05-10,Spring
2965,TXN_3679126,Cookie,1.0,1.0,1.0,Cash,Takeaway,2023-07-15,Summer
2966,TXN_2008137,Coffee,4.0,2.0,8.0,Digital Wallet,Takeaway,2023-10-07,Autumn
2967,TXN_2622670,Coffee,5.0,3.0,15.0,Digital Wallet,Takeaway,2023-01-28,Winter
2968,TXN_4791105,Smoothie,3.0,4.0,12.0,Digital Wallet,Takeaway,2023-05-18,Spring
2969,TXN_6882819,Coffee,1.0,3.0,3.0,Cash,Takeaway,2023-08-21,Summer
2970,TXN_2152670,Tea,3.0,1.5,4.5,Credit Card,In-store,2023-12-24,Winter
2971,TXN_3482117,Smoothie,2.0,4.0,8.0,Digital Wallet,Takeaway,2023-07-18,Summer
2972,TXN_1843989,Cookie,5.0,1.0,5.0,Digital Wallet,Takeaway,2023-07-19,Summer
2973,TXN_4943715,Coffee,5.0,2.0,10.0,Digital Wallet,Takeaway,2023-10-06,Autumn
2974,TXN_8571836,Coffee,3.0,3.0,9.0,Cash,Takeaway,2023-12-27,Winter
2975,TXN_2544176,Tea,3.0,1.5,4.5,Digital Wallet,Takeaway,2023-12-19,Winter
2976,TXN_1589264,Salad,2.0,5.0,10.0,Cash,Takeaway,2023-07-26,Summer
2977,TXN_1379209,Tea,5.0,1.5,7.5,Digital Wallet,In-store,2023-02-06,Winter
2978,TXN_2515920,Coffee,3.0,3.0,9.0,Cash,In-store,2023-10-02,Autumn
2979,TXN_6496099,Coffee,5.0,2.0,10.0,Digital Wallet,Takeaway,2023-07-21,Summer
2980,TXN_8696065,Smoothie,3.0,4.0,12.0,Credit Card,In-store,2023-11-04,Autumn
2981,TXN_4746320,Cookie,2.0,1.0,2.0,Digital Wallet,Takeaway,2023-04-02,Spring
2982,TXN_1250407,Cookie,1.0,1.0,1.0,Credit Card,Takeaway,2023-11-21,Autumn
2983,TXN_1617476,Coffee,2.0,3.0,6.0,Digital Wallet,In-store,2023-02-10,Winter
2984,TXN_4196578,Tea,2.0,1.5,3.0,Credit Card,Takeaway,2023-06-26,Summer
2985,TXN_9725461,Smoothie,3.0,4.0,12.0,Credit Card,In-store,2023-11-25,Autumn
2986,TXN_2975443,Salad,5.0,5.0,25.0,Digital Wallet,Takeaway,2023-12-31,Winter
2987,TXN_1000555,Tea,1.0,1.5,1.5,Credit Card,In-store,2023-10-19,Autumn
2988,TXN_1622411,Salad,2.0,5.0,10.0,Digital Wallet,Takeaway,2023-07-23,Summer
2989,TXN_9429128,Coffee,4.0,2.0,8.0,Credit Card,In-store,2023-12-19,Winter
2990,TXN_1056277,Cookie,5.0,1.0,5.0,Digital Wallet,Takeaway,2023-02-06,Winter
2991,TXN_4801617,Coffee,5.0,3.0,15.0,Digital Wallet,Takeaway,2023-04-02,Spring
2992,TXN_1365285,Coffee,5.0,3.0,15.0,Credit Card,Takeaway,2023-06-11,Summer
2993,TXN_3189677,Smoothie,1.0,4.0,4.0,Digital Wallet,Takeaway,2023-01-11,Winter
2994,TXN_3375399,Cookie,1.0,1.0,1.0,Digital Wallet,Takeaway,2023-05-21,Spring
2995,TXN_9315755,Coffee,5.0,3.0,15.0,Cash,Takeaway,2023-09-26,Autumn
2996,TXN_6853678,Cookie,4.0,1.0,4.0,Digital Wallet,Takeaway,2023-07-23,Summer
2997,TXN_6530886,Coffee,1.0,2.0,2.0,Credit Card,Takeaway,2023-10-21,Autumn
2998,TXN_3530720,Smoothie,5.0,4.0,20.0,Digital Wallet,In-store,2023-10-18,Autumn
3000,TXN_1410102,Salad,1.0,5.0,5.0,Cash,In-store,2023-06-23,Summer
3001,TXN_6977098,Coffee,5.0,3.0,15.0,Credit Card,In-store,2023-06-09,Summer
3002,TXN_7735237,Coffee,2.0,3.0,6.0,Digital Wallet,In-store,2023-01-13,Winter
3003,TXN_7510766,Coffee,3.0,2.0,6.0,Digital Wallet,In-store,2023-07-24,Summer
3004,TXN_3352256,Smoothie,2.0,4.0,8.0,Digital Wallet,Takeaway,2023-09-08,Autumn
3005,TXN_8494538,Coffee,4.0,3.0,12.0,Digital Wallet,Takeaway,2023-11-08,Autumn
3006,TXN_8676769,Salad,3.0,5.0,15.0,Digital Wallet,In-store,2023-06-16,Summer
3007,TXN_5282529,Tea,5.0,1.5,7.5,Credit Card,Takeaway,2023-04-13,Spring
3008,TXN_9495930,Coffee,2.0,2.0,4.0,Digital Wallet,Takeaway,2023-10-23,Autumn
3009,TXN_3514492,Coffee,3.0,3.0,9.0,Digital Wallet,In-store,2023-02-23,Winter
3010,TXN_1349215,Smoothie,1.0,4.0,4.0,Digital Wallet,Takeaway,2023-02-06,Winter
3011,TXN_7223646,Cookie,5.0,1.0,5.0,Credit Card,Takeaway,2023-09-19,Autumn
3012,TXN_4033982,Tea,2.0,1.5,3.0,Credit Card,Takeaway,2023-01-04,Winter
3013,TXN_1842697,Coffee,5.0,3.0,15.0,Digital Wallet,Takeaway,2023-10-25,Autumn
3014,TXN_4227337,Tea,4.0,1.5,6.0,Digital Wallet,Takeaway,2023-12-15,Winter
3015,TXN_5790213,Coffee,3.0,3.0,9.0,Cash,Takeaway,2023-08-30,Summer
3016,TXN_3546261,Tea,3.0,1.5,4.5,Digital Wallet,Takeaway,2023-03-20,Spring
3017,TXN_7119228,Coffee,4.0,3.0,12.0,Digital Wallet,Takeaway,2023-10-09,Autumn
3018,TXN_3334257,Smoothie,2.0,4.0,8.0,Cash,Takeaway,2023-06-10,Summer
3019,TXN_5665767,Tea,4.0,1.5,6.0,Digital Wallet,Takeaway,2023-08-22,Summer
3020,TXN_4527464,Tea,4.0,1.5,6.0,Digital Wallet,In-store,2023-08-09,Summer
3021,TXN_1011236,Coffee,1.0,3.0,3.0,Cash,In-store,2023-02-08,Winter
3022,TXN_8293691,Coffee,4.0,2.0,8.0,Digital Wallet,Takeaway,2023-06-30,Summer
3023,TXN_7463011,Smoothie,2.0,4.0,8.0,Digital Wallet,In-store,2023-01-22,Winter
3024,TXN_6872268,Coffee,2.0,3.0,6.0,Digital Wallet,In-store,2023-01-07,Winter
3025,TXN_3999554,Coffee,1.0,2.0,2.0,Credit Card,Takeaway,2023-09-13,Autumn
3026,TXN_9942247,Coffee,2.0,2.0,4.0,Cash,Takeaway,2023-10-15,Autumn
3028,TXN_6113452,Smoothie,2.0,4.0,8.0,Cash,Takeaway,2023-09-21,Autumn
3029,TXN_1752617,Tea,5.0,1.5,7.5,Digital Wallet,Takeaway,2023-09-05,Autumn
3030,TXN_1949789,Salad,2.0,5.0,10.0,Digital Wallet,Takeaway,2023-11-07,Autumn
3031,TXN_7386089,Smoothie,2.0,4.0,8.0,Digital Wallet,In-store,2023-07-15,Summer
3032,TXN_6751134,Smoothie,3.0,4.0,12.0,Digital Wallet,Takeaway,2023-01-12,Winter
3033,TXN_2731270,Coffee,1.0,3.0,3.0,Digital Wallet,Takeaway,2023-05-31,Spring
3034,TXN_8830813,Coffee,1.0,2.0,2.0,Cash,In-store,2023-06-18,Summer
3035,TXN_2548248,Coffee,4.0,3.0,12.0,Digital Wallet,Takeaway,2023-06-28,Summer
3036,TXN_3026930,Coffee,2.0,3.0,6.0,Cash,In-store,2023-03-23,Spring
3037,TXN_2824366,Smoothie,4.0,4.0,16.0,Digital Wallet,In-store,2023-07-02,Summer
3038,TXN_2801651,Coffee,4.0,3.0,12.0,Digital Wallet,Takeaway,2023-07-10,Summer
3039,TXN_5005592,Coffee,1.0,2.0,2.0,Credit Card,In-store,2023-06-05,Summer
3040,TXN_8284313,Salad,5.0,5.0,25.0,Digital Wallet,Takeaway,2023-11-20,Autumn
3041,TXN_8058026,Tea,1.0,1.5,1.5,Digital Wallet,Takeaway,2023-05-19,Spring
3042,TXN_2182790,Tea,5.0,1.5,7.5,Credit Card,Takeaway,2023-05-05,Spring
3043,TXN_7251929,Salad,2.0,5.0,10.0,Digital Wallet,In-store,2023-01-31,Winter
3044,TXN_2145530,Smoothie,3.0,4.0,12.0,Digital Wallet,Takeaway,2023-10-08,Autumn
3045,TXN_4159861,Coffee,1.0,3.0,3.0,Digital Wallet,Takeaway,2023-03-20,Spring
3046,TXN_4600614,Smoothie,3.0,4.0,12.0,Digital Wallet,Takeaway,2023-01-27,Winter
3047,TXN_1853298,Cookie,5.0,1.0,5.0,Credit Card,Takeaway,2023-01-02,Winter
3048,TXN_6600858,Smoothie,3.0,4.0,12.0,Cash,Takeaway,2023-03-27,Spring
3049,TXN_7494793,Smoothie,5.0,4.0,20.0,Digital Wallet,Takeaway,2023-12-29,Winter
3050,TXN_3968170,Salad,1.0,5.0,5.0,Digital Wallet,In-store,2023-08-05,Summer
3051,TXN_4628310,Coffee,4.0,3.0,12.0,Credit Card,Takeaway,2023-04-20,Spring
3052,TXN_6110009,Coffee,5.0,3.0,15.0,Digital Wallet,Takeaway,2023-12-26,Winter
3053,TXN_8996187,Salad,2.0,5.0,10.0,Credit Card,In-store,2023-09-28,Autumn
3054,TXN_3544792,Smoothie,1.0,4.0,4.0,Digital Wallet,Takeaway,2023-06-27,Summer
3055,TXN_2353057,Coffee,3.0,3.0,9.0,Digital Wallet,Takeaway,2023-08-04,Summer
3056,TXN_6013295,Coffee,2.0,3.0,6.0,Cash,Takeaway,2023-11-07,Autumn
3057,TXN_3200195,Coffee,3.0,3.0,9.0,Digital Wallet,In-store,2023-05-04,Spring
3058,TXN_4860027,Cookie,5.0,1.0,5.0,Digital Wallet,Takeaway,2023-07-28,Summer
3059,TXN_3509437,Smoothie,4.0,4.0,16.0,Digital Wallet,In-store,2023-12-06,Winter
3060,TXN_5442505,Coffee,4.0,3.0,12.0,Digital Wallet,Takeaway,2023-09-07,Autumn
3061,TXN_4708410,Coffee,4.0,3.0,12.0,Digital Wallet,In-store,2023-10-08,Autumn
3062,TXN_4847617,Smoothie,4.0,4.0,16.0,Credit Card,Takeaway,2023-08-04,Summer
3063,TXN_1898329,Coffee,5.0,3.0,15.0,Cash,In-store,2023-04-12,Spring
3064,TXN_2508266,Cookie,1.0,1.0,1.0,Digital Wallet,Takeaway,2023-01-28,Winter
3065,TXN_1945918,Coffee,2.0,3.0,6.0,Digital Wallet,Takeaway,2023-09-12,Autumn
3066,TXN_8147057,Coffee,1.0,3.0,3.0,Digital Wallet,In-store,2023-08-21,Summer
3067,TXN_9546556,Coffee,5.0,3.0,15.0,Cash,In-store,2023-08-18,Summer
3068,TXN_4935258,Coffee,2.0,3.0,6.0,Credit Card,Takeaway,2023-09-14,Autumn
3069,TXN_5588239,Cookie,1.0,1.0,1.0,Digital Wallet,Takeaway,2023-03-31,Spring
3070,TXN_6575599,Coffee,5.0,2.0,10.0,Digital Wallet,Takeaway,2023-10-09,Autumn
3071,TXN_9382156,Tea,5.0,1.5,7.5,Digital Wallet,Takeaway,2023-06-02,Summer
3072,TXN_1229376,Coffee,3.0,3.0,9.0,Digital Wallet,In-store,2023-08-14,Summer
3073,TXN_1732216,Coffee,3.0,2.0,6.0,Digital Wallet,Takeaway,2023-08-30,Summer
3074,TXN_1756717,Smoothie,3.0,4.0,12.0,Credit Card,Takeaway,2023-01-22,Winter
3075,TXN_8188857,Coffee,1.0,3.0,3.0,Digital Wallet,Takeaway,2023-12-21,Winter
3076,TXN_9783697,Smoothie,1.0,4.0,4.0,Digital Wallet,Takeaway,2023-07-14,Summer
3077,TXN_6991253,Coffee,3.0,3.0,9.0,Digital Wallet,In-store,2023-12-13,Winter
3078,TXN_7177487,Tea,4.0,1.5,6.0,Credit Card,Takeaway,2023-09-07,Autumn
3079,TXN_8444245,Coffee,1.0,3.0,3.0,Cash,Takeaway,2023-01-30,Winter
3080,TXN_3224756,Coffee,2.0,3.0,6.0,Credit Card,Takeaway,2023-11-20,Autumn
3081,TXN_3421456,Coffee,1.0,3.0,3.0,Digital Wallet,Takeaway,2023-09-05,Autumn
3082,TXN_9421618,Coffee,3.0,3.0,9.0,Cash,Takeaway,2023-02-21,Winter
3083,TXN_9054741,Coffee,1.0,3.0,3.0,Credit Card,Takeaway,2023-06-24,Summer
3084,TXN_9063299,Coffee,4.0,3.0,12.0,Digital Wallet,In-store,2023-06-15,Summer
3085,TXN_4318159,Coffee,4.0,2.0,8.0,Digital Wallet,Takeaway,2023-03-30,Spring
3086,TXN_8127390,Tea,3.0,1.5,4.5,Digital Wallet,In-store,2023-01-19,Winter
3087,TXN_9682798,Coffee,3.0,3.0,9.0,Cash,In-store,2023-09-15,Autumn
3088,TXN_9716971,Salad,4.0,5.0,20.0,Digital Wallet,Takeaway,2023-06-21,Summer
3089,TXN_7827797,Salad,3.0,5.0,15.0,Digital Wallet,Takeaway,2023-06-30,Summer
3090,TXN_4343391,Cookie,5.0,1.0,5.0,Cash,Takeaway,2023-06-01,Summer
3091,TXN_6877186,Cookie,2.0,1.0,2.0,Credit Card,In-store,2023-12-05,Winter
3093,TXN_6559173,Smoothie,5.0,4.0,20.0,Digital Wallet,Takeaway,2023-08-09,Summer
3094,TXN_9818498,Smoothie,3.0,4.0,12.0,Credit Card,Takeaway,2023-09-01,Autumn
3095,TXN_2520102,Coffee,1.0,2.0,2.0,Digital Wallet,Takeaway,2023-03-08,Spring
3096,TXN_9155044,Smoothie,3.0,4.0,12.0,Credit Card,In-store,2023-02-28,Winter
3097,TXN_5625110,Salad,3.0,5.0,15.0,Digital Wallet,Takeaway,2023-11-07,Autumn
3099,TXN_8706498,Smoothie,5.0,4.0,20.0,Digital Wallet,Takeaway,2023-05-08,Spring
3100,TXN_1188596,Coffee,1.0,3.0,3.0,Cash,Takeaway,2023-10-24,Autumn
3101,TXN_8085790,Cookie,4.0,1.0,4.0,Cash,Takeaway,2023-10-27,Autumn
3102,TXN_3113823,Salad,5.0,5.0,25.0,Digital Wallet,In-store,2023-03-01,Spring
3103,TXN_3423451,Salad,4.0,5.0,20.0,Cash,Takeaway,2023-10-11,Autumn
3104,TXN_8010863,Coffee,2.0,2.0,4.0,Digital Wallet,Takeaway,2023-06-30,Summer
3105,TXN_6154626,Smoothie,5.0,4.0,20.0,Digital Wallet,Takeaway,2023-05-06,Spring
3106,TXN_5841004,Cookie,2.0,1.0,2.0,Credit Card,In-store,2023-04-28,Spring
3107,TXN_2886223,Smoothie,5.0,4.0,20.0,Credit Card,Takeaway,2023-07-24,Summer
3108,TXN_6047742,Smoothie,5.0,4.0,20.0,Digital Wallet,In-store,2023-12-11,Winter
3109,TXN_5086795,Salad,1.0,5.0,5.0,Cash,In-store,2023-04-29,Spring
3110,TXN_1943186,Salad,2.0,5.0,10.0,Cash,In-store,2023-12-16,Winter
3111,TXN_9600016,Cookie,4.0,1.0,4.0,Digital Wallet,Takeaway,2023-05-06,Spring
3113,TXN_4305997,Tea,3.0,1.5,4.5,Digital Wallet,In-store,2023-11-22,Autumn
3114,TXN_4364374,Smoothie,2.0,4.0,8.0,Cash,Takeaway,2023-04-20,Spring
3115,TXN_7031347,Coffee,4.0,3.0,12.0,Credit Card,Takeaway,2023-06-09,Summer
3116,TXN_9703331,Coffee,2.0,3.0,6.0,Cash,Takeaway,2023-09-09,Autumn
3117,TXN_3851247,Coffee,1.0,3.0,3.0,Credit Card,In-store,2023-11-23,Autumn
3118,TXN_6666679,Coffee,2.0,3.0,6.0,Digital Wallet,Takeaway,2023-08-25,Summer
3119,TXN_5683213,Smoothie,2.0,4.0,8.0,Credit Card,In-store,2023-10-30,Autumn
3120,TXN_2052609,Coffee,4.0,3.0,12.0,Credit Card,Takeaway,2023-06-23,Summer
3121,TXN_6557825,Tea,3.0,1.5,4.5,Digital Wallet,Takeaway,2023-05-07,Spring
3122,TXN_6228999,Cookie,5.0,1.0,5.0,Digital Wallet,Takeaway,2023-02-07,Winter
3123,TXN_4226287,Cookie,1.0,1.0,1.0,Digital Wallet,Takeaway,2023-04-29,Spring
3125,TXN_2570829,Coffee,1.0,3.0,3.0,Cash,Takeaway,2023-03-31,Spring
3126,TXN_7433531,Smoothie,2.0,4.0,8.0,Digital Wallet,Takeaway,2023-08-16,Summer
3127,TXN_5190685,Cookie,4.0,1.0,4.0,Cash,Takeaway,2023-11-12,Autumn
3128,TXN_4526296,Smoothie,5.0,4.0,20.0,Digital Wallet,Takeaway,2023-11-23,Autumn
3129,TXN_5137315,Salad,5.0,5.0,25.0,Credit Card,In-store,2023-01-05,Winter
3130,TXN_6513435,Coffee,3.0,3.0,9.0,Digital Wallet,Takeaway,2023-08-16,Summer
3131,TXN_8337899,Cookie,1.0,1.0,1.0,Digital Wallet,Takeaway,2023-11-10,Autumn
3132,TXN_2245787,Salad,4.0,5.0,20.0,Digital Wallet,Takeaway,2023-10-29,Autumn
3133,TXN_9203396,Coffee,5.0,2.0,10.0,Digital Wallet,In-store,2023-01-08,Winter
3134,TXN_9352671,Smoothie,2.0,4.0,8.0,Cash,Takeaway,2023-02-10,Winter
3135,TXN_6391414,Smoothie,4.0,4.0,16.0,Cash,In-store,2023-05-08,Spring
3136,TXN_2613440,Coffee,3.0,3.0,9.0,Credit Card,In-store,2023-04-15,Spring
3137,TXN_5632564,Cookie,1.0,1.0,1.0,Credit Card,Takeaway,2023-11-04,Autumn
3138,TXN_4175122,Coffee,4.0,2.0,8.0,Digital Wallet,In-store,2023-09-29,Autumn
3141,TXN_4704439,Coffee,3.0,2.0,6.0,Cash,Takeaway,2023-06-14,Summer
3143,TXN_2666340,Coffee,2.0,3.0,6.0,Cash,Takeaway,2023-09-29,Autumn
3144,TXN_8004162,Salad,5.0,5.0,25.0,Digital Wallet,Takeaway,2023-11-04,Autumn
3145,TXN_6539480,Coffee,5.0,3.0,15.0,Cash,Takeaway,2023-08-25,Summer
3146,TXN_1993002,Coffee,4.0,3.0,12.0,Digital Wallet,Takeaway,2023-03-30,Spring
3147,TXN_5024094,Tea,1.0,1.5,1.5,Credit Card,Takeaway,2023-02-20,Winter
3148,TXN_7399898,Coffee,3.0,3.0,9.0,Digital Wallet,Takeaway,2023-02-19,Winter
3149,TXN_7675213,Smoothie,2.0,4.0,8.0,Digital Wallet,In-store,2023-03-08,Spring
3150,TXN_5180728,Tea,2.0,1.5,3.0,Digital Wallet,In-store,2023-09-01,Autumn
3151,TXN_1442791,Tea,1.0,1.5,1.5,Digital Wallet,Takeaway,2023-03-23,Spring
3152,TXN_7169607,Coffee,2.0,3.0,6.0,Credit Card,Takeaway,2023-04-10,Spring
3153,TXN_8157817,Tea,2.0,1.5,3.0,Credit Card,Takeaway,2023-08-30,Summer
3154,TXN_9105544,Tea,3.0,1.5,4.5,Digital Wallet,In-store,2023-07-08,Summer
3155,TXN_7620529,Smoothie,2.0,4.0,8.0,Cash,In-store,2023-08-08,Summer
3156,TXN_1491670,Coffee,5.0,3.0,15.0,Credit Card,Takeaway,2023-06-28,Summer
3157,TXN_8041777,Coffee,1.0,3.0,3.0,Cash,Takeaway,2023-11-23,Autumn
3158,TXN_2366464,Coffee,1.0,3.0,3.0,Cash,Takeaway,2023-06-05,Summer
3159,TXN_7994275,Smoothie,3.0,4.0,12.0,Credit Card,In-store,2023-09-18,Autumn
3160,TXN_6034920,Cookie,1.0,1.0,1.0,Credit Card,In-store,2023-09-09,Autumn
3161,TXN_4673812,Cookie,2.0,1.0,2.0,Digital Wallet,Takeaway,2023-05-01,Spring
3163,TXN_4503560,Coffee,5.0,3.0,15.0,Digital Wallet,Takeaway,2023-02-21,Winter
3164,TXN_6543620,Cookie,2.0,1.0,2.0,Cash,Takeaway,2023-04-08,Spring
3165,TXN_5071222,Cookie,5.0,1.0,5.0,Digital Wallet,Takeaway,2023-10-25,Autumn
3166,TXN_1605048,Coffee,4.0,3.0,12.0,Cash,Takeaway,2023-03-16,Spring
3167,TXN_9907306,Cookie,3.0,1.0,3.0,Digital Wallet,Takeaway,2023-09-06,Autumn
3168,TXN_2401829,Smoothie,5.0,4.0,20.0,Digital Wallet,Takeaway,2023-02-07,Winter
3169,TXN_8359674,Salad,3.0,5.0,15.0,Digital Wallet,Takeaway,2023-10-16,Autumn
3170,TXN_1937611,Tea,2.0,1.5,3.0,Credit Card,Takeaway,2023-11-02,Autumn
3171,TXN_5438111,Smoothie,3.0,4.0,12.0,Cash,In-store,2023-01-06,Winter
3172,TXN_1442771,Coffee,1.0,3.0,3.0,Digital Wallet,Takeaway,2023-04-25,Spring
3173,TXN_5793057,Smoothie,3.0,4.0,12.0,Credit Card,In-store,2023-02-25,Winter
3174,TXN_1778597,Cookie,3.0,1.0,3.0,Cash,Takeaway,2023-09-28,Autumn
3175,TXN_4076631,Coffee,4.0,3.0,12.0,Cash,In-store,2023-07-21,Summer
3176,TXN_1660757,Coffee,4.0,3.0,12.0,Digital Wallet,Takeaway,2023-11-08,Autumn
3177,TXN_7540909,Tea,2.0,1.5,3.0,Digital Wallet,Takeaway,2023-02-20,Winter
3178,TXN_1469462,Coffee,1.0,3.0,3.0,Credit Card,Takeaway,2023-09-05,Autumn
3179,TXN_4745094,Tea,5.0,1.5,7.5,Credit Card,Takeaway,2023-12-05,Winter
3180,TXN_3711712,Salad,5.0,5.0,25.0,Digital Wallet,In-store,2023-08-20,Summer
3181,TXN_7909509,Smoothie,3.0,4.0,12.0,Digital Wallet,Takeaway,2023-10-10,Autumn
3182,TXN_8577850,Tea,3.0,1.5,4.5,Digital Wallet,Takeaway,2023-07-10,Summer
3183,TXN_1268480,Salad,5.0,5.0,25.0,Cash,In-store,2023-04-18,Spring
3184,TXN_6579974,Smoothie,5.0,4.0,20.0,Digital Wallet,Takeaway,2023-05-10,Spring
3185,TXN_6957331,Coffee,3.0,3.0,9.0,Digital Wallet,Takeaway,2023-01-23,Winter
3186,TXN_7796731,Coffee,2.0,3.0,6.0,Digital Wallet,In-store,2023-06-09,Summer
3187,TXN_7218914,Salad,1.0,5.0,5.0,Digital Wallet,In-store,2023-01-11,Winter
3188,TXN_4869107,Smoothie,3.0,4.0,12.0,Digital Wallet,In-store,2023-01-30,Winter
3189,TXN_2027203,Coffee,3.0,2.0,6.0,Credit Card,Takeaway,2023-07-15,Summer
3190,TXN_6149748,Salad,3.0,5.0,15.0,Credit Card,Takeaway,2023-07-06,Summer
3191,TXN_1633563,Smoothie,4.0,4.0,16.0,Digital Wallet,In-store,2023-02-05,Winter
3192,TXN_3088330,Tea,5.0,1.5,7.5,Digital Wallet,In-store,2023-12-08,Winter
3193,TXN_5001766,Smoothie,1.0,4.0,4.0,Digital Wallet,Takeaway,2023-05-24,Spring
3194,TXN_5634960,Tea,2.0,1.5,3.0,Digital Wallet,Takeaway,2023-09-06,Autumn
3195,TXN_6280724,Coffee,3.0,2.0,6.0,Credit Card,Takeaway,2023-05-02,Spring
3196,TXN_7650834,Salad,2.0,5.0,10.0,Cash,Takeaway,2023-10-29,Autumn
3197,TXN_4107857,Tea,1.0,1.5,1.5,Credit Card,Takeaway,2023-01-29,Winter
3199,TXN_4635037,Coffee,1.0,3.0,3.0,Digital Wallet,In-store,2023-05-17,Spring
3200,TXN_2160119,Smoothie,5.0,4.0,20.0,Cash,Takeaway,2023-12-27,Winter
3201,TXN_9103776,Tea,4.0,1.5,6.0,Credit Card,In-store,2023-05-03,Spring
3202,TXN_7538221,Coffee,5.0,3.0,15.0,Credit Card,Takeaway,2023-03-31,Spring
3204,TXN_8807333,Smoothie,5.0,4.0,20.0,Digital Wallet,In-store,2023-03-18,Spring
3205,TXN_8006056,Coffee,4.0,3.0,12.0,Credit Card,Takeaway,2023-12-19,Winter
3206,TXN_2216532,Tea,3.0,1.5,4.5,Cash,Takeaway,2023-12-27,Winter
3207,TXN_6553720,Coffee,4.0,2.0,8.0,Digital Wallet,In-store,2023-02-02,Winter
3208,TXN_5828907,Cookie,5.0,1.0,5.0,Digital Wallet,Takeaway,2023-05-13,Spring
3209,TXN_2336248,Coffee,5.0,3.0,15.0,Digital Wallet,Takeaway,2023-10-19,Autumn
3210,TXN_3321611,Smoothie,3.0,4.0,12.0,Digital Wallet,Takeaway,2023-09-09,Autumn
3211,TXN_6022618,Smoothie,1.0,4.0,4.0,Digital Wallet,In-store,2023-12-18,Winter
3212,TXN_1665810,Smoothie,5.0,4.0,20.0,Digital Wallet,In-store,2023-02-26,Winter
3213,TXN_1399696,Coffee,5.0,3.0,15.0,Cash,In-store,2023-04-08,Spring
3214,TXN_9154381,Cookie,2.0,1.0,2.0,Credit Card,In-store,2023-04-21,Spring
3215,TXN_5333966,Coffee,4.0,3.0,12.0,Digital Wallet,In-store,2023-06-11,Summer
3216,TXN_8361813,Cookie,3.0,1.0,3.0,Cash,In-store,2023-08-01,Summer
3217,TXN_9841222,Smoothie,5.0,4.0,20.0,Credit Card,Takeaway,2023-04-23,Spring
3218,TXN_4754346,Coffee,4.0,3.0,12.0,Credit Card,In-store,2023-08-31,Summer
3219,TXN_5910268,Salad,4.0,5.0,20.0,Digital Wallet,Takeaway,2023-07-04,Summer
3221,TXN_5227574,Coffee,4.0,3.0,12.0,Digital Wallet,Takeaway,2023-04-10,Spring
3222,TXN_5485774,Coffee,2.0,2.0,4.0,Credit Card,Takeaway,2023-07-20,Summer
3223,TXN_6504165,Coffee,3.0,3.0,9.0,Cash,Takeaway,2023-02-13,Winter
3225,TXN_2391659,Tea,5.0,1.5,7.5,Digital Wallet,Takeaway,2023-02-16,Winter
3226,TXN_8964493,Smoothie,1.0,4.0,4.0,Cash,Takeaway,2023-02-10,Winter
3227,TXN_1931832,Smoothie,4.0,4.0,16.0,Credit Card,Takeaway,2023-05-07,Spring
3228,TXN_4939667,Salad,1.0,5.0,5.0,Cash,Takeaway,2023-01-23,Winter
3229,TXN_7126803,Smoothie,5.0,4.0,20.0,Digital Wallet,Takeaway,2023-05-24,Spring
3230,TXN_9649878,Coffee,5.0,3.0,15.0,Cash,Takeaway,2023-12-24,Winter
3231,TXN_5086063,Coffee,3.0,3.0,9.0,Digital Wallet,Takeaway,2023-09-28,Autumn
3232,TXN_5026564,Smoothie,3.0,4.0,12.0,Cash,Takeaway,2023-09-12,Autumn
3233,TXN_9680054,Coffee,3.0,3.0,9.0,Digital Wallet,In-store,2023-03-14,Spring
3234,TXN_7299015,Coffee,5.0,2.0,10.0,Digital Wallet,Takeaway,2023-12-02,Winter
3235,TXN_6040824,Smoothie,1.0,4.0,4.0,Cash,Takeaway,2023-01-07,Winter
3236,TXN_4520062,Tea,2.0,1.5,3.0,Digital Wallet,In-store,2023-01-10,Winter
3237,TXN_5889049,Cookie,2.0,1.0,2.0,Digital Wallet,In-store,2023-07-14,Summer
3238,TXN_1177438,Salad,4.0,5.0,20.0,Digital Wallet,Takeaway,2023-08-21,Summer
3239,TXN_6345691,Smoothie,5.0,4.0,20.0,Credit Card,Takeaway,2023-09-03,Autumn
3240,TXN_6523635,Salad,2.0,5.0,10.0,Digital Wallet,Takeaway,2023-04-22,Spring
3242,TXN_6854151,Smoothie,3.0,4.0,12.0,Credit Card,In-store,2023-02-07,Winter
3243,TXN_6862075,Coffee,3.0,3.0,9.0,Credit Card,In-store,2023-08-13,Summer
3244,TXN_9202272,Smoothie,3.0,4.0,12.0,Digital Wallet,Takeaway,2023-11-29,Autumn
3245,TXN_8620934,Cookie,5.0,1.0,5.0,Digital Wallet,In-store,2023-09-10,Autumn
3246,TXN_8133627,Coffee,5.0,3.0,15.0,Cash,In-store,2023-08-15,Summer
3247,TXN_5777224,Tea,3.0,1.5,4.5,Digital Wallet,Takeaway,2023-09-16,Autumn
3248,TXN_1895899,Smoothie,4.0,4.0,16.0,Credit Card,In-store,2023-07-17,Summer
3249,TXN_3658211,Coffee,4.0,3.0,12.0,Cash,Takeaway,2023-04-02,Spring
3250,TXN_5117140,Cookie,5.0,1.0,5.0,Digital Wallet,Takeaway,2023-08-17,Summer
3251,TXN_2513950,Smoothie,4.0,4.0,16.0,Digital Wallet,In-store,2023-04-03,Spring
3252,TXN_7890585,Coffee,5.0,3.0,15.0,Cash,Takeaway,2023-08-11,Summer
3253,TXN_5106045,Coffee,3.0,2.0,6.0,Credit Card,Takeaway,2023-11-17,Autumn
3254,TXN_5177565,Smoothie,5.0,4.0,20.0,Digital Wallet,Takeaway,2023-10-24,Autumn
3255,TXN_2792107,Coffee,1.0,3.0,3.0,Digital Wallet,Takeaway,2023-07-10,Summer
3256,TXN_4036747,Smoothie,1.0,4.0,4.0,Cash,Takeaway,2023-05-27,Spring
3257,TXN_2955691,Coffee,1.0,3.0,3.0,Digital Wallet,Takeaway,2023-04-04,Spring
3259,TXN_9641364,Cookie,3.0,1.0,3.0,Digital Wallet,In-store,2023-03-04,Spring
3260,TXN_3488590,Cookie,2.0,1.0,2.0,Credit Card,Takeaway,2023-12-28,Winter
3261,TXN_9720549,Cookie,1.0,1.0,1.0,Credit Card,In-store,2023-07-30,Summer
3262,TXN_2477550,Smoothie,2.0,4.0,8.0,Cash,Takeaway,2023-02-02,Winter
3263,TXN_2172960,Smoothie,1.0,4.0,4.0,Digital Wallet,Takeaway,2023-07-04,Summer
3264,TXN_5901182,Smoothie,5.0,4.0,20.0,Digital Wallet,In-store,2023-07-15,Summer
3266,TXN_1923984,Coffee,2.0,3.0,6.0,Credit Card,Takeaway,2023-08-31,Summer
3267,TXN_4163149,Salad,1.0,5.0,5.0,Cash,Takeaway,2023-07-30,Summer
3268,TXN_5996894,Coffee,1.0,3.0,3.0,Credit Card,Takeaway,2023-06-12,Summer
3269,TXN_2979899,Coffee,5.0,3.0,15.0,Digital Wallet,Takeaway,2023-05-26,Spring
3270,TXN_7762739,Smoothie,4.0,4.0,16.0,Digital Wallet,In-store,2023-11-05,Autumn
3271,TXN_6392156,Cookie,5.0,1.0,5.0,Credit Card,Takeaway,2023-11-12,Autumn
3272,TXN_7278248,Salad,5.0,5.0,25.0,Cash,Takeaway,2023-10-23,Autumn
3273,TXN_1315847,Coffee,1.0,3.0,3.0,Digital Wallet,In-store,2023-06-19,Summer
3274,TXN_9367729,Coffee,2.0,2.0,4.0,Digital Wallet,Takeaway,2023-10-10,Autumn
3275,TXN_1464150,Coffee,5.0,2.0,10.0,Cash,Takeaway,2023-02-14,Winter
3276,TXN_1746001,Cookie,3.0,1.0,3.0,Digital Wallet,Takeaway,2023-03-15,Spring
3277,TXN_4203560,Coffee,1.0,3.0,3.0,Digital Wallet,Takeaway,2023-08-20,Summer
3278,TXN_1493452,Smoothie,3.0,4.0,12.0,Digital Wallet,Takeaway,2023-11-08,Autumn
3279,TXN_4171998,Smoothie,2.0,4.0,8.0,Digital Wallet,Takeaway,2023-10-18,Autumn
3280,TXN_4528664,Salad,3.0,5.0,15.0,Cash,In-store,2023-12-31,Winter
3281,TXN_1775278,Coffee,4.0,3.0,12.0,Credit Card,Takeaway,2023-02-22,Winter
3282,TXN_1459078,Cookie,5.0,1.0,5.0,Digital Wallet,In-store,2023-11-10,Autumn
3284,TXN_1411473,Coffee,3.0,2.0,6.0,Credit Card,In-store,2023-01-04,Winter
3285,TXN_5132747,Coffee,2.0,2.0,4.0,Digital Wallet,Takeaway,2023-10-28,Autumn
3287,TXN_7684072,Tea,2.0,1.5,3.0,Credit Card,Takeaway,2023-05-12,Spring
3288,TXN_3660999,Coffee,3.0,3.0,9.0,Digital Wallet,Takeaway,2023-02-02,Winter
3289,TXN_7828462,Tea,3.0,1.5,4.5,Cash,Takeaway,2023-01-11,Winter
3290,TXN_3976744,Coffee,1.0,3.0,3.0,Cash,Takeaway,2023-12-25,Winter
3291,TXN_3397978,Smoothie,5.0,4.0,20.0,Digital Wallet,In-store,2023-08-01,Summer
3292,TXN_8568597,Coffee,1.0,3.0,3.0,Digital Wallet,Takeaway,2023-04-03,Spring
3293,TXN_4152709,Smoothie,4.0,4.0,16.0,Digital Wallet,Takeaway,2023-12-03,Winter
3294,TXN_5222110,Coffee,2.0,2.0,4.0,Digital Wallet,Takeaway,2023-01-30,Winter
3295,TXN_1987716,Coffee,1.0,2.0,2.0,Credit Card,Takeaway,2023-11-13,Autumn
3296,TXN_3643348,Smoothie,4.0,4.0,16.0,Digital Wallet,In-store,2023-09-06,Autumn
3297,TXN_6537449,Salad,2.0,5.0,10.0,Digital Wallet,In-store,2023-01-15,Winter
3298,TXN_1244509,Smoothie,3.0,4.0,12.0,Credit Card,In-store,2023-02-21,Winter
3299,TXN_3490516,Coffee,5.0,2.0,10.0,Digital Wallet,Takeaway,2023-04-28,Spring
3300,TXN_2726254,Smoothie,3.0,4.0,12.0,Digital Wallet,Takeaway,2023-06-08,Summer
3301,TXN_9917989,Smoothie,4.0,4.0,16.0,Digital Wallet,Takeaway,2023-10-20,Autumn
3303,TXN_4168628,Tea,4.0,1.5,6.0,Digital Wallet,In-store,2023-04-27,Spring
3304,TXN_2490026,Coffee,5.0,3.0,15.0,Digital Wallet,Takeaway,2023-10-21,Autumn
3305,TXN_7327440,Cookie,3.0,1.0,3.0,Cash,In-store,2023-05-02,Spring
3306,TXN_3597656,Coffee,4.0,2.0,8.0,Digital Wallet,Takeaway,2023-04-03,Spring
3307,TXN_1765281,Smoothie,3.0,4.0,12.0,Credit Card,In-store,2023-01-28,Winter
3308,TXN_4667663,Coffee,5.0,3.0,15.0,Credit Card,Takeaway,2023-03-07,Spring
3309,TXN_8571235,Coffee,1.0,3.0,3.0,Cash,Takeaway,2023-03-01,Spring
3310,TXN_2580487,Coffee,1.0,3.0,3.0,Digital Wallet,Takeaway,2023-01-13,Winter
3311,TXN_2611683,Coffee,3.0,3.0,9.0,Digital Wallet,In-store,2023-04-11,Spring
3312,TXN_4271744,Coffee,3.0,3.0,9.0,Digital Wallet,Takeaway,2023-06-19,Summer
3313,TXN_2917072,Tea,3.0,1.5,4.5,Digital Wallet,Takeaway,2023-01-25,Winter
3315,TXN_5777903,Coffee,2.0,2.0,4.0,Digital Wallet,Takeaway,2023-05-15,Spring
3316,TXN_5153086,Tea,3.0,1.5,4.5,Cash,In-store,2023-06-27,Summer
3317,TXN_6004967,Salad,4.0,5.0,20.0,Credit Card,Takeaway,2023-01-13,Winter
3318,TXN_3435509,Smoothie,1.0,4.0,4.0,Cash,Takeaway,2023-08-19,Summer
3319,TXN_2488232,Tea,2.0,1.5,3.0,Digital Wallet,Takeaway,2023-10-05,Autumn
3320,TXN_8771574,Coffee,3.0,2.0,6.0,Digital Wallet,Takeaway,2023-05-03,Spring
3321,TXN_1181626,Cookie,4.0,1.0,4.0,Digital Wallet,Takeaway,2023-02-06,Winter
3322,TXN_4081759,Coffee,2.0,2.0,4.0,Digital Wallet,Takeaway,2023-09-30,Autumn
3323,TXN_6177161,Tea,5.0,1.5,7.5,Credit Card,In-store,2023-04-01,Spring
3324,TXN_2500345,Salad,5.0,5.0,25.0,Digital Wallet,In-store,2023-04-16,Spring
3325,TXN_1228652,Salad,1.0,5.0,5.0,Cash,In-store,2023-07-24,Summer
3326,TXN_4476151,Coffee,4.0,3.0,12.0,Credit Card,In-store,2023-02-15,Winter
3328,TXN_6557174,Salad,4.0,5.0,20.0,Credit Card,In-store,2023-08-20,Summer
3329,TXN_5089516,Smoothie,2.0,4.0,8.0,Credit Card,In-store,2023-11-04,Autumn
3330,TXN_5915706,Tea,1.0,1.5,1.5,Cash,In-store,2023-08-18,Summer
3331,TXN_9341159,Coffee,5.0,3.0,15.0,Digital Wallet,Takeaway,2023-09-29,Autumn
3332,TXN_1870303,Coffee,4.0,2.0,8.0,Digital Wallet,In-store,2023-05-05,Spring
3333,TXN_5680238,Coffee,5.0,3.0,15.0,Digital Wallet,Takeaway,2023-12-17,Winter
3334,TXN_7766134,Tea,1.0,1.5,1.5,Credit Card,Takeaway,2023-01-05,Winter
3335,TXN_2617257,Cookie,1.0,1.0,1.0,Cash,Takeaway,2023-08-20,Summer
3336,TXN_8993132,Coffee,3.0,3.0,9.0,Digital Wallet,In-store,2023-01-21,Winter
3337,TXN_4268167,Smoothie,4.0,4.0,16.0,Digital Wallet,Takeaway,2023-07-06,Summer
3338,TXN_9358399,Tea,5.0,1.5,7.5,Credit Card,Takeaway,2023-06-16,Summer
3339,TXN_2793054,Smoothie,4.0,4.0,16.0,Digital Wallet,Takeaway,2023-04-29,Spring
3340,TXN_6179169,Smoothie,2.0,4.0,8.0,Cash,In-store,2023-10-21,Autumn
3341,TXN_7932895,Smoothie,2.0,4.0,8.0,Digital Wallet,In-store,2023-04-04,Spring
3342,TXN_3364751,Coffee,2.0,2.0,4.0,Digital Wallet,Takeaway,2023-04-12,Spring
3343,TXN_1097334,Coffee,2.0,2.0,4.0,Credit Card,Takeaway,2023-03-21,Spring
3344,TXN_9914084,Coffee,1.0,2.0,2.0,Digital Wallet,Takeaway,2023-06-16,Summer
3345,TXN_5982786,Coffee,4.0,3.0,12.0,Credit Card,In-store,2023-12-26,Winter
3346,TXN_3160090,Salad,1.0,5.0,5.0,Digital Wallet,Takeaway,2023-07-23,Summer
3347,TXN_2300313,Coffee,4.0,2.0,8.0,Digital Wallet,In-store,2023-06-02,Summer
3348,TXN_9461396,Smoothie,5.0,4.0,20.0,Digital Wallet,Takeaway,2023-05-23,Spring
3349,TXN_6887407,Coffee,3.0,3.0,9.0,Cash,In-store,2023-09-15,Autumn
3350,TXN_6425991,Salad,1.0,5.0,5.0,Credit Card,Takeaway,2023-08-06,Summer
3351,TXN_6040882,Cookie,1.0,1.0,1.0,Cash,In-store,2023-06-06,Summer
3352,TXN_4151440,Coffee,5.0,3.0,15.0,Digital Wallet,In-store,2023-11-16,Autumn
3353,TXN_7921799,Cookie,1.0,1.0,1.0,Credit Card,Takeaway,2023-09-14,Autumn
3354,TXN_1715317,Coffee,5.0,3.0,15.0,Digital Wallet,In-store,2023-02-10,Winter
3355,TXN_2482242,Cookie,4.0,1.0,4.0,Digital Wallet,Takeaway,2023-02-07,Winter
3356,TXN_5861636,Coffee,4.0,2.0,8.0,Credit Card,Takeaway,2023-05-15,Spring
3357,TXN_7272630,Tea,4.0,1.5,6.0,Cash,Takeaway,2023-03-24,Spring
3358,TXN_7157169,Smoothie,3.0,4.0,12.0,Digital Wallet,Takeaway,2023-01-29,Winter
3359,TXN_9325384,Coffee,5.0,3.0,15.0,Digital Wallet,In-store,2023-04-24,Spring
3360,TXN_2832778,Coffee,2.0,3.0,6.0,Credit Card,Takeaway,2023-09-27,Autumn
3361,TXN_9894745,Tea,2.0,1.5,3.0,Cash,Takeaway,2023-08-28,Summer
3362,TXN_1244299,Smoothie,2.0,4.0,8.0,Cash,Takeaway,2023-07-18,Summer
3363,TXN_1694090,Coffee,4.0,2.0,8.0,Digital Wallet,Takeaway,2023-11-30,Autumn
3364,TXN_5965095,Salad,4.0,5.0,20.0,Digital Wallet,In-store,2023-06-16,Summer
3365,TXN_7911650,Coffee,2.0,3.0,6.0,Cash,Takeaway,2023-03-13,Spring
3366,TXN_9610933,Tea,3.0,1.5,4.5,Cash,Takeaway,2023-05-20,Spring
3367,TXN_7440879,Coffee,1.0,3.0,3.0,Digital Wallet,In-store,2023-12-30,Winter
3368,TXN_4228312,Coffee,4.0,2.0,8.0,Digital Wallet,Takeaway,2023-01-22,Winter
3369,TXN_6431703,Smoothie,1.0,4.0,4.0,Credit Card,Takeaway,2023-08-25,Summer
3370,TXN_1063524,Smoothie,5.0,4.0,20.0,Credit Card,Takeaway,2023-11-09,Autumn
3371,TXN_9031518,Smoothie,5.0,4.0,20.0,Credit Card,In-store,2023-01-13,Winter
3372,TXN_5781767,Smoothie,5.0,4.0,20.0,Credit Card,In-store,2023-04-27,Spring
3373,TXN_4465589,Tea,2.0,1.5,3.0,Credit Card,Takeaway,2023-03-26,Spring
3374,TXN_2035838,Coffee,5.0,3.0,15.0,Digital Wallet,Takeaway,2023-02-01,Winter
3375,TXN_9817602,Smoothie,2.0,4.0,8.0,Credit Card,Takeaway,2023-12-26,Winter
3376,TXN_9643180,Coffee,2.0,2.0,4.0,Cash,Takeaway,2023-06-10,Summer
3377,TXN_9070074,Coffee,5.0,2.0,10.0,Digital Wallet,Takeaway,2023-02-03,Winter
3378,TXN_5274961,Coffee,1.0,3.0,3.0,Credit Card,In-store,2023-11-04,Autumn
3379,TXN_8715388,Salad,1.0,5.0,5.0,Digital Wallet,In-store,2023-11-04,Autumn
3380,TXN_1980303,Tea,3.0,1.5,4.5,Digital Wallet,Takeaway,2023-04-22,Spring
3381,TXN_9291130,Cookie,5.0,1.0,5.0,Cash,In-store,2023-05-11,Spring
3383,TXN_2652800,Coffee,4.0,3.0,12.0,Cash,Takeaway,2023-11-30,Autumn
3384,TXN_7068406,Coffee,2.0,3.0,6.0,Digital Wallet,Takeaway,2023-01-26,Winter
3385,TXN_5380220,Coffee,4.0,2.0,8.0,Credit Card,In-store,2023-10-18,Autumn
3386,TXN_7842557,Tea,4.0,1.5,6.0,Digital Wallet,In-store,2023-02-09,Winter
3387,TXN_7208533,Tea,1.0,1.5,1.5,Cash,In-store,2023-05-15,Spring
3388,TXN_6916853,Smoothie,5.0,4.0,20.0,Cash,Takeaway,2023-12-22,Winter
3389,TXN_9086710,Salad,2.0,5.0,10.0,Digital Wallet,In-store,2023-10-27,Autumn
3390,TXN_1830278,Cookie,3.0,1.0,3.0,Credit Card,Takeaway,2023-05-15,Spring
3391,TXN_8388122,Tea,4.0,1.5,6.0,Digital Wallet,In-store,2023-11-01,Autumn
3392,TXN_8612901,Coffee,3.0,3.0,9.0,Digital Wallet,Takeaway,2023-03-18,Spring
3393,TXN_7752958,Coffee,2.0,3.0,6.0,Digital Wallet,Takeaway,2023-09-22,Autumn
3394,TXN_5311814,Tea,4.0,1.5,6.0,Digital Wallet,Takeaway,2023-07-06,Summer
3395,TXN_2933739,Cookie,1.0,1.0,1.0,Digital Wallet,Takeaway,2023-09-15,Autumn
3396,TXN_1239876,Smoothie,2.0,4.0,8.0,Digital Wallet,In-store,2023-04-04,Spring
3397,TXN_6295047,Tea,4.0,1.5,6.0,Digital Wallet,Takeaway,2023-09-06,Autumn
3398,TXN_3858791,Cookie,5.0,1.0,5.0,Credit Card,Takeaway,2023-06-25,Summer
3399,TXN_1737731,Smoothie,5.0,4.0,20.0,Digital Wallet,Takeaway,2023-06-29,Summer
3400,TXN_6131195,Salad,1.0,5.0,5.0,Digital Wallet,Takeaway,2023-10-24,Autumn
3402,TXN_2727347,Coffee,5.0,3.0,15.0,Cash,Takeaway,2023-01-20,Winter
3403,TXN_7242713,Smoothie,1.0,4.0,4.0,Digital Wallet,In-store,2023-04-21,Spring
3404,TXN_7797231,Coffee,5.0,2.0,10.0,Digital Wallet,Takeaway,2023-05-05,Spring
3405,TXN_3651337,Smoothie,4.0,4.0,16.0,Cash,In-store,2023-10-25,Autumn
3406,TXN_4740892,Coffee,1.0,3.0,3.0,Digital Wallet,Takeaway,2023-11-19,Autumn
3407,TXN_7218719,Coffee,1.0,3.0,3.0,Cash,Takeaway,2023-10-07,Autumn
3408,TXN_3455415,Cookie,2.0,1.0,2.0,Credit Card,Takeaway,2023-03-31,Spring
3410,TXN_3390882,Smoothie,3.0,4.0,12.0,Credit Card,In-store,2023-07-03,Summer
3411,TXN_3848261,Tea,2.0,1.5,3.0,Digital Wallet,Takeaway,2023-08-03,Summer
3412,TXN_2797925,Coffee,2.0,3.0,6.0,Cash,Takeaway,2023-10-19,Autumn
3413,TXN_2599005,Coffee,2.0,3.0,6.0,Cash,Takeaway,2023-06-10,Summer
3414,TXN_1872692,Salad,5.0,5.0,25.0,Cash,In-store,2023-08-09,Summer
3415,TXN_1372492,Salad,4.0,5.0,20.0,Cash,Takeaway,2023-03-28,Spring
3416,TXN_6549132,Salad,5.0,5.0,25.0,Digital Wallet,Takeaway,2023-12-05,Winter
3417,TXN_1003246,Coffee,2.0,3.0,6.0,Digital Wallet,Takeaway,2023-02-15,Winter
3418,TXN_5732615,Coffee,2.0,2.0,4.0,Cash,Takeaway,2023-12-05,Winter
3419,TXN_3197621,Smoothie,5.0,4.0,20.0,Digital Wallet,In-store,2023-02-10,Winter
3421,TXN_6221348,Smoothie,1.0,4.0,4.0,Digital Wallet,Takeaway,2023-03-28,Spring
3422,TXN_4986514,Tea,3.0,1.5,4.5,Credit Card,In-store,2023-06-06,Summer
3423,TXN_1050083,Coffee,5.0,3.0,15.0,Credit Card,Takeaway,2023-06-28,Summer
3424,TXN_5880567,Smoothie,5.0,4.0,20.0,Digital Wallet,In-store,2023-02-13,Winter
3425,TXN_1068317,Coffee,3.0,3.0,9.0,Digital Wallet,Takeaway,2023-03-16,Spring
3426,TXN_7389329,Coffee,4.0,2.0,8.0,Digital Wallet,Takeaway,2023-01-18,Winter
3427,TXN_3951460,Smoothie,4.0,4.0,16.0,Digital Wallet,Takeaway,2023-04-21,Spring
3428,TXN_6584150,Coffee,5.0,3.0,15.0,Credit Card,Takeaway,2023-10-27,Autumn
3429,TXN_7754428,Cookie,2.0,1.0,2.0,Digital Wallet,In-store,2023-07-27,Summer
3430,TXN_3918515,Salad,4.0,5.0,20.0,Credit Card,Takeaway,2023-03-29,Spring
3431,TXN_6484387,Cookie,5.0,1.0,5.0,Cash,Takeaway,2023-11-23,Autumn
3432,TXN_4156369,Coffee,5.0,3.0,15.0,Digital Wallet,In-store,2023-08-07,Summer
3433,TXN_4483226,Coffee,1.0,3.0,3.0,Credit Card,Takeaway,2023-08-08,Summer
3434,TXN_6457997,Smoothie,1.0,4.0,4.0,Credit Card,Takeaway,2023-12-12,Winter
3435,TXN_2553269,Cookie,5.0,1.0,5.0,Digital Wallet,Takeaway,2023-04-09,Spring
3436,TXN_5297692,Coffee,5.0,3.0,15.0,Credit Card,Takeaway,2023-03-21,Spring
3437,TXN_8241724,Smoothie,1.0,4.0,4.0,Credit Card,Takeaway,2023-05-14,Spring
3438,TXN_4916936,Smoothie,1.0,4.0,4.0,Digital Wallet,Takeaway,2023-06-04,Summer
3439,TXN_1425215,Coffee,1.0,3.0,3.0,Cash,Takeaway,2023-03-13,Spring
3440,TXN_4222908,Cookie,1.0,1.0,1.0,Digital Wallet,In-store,2023-12-14,Winter
3441,TXN_3938018,Coffee,4.0,2.0,8.0,Digital Wallet,Takeaway,2023-10-10,Autumn
3442,TXN_2363378,Coffee,5.0,2.0,10.0,Cash,Takeaway,2023-04-23,Spring
3443,TXN_8267616,Tea,4.0,1.5,6.0,Cash,Takeaway,2023-03-01,Spring
3444,TXN_4786680,Smoothie,3.0,4.0,12.0,Digital Wallet,In-store,2023-02-05,Winter
3445,TXN_6437181,Coffee,4.0,3.0,12.0,Credit Card,Takeaway,2023-04-10,Spring
3446,TXN_2335312,Coffee,2.0,3.0,6.0,Digital Wallet,Takeaway,2023-06-23,Summer
3447,TXN_8999576,Coffee,5.0,3.0,15.0,Digital Wallet,Takeaway,2023-04-09,Spring
3448,TXN_4844022,Cookie,1.0,1.0,1.0,Digital Wallet,Takeaway,2023-02-26,Winter
3449,TXN_5513984,Tea,1.0,1.5,1.5,Credit Card,In-store,2023-09-13,Autumn
3450,TXN_1662024,Cookie,4.0,1.0,4.0,Digital Wallet,In-store,2023-01-16,Winter
3451,TXN_5600914,Smoothie,4.0,4.0,16.0,Credit Card,Takeaway,2023-02-16,Winter
3452,TXN_9923860,Cookie,2.0,1.0,2.0,Digital Wallet,Takeaway,2023-11-16,Autumn
3453,TXN_5346493,Cookie,5.0,1.0,5.0,Digital Wallet,In-store,2023-04-08,Spring
3454,TXN_3528599,Cookie,1.0,1.0,1.0,Digital Wallet,Takeaway,2023-12-09,Winter
3455,TXN_5738521,Coffee,5.0,2.0,10.0,Digital Wallet,Takeaway,2023-03-14,Spring
3456,TXN_6219634,Salad,1.0,5.0,5.0,Cash,Takeaway,2023-09-11,Autumn
3457,TXN_3539062,Salad,2.0,5.0,10.0,Digital Wallet,In-store,2023-10-04,Autumn
3458,TXN_8782513,Smoothie,5.0,4.0,20.0,Digital Wallet,Takeaway,2023-10-15,Autumn
3460,TXN_2851804,Coffee,3.0,2.0,6.0,Digital Wallet,Takeaway,2023-11-30,Autumn
3461,TXN_9175519,Coffee,4.0,3.0,12.0,Digital Wallet,Takeaway,2023-10-05,Autumn
3462,TXN_6224451,Smoothie,1.0,4.0,4.0,Credit Card,Takeaway,2023-03-19,Spring
3463,TXN_3174488,Cookie,4.0,1.0,4.0,Cash,Takeaway,2023-06-28,Summer
3464,TXN_7630912,Coffee,2.0,3.0,6.0,Credit Card,Takeaway,2023-01-04,Winter
3465,TXN_5650608,Coffee,1.0,3.0,3.0,Digital Wallet,Takeaway,2023-06-25,Summer
3466,TXN_2134911,Tea,5.0,1.5,7.5,Digital Wallet,In-store,2023-10-07,Autumn
3467,TXN_4013761,Coffee,3.0,2.0,6.0,Digital Wallet,Takeaway,2023-09-07,Autumn
3468,TXN_9257475,Coffee,4.0,3.0,12.0,Digital Wallet,Takeaway,2023-07-06,Summer
3469,TXN_6616311,Coffee,4.0,2.0,8.0,Digital Wallet,Takeaway,2023-09-01,Autumn
3471,TXN_6991430,Cookie,5.0,1.0,5.0,Cash,In-store,2023-05-31,Spring
3472,TXN_6778974,Smoothie,2.0,4.0,8.0,Digital Wallet,Takeaway,2023-09-07,Autumn
3473,TXN_1818438,Coffee,5.0,2.0,10.0,Cash,Takeaway,2023-06-18,Summer
3474,TXN_5486886,Smoothie,1.0,4.0,4.0,Digital Wallet,Takeaway,2023-12-23,Winter
3475,TXN_5470598,Coffee,3.0,3.0,9.0,Digital Wallet,In-store,2023-03-14,Spring
3476,TXN_3186333,Cookie,5.0,1.0,5.0,Cash,In-store,2023-08-19,Summer
3477,TXN_8748633,Smoothie,5.0,4.0,20.0,Cash,Takeaway,2023-04-27,Spring
3478,TXN_3228558,Smoothie,2.0,4.0,8.0,Credit Card,Takeaway,2023-12-13,Winter
3479,TXN_6388107,Coffee,3.0,3.0,9.0,Digital Wallet,In-store,2023-12-04,Winter
3480,TXN_6506895,Coffee,5.0,3.0,15.0,Credit Card,In-store,2023-08-10,Summer
3481,TXN_2917211,Smoothie,5.0,4.0,20.0,Digital Wallet,Takeaway,2023-11-19,Autumn
3482,TXN_5882566,Coffee,1.0,3.0,3.0,Digital Wallet,Takeaway,2023-07-09,Summer
3483,TXN_2413548,Tea,2.0,1.5,3.0,Credit Card,Takeaway,2023-08-12,Summer
3485,TXN_7116936,Coffee,5.0,2.0,10.0,Credit Card,Takeaway,2023-05-19,Spring
3486,TXN_7991322,Coffee,5.0,2.0,10.0,Digital Wallet,Takeaway,2023-11-14,Autumn
3487,TXN_1914728,Cookie,5.0,1.0,5.0,Cash,In-store,2023-06-16,Summer
3488,TXN_4209748,Cookie,2.0,1.0,2.0,Digital Wallet,Takeaway,2023-10-24,Autumn
3489,TXN_8941438,Coffee,4.0,3.0,12.0,Digital Wallet,Takeaway,2023-07-23,Summer
3490,TXN_7932127,Coffee,3.0,2.0,6.0,Digital Wallet,Takeaway,2023-07-29,Summer
3491,TXN_7097699,Tea,4.0,1.5,6.0,Digital Wallet,Takeaway,2023-12-16,Winter
3492,TXN_7054849,Coffee,4.0,3.0,12.0,Cash,Takeaway,2023-06-16,Summer
3493,TXN_7185724,Coffee,4.0,3.0,12.0,Digital Wallet,Takeaway,2023-05-06,Spring
3494,TXN_5664982,Tea,5.0,1.5,7.5,Digital Wallet,In-store,2023-12-24,Winter
3495,TXN_9378562,Coffee,3.0,3.0,9.0,Digital Wallet,Takeaway,2023-09-06,Autumn
3496,TXN_2892693,Cookie,4.0,1.0,4.0,Credit Card,In-store,2023-03-02,Spring
3498,TXN_6552269,Coffee,4.0,3.0,12.0,Cash,Takeaway,2023-04-29,Spring
3499,TXN_4639918,Smoothie,1.0,4.0,4.0,Digital Wallet,Takeaway,2023-11-05,Autumn
3500,TXN_6037144,Tea,3.0,1.5,4.5,Cash,Takeaway,2023-09-02,Autumn
3501,TXN_3494014,Coffee,1.0,3.0,3.0,Credit Card,In-store,2023-06-09,Summer
3502,TXN_3656884,Coffee,5.0,2.0,10.0,Credit Card,Takeaway,2023-10-08,Autumn
3503,TXN_2277013,Smoothie,3.0,4.0,12.0,Digital Wallet,Takeaway,2023-07-26,Summer
3504,TXN_5423636,Smoothie,4.0,4.0,16.0,Cash,Takeaway,2023-10-18,Autumn
3505,TXN_8040251,Coffee,1.0,2.0,2.0,Digital Wallet,Takeaway,2023-04-16,Spring
3506,TXN_1635137,Coffee,2.0,3.0,6.0,Cash,Takeaway,2023-12-28,Winter
3507,TXN_8411549,Tea,4.0,1.5,6.0,Credit Card,In-store,2023-02-15,Winter
3508,TXN_3747376,Cookie,2.0,1.0,2.0,Digital Wallet,Takeaway,2023-11-03,Autumn
3509,TXN_1503903,Tea,1.0,1.5,1.5,Cash,Takeaway,2023-03-20,Spring
3510,TXN_8606152,Smoothie,5.0,4.0,20.0,Credit Card,Takeaway,2023-08-05,Summer
3511,TXN_1260517,Smoothie,5.0,4.0,20.0,Digital Wallet,Takeaway,2023-04-17,Spring
3512,TXN_6898368,Smoothie,3.0,4.0,12.0,Digital Wallet,Takeaway,2023-05-01,Spring
3513,TXN_2224251,Coffee,4.0,3.0,12.0,Digital Wallet,Takeaway,2023-04-14,Spring
3514,TXN_4567429,Tea,3.0,1.5,4.5,Cash,Takeaway,2023-10-11,Autumn
3515,TXN_8622404,Cookie,3.0,1.0,3.0,Digital Wallet,Takeaway,2023-09-21,Autumn
3516,TXN_1152249,Smoothie,3.0,4.0,12.0,Digital Wallet,In-store,2023-05-09,Spring
3517,TXN_2989533,Salad,5.0,5.0,25.0,Digital Wallet,Takeaway,2023-01-30,Winter
3518,TXN_3734446,Coffee,5.0,2.0,10.0,Digital Wallet,Takeaway,2023-04-16,Spring
3519,TXN_9517380,Tea,4.0,1.5,6.0,Cash,Takeaway,2023-10-29,Autumn
3520,TXN_3599216,Tea,1.0,1.5,1.5,Cash,In-store,2023-09-21,Autumn
3521,TXN_1363508,Salad,4.0,5.0,20.0,Cash,Takeaway,2023-08-08,Summer
3522,TXN_7969017,Tea,3.0,1.5,4.5,Digital Wallet,Takeaway,2023-02-17,Winter
3523,TXN_6987705,Cookie,5.0,1.0,5.0,Cash,Takeaway,2023-06-04,Summer
3524,TXN_8490157,Salad,2.0,5.0,10.0,Credit Card,In-store,2023-09-06,Autumn
3525,TXN_7878395,Salad,3.0,5.0,15.0,Credit Card,In-store,2023-05-26,Spring
3526,TXN_1672632,Salad,3.0,5.0,15.0,Digital Wallet,Takeaway,2023-07-04,Summer
3527,TXN_9216314,Coffee,1.0,3.0,3.0,Credit Card,Takeaway,2023-03-07,Spring
3528,TXN_1647144,Salad,2.0,5.0,10.0,Digital Wallet,Takeaway,2023-08-29,Summer
3529,TXN_4090464,Smoothie,5.0,4.0,20.0,Cash,Takeaway,2023-01-16,Winter
3530,TXN_2172301,Cookie,4.0,1.0,4.0,Digital Wallet,Takeaway,2023-04-06,Spring
3531,TXN_3730077,Cookie,2.0,1.0,2.0,Credit Card,Takeaway,2023-07-08,Summer
3532,TXN_8253046,Coffee,1.0,3.0,3.0,Digital Wallet,In-store,2023-12-20,Winter
3533,TXN_2901304,Cookie,3.0,1.0,3.0,Digital Wallet,Takeaway,2023-07-01,Summer
3534,TXN_6198799,Salad,1.0,5.0,5.0,Digital Wallet,Takeaway,2023-05-27,Spring
3535,TXN_9910573,Salad,2.0,5.0,10.0,Digital Wallet,Takeaway,2023-01-28,Winter
3536,TXN_3680192,Salad,4.0,5.0,20.0,Digital Wallet,Takeaway,2023-05-20,Spring
3537,TXN_9268974,Smoothie,2.0,4.0,8.0,Digital Wallet,Takeaway,2023-10-29,Autumn
3538,TXN_7435796,Coffee,2.0,2.0,4.0,Cash,In-store,2023-11-03,Autumn
3539,TXN_1882390,Cookie,1.0,1.0,1.0,Digital Wallet,Takeaway,2023-05-22,Spring
3540,TXN_2465074,Smoothie,1.0,4.0,4.0,Digital Wallet,Takeaway,2023-09-29,Autumn
3541,TXN_8038871,Coffee,5.0,3.0,15.0,Digital Wallet,Takeaway,2023-06-09,Summer
3542,TXN_1269172,Smoothie,1.0,4.0,4.0,Cash,Takeaway,2023-08-22,Summer
3543,TXN_4564556,Coffee,3.0,2.0,6.0,Credit Card,Takeaway,2023-11-21,Autumn
3544,TXN_8139533,Smoothie,1.0,4.0,4.0,Cash,In-store,2023-09-21,Autumn
3545,TXN_1998401,Smoothie,1.0,4.0,4.0,Cash,Takeaway,2023-09-17,Autumn
3546,TXN_9327493,Coffee,1.0,2.0,2.0,Digital Wallet,Takeaway,2023-03-27,Spring
3547,TXN_7349319,Cookie,3.0,1.0,3.0,Digital Wallet,Takeaway,2023-03-10,Spring
3548,TXN_7294526,Smoothie,5.0,4.0,20.0,Digital Wallet,Takeaway,2023-12-02,Winter
3549,TXN_5618976,Coffee,2.0,2.0,4.0,Cash,Takeaway,2023-12-05,Winter
3550,TXN_3964398,Coffee,4.0,3.0,12.0,Credit Card,Takeaway,2023-10-20,Autumn
3551,TXN_4372163,Smoothie,1.0,4.0,4.0,Digital Wallet,Takeaway,2023-03-10,Spring
3552,TXN_7242133,Coffee,3.0,2.0,6.0,Digital Wallet,Takeaway,2023-05-20,Spring
3553,TXN_7083168,Cookie,4.0,1.0,4.0,Digital Wallet,Takeaway,2023-06-01,Summer
3554,TXN_5107006,Cookie,4.0,1.0,4.0,Digital Wallet,Takeaway,2023-04-18,Spring
3555,TXN_1210183,Tea,3.0,1.5,4.5,Digital Wallet,In-store,2023-01-23,Winter
3556,TXN_3419352,Salad,3.0,5.0,15.0,Digital Wallet,In-store,2023-10-22,Autumn
3557,TXN_1900036,Cookie,1.0,1.0,1.0,Digital Wallet,Takeaway,2023-12-20,Winter
3558,TXN_7497565,Cookie,4.0,1.0,4.0,Digital Wallet,Takeaway,2023-10-07,Autumn
3559,TXN_6851735,Cookie,1.0,1.0,1.0,Digital Wallet,Takeaway,2023-01-17,Winter
3560,TXN_6716918,Coffee,2.0,2.0,4.0,Digital Wallet,Takeaway,2023-04-10,Spring
3561,TXN_6654975,Salad,3.0,5.0,15.0,Digital Wallet,In-store,2023-08-11,Summer
3562,TXN_9184804,Cookie,2.0,1.0,2.0,Digital Wallet,Takeaway,2023-11-08,Autumn
3563,TXN_9100063,Smoothie,2.0,4.0,8.0,Digital Wallet,In-store,2023-09-16,Autumn
3564,TXN_6202631,Tea,2.0,1.5,3.0,Digital Wallet,Takeaway,2023-07-29,Summer
3565,TXN_1868447,Tea,3.0,1.5,4.5,Cash,Takeaway,2023-09-30,Autumn
3566,TXN_4726531,Salad,5.0,5.0,25.0,Cash,Takeaway,2023-09-09,Autumn
3567,TXN_8640655,Coffee,3.0,2.0,6.0,Digital Wallet,Takeaway,2023-12-27,Winter
3568,TXN_8377812,Tea,2.0,1.5,3.0,Digital Wallet,In-store,2023-03-27,Spring
3569,TXN_2603561,Coffee,3.0,2.0,6.0,Digital Wallet,Takeaway,2023-04-25,Spring
3570,TXN_9822173,Coffee,5.0,3.0,15.0,Digital Wallet,Takeaway,2023-05-22,Spring
3571,TXN_2163150,Salad,1.0,5.0,5.0,Cash,In-store,2023-08-25,Summer
3572,TXN_2371464,Smoothie,4.0,4.0,16.0,Cash,In-store,2023-09-20,Autumn
3573,TXN_3389521,Salad,5.0,5.0,25.0,Digital Wallet,Takeaway,2023-02-10,Winter
3574,TXN_8916290,Salad,5.0,5.0,25.0,Digital Wallet,Takeaway,2023-07-08,Summer
3575,TXN_6130281,Smoothie,2.0,4.0,8.0,Cash,Takeaway,2023-01-18,Winter
3576,TXN_2505416,Cookie,2.0,1.0,2.0,Digital Wallet,Takeaway,2023-05-18,Spring
3577,TXN_8275626,Coffee,2.0,2.0,4.0,Digital Wallet,Takeaway,2023-09-10,Autumn
3578,TXN_9803409,Cookie,4.0,1.0,4.0,Digital Wallet,In-store,2023-01-24,Winter
3579,TXN_3094597,Smoothie,4.0,4.0,16.0,Digital Wallet,Takeaway,2023-03-11,Spring
3580,TXN_5276842,Coffee,2.0,2.0,4.0,Digital Wallet,Takeaway,2023-06-26,Summer
3581,TXN_1367003,Salad,5.0,5.0,25.0,Cash,In-store,2023-11-10,Autumn
3582,TXN_1752992,Coffee,3.0,2.0,6.0,Digital Wallet,Takeaway,2023-12-12,Winter
3583,TXN_5716276,Tea,4.0,1.5,6.0,Digital Wallet,Takeaway,2023-09-12,Autumn
3584,TXN_5696844,Cookie,2.0,1.0,2.0,Digital Wallet,In-store,2023-01-29,Winter
3585,TXN_5672156,Cookie,2.0,1.0,2.0,Credit Card,In-store,2023-07-05,Summer
3586,TXN_6480646,Tea,2.0,1.5,3.0,Digital Wallet,Takeaway,2023-10-28,Autumn
3587,TXN_1603051,Cookie,4.0,1.0,4.0,Credit Card,Takeaway,2023-03-21,Spring
3588,TXN_6293225,Coffee,4.0,3.0,12.0,Cash,Takeaway,2023-07-02,Summer
3589,TXN_6567880,Smoothie,5.0,4.0,20.0,Credit Card,Takeaway,2023-08-15,Summer
3590,TXN_6355620,Cookie,1.0,1.0,1.0,Cash,Takeaway,2023-06-18,Summer
3591,TXN_3466686,Smoothie,3.0,4.0,12.0,Digital Wallet,Takeaway,2023-09-03,Autumn
3592,TXN_6064301,Cookie,1.0,1.0,1.0,Credit Card,Takeaway,2023-07-12,Summer
3593,TXN_5005674,Salad,4.0,5.0,20.0,Credit Card,In-store,2023-10-03,Autumn
3594,TXN_1714471,Coffee,4.0,3.0,12.0,Cash,Takeaway,2023-08-17,Summer
3595,TXN_5420062,Salad,4.0,5.0,20.0,Cash,In-store,2023-06-06,Summer
3596,TXN_6377813,Salad,2.0,5.0,10.0,Credit Card,Takeaway,2023-08-07,Summer
3599,TXN_1064565,Coffee,4.0,3.0,12.0,Digital Wallet,In-store,2023-03-14,Spring
3600,TXN_1784150,Cookie,3.0,1.0,3.0,Digital Wallet,Takeaway,2023-03-10,Spring
3601,TXN_9104545,Coffee,2.0,3.0,6.0,Digital Wallet,Takeaway,2023-03-19,Spring
3602,TXN_2108125,Coffee,1.0,2.0,2.0,Credit Card,In-store,2023-10-06,Autumn
3603,TXN_7795324,Salad,2.0,5.0,10.0,Digital Wallet,Takeaway,2023-06-28,Summer
3604,TXN_1203191,Coffee,5.0,2.0,10.0,Digital Wallet,In-store,2023-10-12,Autumn
3605,TXN_8743849,Coffee,2.0,3.0,6.0,Digital Wallet,Takeaway,2023-05-04,Spring
3606,TXN_8588231,Coffee,4.0,3.0,12.0,Digital Wallet,Takeaway,2023-09-02,Autumn
3607,TXN_6324818,Salad,5.0,5.0,25.0,Digital Wallet,Takeaway,2023-06-26,Summer
3608,TXN_4536827,Cookie,3.0,1.0,3.0,Digital Wallet,Takeaway,2023-10-14,Autumn
3609,TXN_6226704,Coffee,4.0,2.0,8.0,Digital Wallet,In-store,2023-09-07,Autumn
3610,TXN_2693108,Cookie,3.0,1.0,3.0,Cash,In-store,2023-11-18,Autumn
3611,TXN_6234070,Smoothie,2.0,4.0,8.0,Credit Card,Takeaway,2023-01-31,Winter
3612,TXN_9816901,Coffee,2.0,2.0,4.0,Cash,Takeaway,2023-12-07,Winter
3613,TXN_9489495,Coffee,1.0,2.0,2.0,Credit Card,Takeaway,2023-05-20,Spring
3614,TXN_7637178,Coffee,3.0,2.0,6.0,Digital Wallet,Takeaway,2023-05-26,Spring
3615,TXN_1281536,Smoothie,5.0,4.0,20.0,Digital Wallet,In-store,2023-03-19,Spring
3617,TXN_8736069,Tea,5.0,1.5,7.5,Cash,Takeaway,2023-07-06,Summer
3618,TXN_7975336,Tea,5.0,1.5,7.5,Credit Card,Takeaway,2023-12-03,Winter
3619,TXN_9278090,Coffee,5.0,3.0,15.0,Credit Card,Takeaway,2023-12-28,Winter
3621,TXN_1193809,Tea,3.0,1.5,4.5,Digital Wallet,Takeaway,2023-01-21,Winter
3622,TXN_9281710,Coffee,3.0,3.0,9.0,Credit Card,In-store,2023-08-05,Summer
3624,TXN_3291149,Coffee,5.0,2.0,10.0,Digital Wallet,Takeaway,2023-12-09,Winter
3625,TXN_3596270,Coffee,4.0,2.0,8.0,Credit Card,Takeaway,2023-05-05,Spring
3626,TXN_8172182,Coffee,2.0,3.0,6.0,Digital Wallet,Takeaway,2023-06-22,Summer
3627,TXN_3902135,Tea,4.0,1.5,6.0,Credit Card,Takeaway,2023-06-20,Summer
3628,TXN_9007414,Coffee,3.0,3.0,9.0,Cash,Takeaway,2023-12-08,Winter
3629,TXN_9131337,Smoothie,4.0,4.0,16.0,Credit Card,Takeaway,2023-05-24,Spring
3630,TXN_2278015,Tea,2.0,1.5,3.0,Digital Wallet,In-store,2023-04-10,Spring
3631,TXN_1077060,Coffee,3.0,2.0,6.0,Digital Wallet,Takeaway,2023-08-22,Summer
3632,TXN_9362728,Smoothie,1.0,4.0,4.0,Digital Wallet,In-store,2023-12-26,Winter
3633,TXN_6471185,Coffee,5.0,3.0,15.0,Digital Wallet,In-store,2023-03-17,Spring
3634,TXN_5677927,Salad,5.0,5.0,25.0,Digital Wallet,Takeaway,2023-12-20,Winter
3636,TXN_9281586,Smoothie,5.0,4.0,20.0,Digital Wallet,Takeaway,2023-05-20,Spring
3637,TXN_8721484,Coffee,4.0,2.0,8.0,Digital Wallet,Takeaway,2023-04-03,Spring
3638,TXN_9350427,Coffee,5.0,3.0,15.0,Digital Wallet,Takeaway,2023-01-24,Winter
3639,TXN_7860054,Tea,5.0,1.5,7.5,Credit Card,In-store,2023-02-07,Winter
3640,TXN_9233730,Tea,5.0,1.5,7.5,Credit Card,Takeaway,2023-05-28,Spring
3641,TXN_8304399,Tea,2.0,1.5,3.0,Cash,In-store,2023-06-08,Summer
3642,TXN_1538515,Coffee,4.0,3.0,12.0,Cash,Takeaway,2023-06-11,Summer
3643,TXN_9774251,Coffee,2.0,3.0,6.0,Digital Wallet,Takeaway,2023-06-16,Summer
3644,TXN_4565233,Salad,3.0,5.0,15.0,Credit Card,In-store,2023-11-16,Autumn
3645,TXN_6898341,Tea,2.0,1.5,3.0,Credit Card,In-store,2023-08-21,Summer
3646,TXN_1016246,Coffee,1.0,2.0,2.0,Digital Wallet,Takeaway,2023-01-19,Winter
3647,TXN_9160109,Coffee,1.0,3.0,3.0,Credit Card,Takeaway,2023-08-03,Summer
3648,TXN_1082012,Smoothie,5.0,4.0,20.0,Credit Card,Takeaway,2023-01-04,Winter
3649,TXN_8325464,Smoothie,5.0,4.0,20.0,Credit Card,Takeaway,2023-08-02,Summer
3650,TXN_7322436,Smoothie,3.0,4.0,12.0,Digital Wallet,In-store,2023-06-29,Summer
3651,TXN_1733916,Smoothie,4.0,4.0,16.0,Digital Wallet,In-store,2023-01-12,Winter
3652,TXN_6068564,Coffee,4.0,3.0,12.0,Credit Card,Takeaway,2023-09-28,Autumn
3653,TXN_7023753,Coffee,5.0,2.0,10.0,Credit Card,Takeaway,2023-05-16,Spring
3654,TXN_4507630,Smoothie,2.0,4.0,8.0,Digital Wallet,Takeaway,2023-05-11,Spring
3655,TXN_5037728,Smoothie,3.0,4.0,12.0,Credit Card,Takeaway,2023-08-18,Summer
3656,TXN_4577234,Coffee,4.0,3.0,12.0,Digital Wallet,In-store,2023-06-09,Summer
3657,TXN_6309570,Smoothie,1.0,4.0,4.0,Digital Wallet,In-store,2023-09-26,Autumn
3658,TXN_7587652,Coffee,1.0,3.0,3.0,Cash,Takeaway,2023-08-23,Summer
3659,TXN_1118799,Smoothie,4.0,4.0,16.0,Credit Card,Takeaway,2023-09-19,Autumn
3661,TXN_8192063,Coffee,4.0,3.0,12.0,Cash,Takeaway,2023-02-06,Winter
3662,TXN_2687593,Coffee,5.0,3.0,15.0,Digital Wallet,Takeaway,2023-06-27,Summer
3663,TXN_1603563,Coffee,4.0,3.0,12.0,Digital Wallet,Takeaway,2023-04-13,Spring
3664,TXN_6346483,Coffee,1.0,2.0,2.0,Credit Card,Takeaway,2023-06-08,Summer
3665,TXN_3499910,Cookie,4.0,1.0,4.0,Credit Card,Takeaway,2023-09-29,Autumn
3666,TXN_8616276,Tea,2.0,1.5,3.0,Digital Wallet,Takeaway,2023-07-22,Summer
3667,TXN_5941840,Cookie,4.0,1.0,4.0,Digital Wallet,Takeaway,2023-04-01,Spring
3668,TXN_6249023,Coffee,1.0,3.0,3.0,Credit Card,Takeaway,2023-11-03,Autumn
3669,TXN_8620426,Cookie,3.0,1.0,3.0,Credit Card,Takeaway,2023-11-28,Autumn
3670,TXN_2037742,Coffee,4.0,3.0,12.0,Digital Wallet,In-store,2023-11-14,Autumn
3671,TXN_7013527,Salad,2.0,5.0,10.0,Credit Card,In-store,2023-05-18,Spring
3672,TXN_2798420,Tea,5.0,1.5,7.5,Digital Wallet,Takeaway,2023-03-17,Spring
3674,TXN_8106064,Cookie,1.0,1.0,1.0,Digital Wallet,Takeaway,2023-06-17,Summer
3675,TXN_5483442,Tea,5.0,1.5,7.5,Cash,Takeaway,2023-04-03,Spring
3676,TXN_3926570,Coffee,3.0,2.0,6.0,Digital Wallet,Takeaway,2023-09-04,Autumn
3677,TXN_9489442,Coffee,3.0,2.0,6.0,Credit Card,Takeaway,2023-02-06,Winter
3678,TXN_5506907,Cookie,2.0,1.0,2.0,Cash,Takeaway,2023-12-08,Winter
3679,TXN_8155325,Coffee,5.0,2.0,10.0,Digital Wallet,In-store,2023-11-27,Autumn
3680,TXN_5353468,Tea,2.0,1.5,3.0,Credit Card,In-store,2023-11-30,Autumn
3681,TXN_2111293,Smoothie,3.0,4.0,12.0,Digital Wallet,Takeaway,2023-05-29,Spring
3682,TXN_2101632,Smoothie,4.0,4.0,16.0,Digital Wallet,Takeaway,2023-06-12,Summer
3683,TXN_3355537,Tea,3.0,1.5,4.5,Digital Wallet,Takeaway,2023-01-09,Winter
3684,TXN_4594866,Cookie,1.0,1.0,1.0,Digital Wallet,Takeaway,2023-03-24,Spring
3685,TXN_7485712,Smoothie,4.0,4.0,16.0,Cash,In-store,2023-04-15,Spring
3686,TXN_4848431,Salad,5.0,5.0,25.0,Credit Card,Takeaway,2023-01-09,Winter
3687,TXN_7352058,Coffee,2.0,2.0,4.0,Digital Wallet,Takeaway,2023-08-24,Summer
3688,TXN_3442244,Coffee,4.0,3.0,12.0,Digital Wallet,Takeaway,2023-05-13,Spring
3689,TXN_9810868,Cookie,1.0,1.0,1.0,Credit Card,Takeaway,2023-10-05,Autumn
3690,TXN_1430778,Tea,1.0,1.5,1.5,Credit Card,Takeaway,2023-05-26,Spring
3691,TXN_4837909,Coffee,5.0,3.0,15.0,Digital Wallet,Takeaway,2023-11-19,Autumn
3692,TXN_4722816,Salad,4.0,5.0,20.0,Cash,In-store,2023-10-19,Autumn
3693,TXN_1833012,Salad,3.0,5.0,15.0,Digital Wallet,Takeaway,2023-08-16,Summer
3694,TXN_6933222,Tea,1.0,1.5,1.5,Cash,Takeaway,2023-01-22,Winter
3695,TXN_7737862,Cookie,2.0,1.0,2.0,Credit Card,Takeaway,2023-08-29,Summer
3696,TXN_7814690,Smoothie,1.0,4.0,4.0,Credit Card,Takeaway,2023-05-10,Spring
3697,TXN_8880299,Tea,1.0,1.5,1.5,Digital Wallet,Takeaway,2023-11-16,Autumn
3698,TXN_6083650,Coffee,2.0,2.0,4.0,Digital Wallet,Takeaway,2023-07-01,Summer
3699,TXN_8342990,Tea,1.0,1.5,1.5,Digital Wallet,Takeaway,2023-04-23,Spring
3700,TXN_4407959,Tea,1.0,1.5,1.5,Digital Wallet,Takeaway,2023-01-28,Winter
3701,TXN_4382970,Tea,1.0,1.5,1.5,Digital Wallet,In-store,2023-06-04,Summer
3702,TXN_3422759,Salad,5.0,5.0,25.0,Credit Card,Takeaway,2023-02-19,Winter
3703,TXN_1074435,Coffee,1.0,2.0,2.0,Digital Wallet,In-store,2023-11-25,Autumn
3704,TXN_8164332,Tea,4.0,1.5,6.0,Cash,Takeaway,2023-04-22,Spring
3705,TXN_1912525,Smoothie,4.0,4.0,16.0,Cash,Takeaway,2023-11-25,Autumn
3706,TXN_9715885,Smoothie,4.0,4.0,16.0,Digital Wallet,In-store,2023-06-16,Summer
3707,TXN_1583983,Tea,3.0,1.5,4.5,Credit Card,Takeaway,2023-03-02,Spring
3708,TXN_3634860,Coffee,5.0,3.0,15.0,Credit Card,Takeaway,2023-05-28,Spring
3709,TXN_5732357,Tea,5.0,1.5,7.5,Credit Card,Takeaway,2023-05-06,Spring
3710,TXN_2379052,Salad,1.0,5.0,5.0,Digital Wallet,Takeaway,2023-02-16,Winter
3711,TXN_7502273,Coffee,5.0,2.0,10.0,Digital Wallet,In-store,2023-11-14,Autumn
3712,TXN_2567222,Coffee,3.0,2.0,6.0,Digital Wallet,Takeaway,2023-09-09,Autumn
3713,TXN_3166181,Cookie,3.0,1.0,3.0,Credit Card,In-store,2023-05-21,Spring
3714,TXN_5644074,Smoothie,2.0,4.0,8.0,Digital Wallet,In-store,2023-11-08,Autumn
3715,TXN_5173881,Cookie,3.0,1.0,3.0,Cash,Takeaway,2023-01-29,Winter
3716,TXN_2396923,Cookie,1.0,1.0,1.0,Digital Wallet,Takeaway,2023-11-02,Autumn
3717,TXN_7249235,Smoothie,3.0,4.0,12.0,Cash,Takeaway,2023-05-27,Spring
3718,TXN_9612877,Smoothie,1.0,4.0,4.0,Cash,In-store,2023-03-07,Spring
3719,TXN_4841285,Tea,2.0,1.5,3.0,Credit Card,Takeaway,2023-05-04,Spring
3720,TXN_1263426,Smoothie,2.0,4.0,8.0,Digital Wallet,Takeaway,2023-10-20,Autumn
3721,TXN_5293518,Smoothie,3.0,4.0,12.0,Digital Wallet,In-store,2023-07-16,Summer
3722,TXN_4296204,Salad,5.0,5.0,25.0,Digital Wallet,In-store,2023-11-28,Autumn
3723,TXN_7180164,Smoothie,5.0,4.0,20.0,Cash,Takeaway,2023-01-05,Winter
3724,TXN_6478978,Coffee,3.0,3.0,9.0,Credit Card,Takeaway,2023-10-27,Autumn
3725,TXN_2030107,Coffee,4.0,3.0,12.0,Digital Wallet,Takeaway,2023-01-03,Winter
3726,TXN_4897182,Coffee,3.0,3.0,9.0,Cash,Takeaway,2023-11-26,Autumn
3727,TXN_4612269,Salad,5.0,5.0,25.0,Digital Wallet,Takeaway,2023-01-09,Winter
3728,TXN_7630750,Coffee,2.0,3.0,6.0,Digital Wallet,In-store,2023-03-16,Spring
3729,TXN_6380978,Tea,1.0,1.5,1.5,Cash,Takeaway,2023-12-31,Winter
3730,TXN_3744974,Coffee,1.0,3.0,3.0,Digital Wallet,In-store,2023-01-09,Winter
3731,TXN_7551023,Salad,5.0,5.0,25.0,Cash,Takeaway,2023-10-06,Autumn
3733,TXN_6416741,Coffee,4.0,2.0,8.0,Cash,Takeaway,2023-12-03,Winter
3734,TXN_1269252,Coffee,1.0,3.0,3.0,Digital Wallet,Takeaway,2023-07-18,Summer
3735,TXN_2377708,Cookie,1.0,1.0,1.0,Digital Wallet,Takeaway,2023-01-03,Winter
3736,TXN_3193212,Coffee,1.0,3.0,3.0,Cash,In-store,2023-11-23,Autumn
3737,TXN_1427963,Coffee,1.0,2.0,2.0,Cash,Takeaway,2023-10-14,Autumn
3738,TXN_3391446,Tea,1.0,1.5,1.5,Digital Wallet,Takeaway,2023-01-14,Winter
3739,TXN_4849180,Coffee,5.0,3.0,15.0,Credit Card,In-store,2023-10-14,Autumn
3740,TXN_2370338,Coffee,4.0,3.0,12.0,Credit Card,Takeaway,2023-10-30,Autumn
3741,TXN_8628848,Coffee,1.0,3.0,3.0,Credit Card,In-store,2023-01-29,Winter
3742,TXN_4294955,Salad,5.0,5.0,25.0,Digital Wallet,Takeaway,2023-10-19,Autumn
3743,TXN_6894703,Cookie,1.0,1.0,1.0,Digital Wallet,Takeaway,2023-06-06,Summer
3744,TXN_9926931,Cookie,5.0,1.0,5.0,Digital Wallet,Takeaway,2023-01-26,Winter
3745,TXN_9681369,Salad,5.0,5.0,25.0,Digital Wallet,Takeaway,2023-10-23,Autumn
3746,TXN_9246948,Coffee,5.0,3.0,15.0,Credit Card,Takeaway,2023-11-11,Autumn
3747,TXN_8519330,Cookie,4.0,1.0,4.0,Digital Wallet,Takeaway,2023-03-18,Spring
3748,TXN_1720329,Cookie,2.0,1.0,2.0,Cash,Takeaway,2023-04-06,Spring
3749,TXN_9859715,Smoothie,5.0,4.0,20.0,Digital Wallet,Takeaway,2023-07-11,Summer
3750,TXN_2805332,Coffee,4.0,3.0,12.0,Cash,Takeaway,2023-08-10,Summer
3751,TXN_4807265,Smoothie,3.0,4.0,12.0,Digital Wallet,Takeaway,2023-11-19,Autumn
3752,TXN_5275315,Smoothie,2.0,4.0,8.0,Digital Wallet,In-store,2023-01-19,Winter
3753,TXN_7423281,Coffee,1.0,3.0,3.0,Digital Wallet,Takeaway,2023-06-01,Summer
3754,TXN_9764251,Cookie,4.0,1.0,4.0,Digital Wallet,Takeaway,2023-06-18,Summer
3756,TXN_9272043,Coffee,4.0,3.0,12.0,Digital Wallet,Takeaway,2023-04-20,Spring
3757,TXN_5591048,Coffee,3.0,2.0,6.0,Digital Wallet,In-store,2023-01-15,Winter
3758,TXN_4455667,Smoothie,2.0,4.0,8.0,Credit Card,Takeaway,2023-08-13,Summer
3759,TXN_9945729,Salad,2.0,5.0,10.0,Digital Wallet,Takeaway,2023-02-03,Winter
3760,TXN_8124663,Smoothie,2.0,4.0,8.0,Credit Card,Takeaway,2023-10-15,Autumn
3761,TXN_1769466,Coffee,5.0,2.0,10.0,Digital Wallet,Takeaway,2023-08-01,Summer
3762,TXN_3209184,Salad,4.0,5.0,20.0,Cash,Takeaway,2023-03-19,Spring
3763,TXN_6717074,Tea,3.0,1.5,4.5,Digital Wallet,Takeaway,2023-06-12,Summer
3764,TXN_2833327,Coffee,3.0,2.0,6.0,Cash,Takeaway,2023-07-05,Summer
3765,TXN_3856021,Salad,1.0,5.0,5.0,Credit Card,Takeaway,2023-02-24,Winter
3766,TXN_2902289,Tea,5.0,1.5,7.5,Credit Card,In-store,2023-12-16,Winter
3767,TXN_9456575,Tea,5.0,1.5,7.5,Cash,Takeaway,2023-06-10,Summer
3768,TXN_9231214,Tea,4.0,1.5,6.0,Digital Wallet,Takeaway,2023-05-24,Spring
3770,TXN_2005789,Coffee,3.0,3.0,9.0,Credit Card,Takeaway,2023-03-13,Spring
3771,TXN_4814965,Salad,2.0,5.0,10.0,Digital Wallet,Takeaway,2023-07-23,Summer
3772,TXN_5656252,Smoothie,4.0,4.0,16.0,Digital Wallet,Takeaway,2023-08-04,Summer
3773,TXN_6739950,Salad,4.0,5.0,20.0,Credit Card,In-store,2023-03-04,Spring
3774,TXN_1165762,Coffee,3.0,2.0,6.0,Credit Card,Takeaway,2023-10-22,Autumn
3775,TXN_1122700,Salad,5.0,5.0,25.0,Digital Wallet,In-store,2023-11-09,Autumn
3776,TXN_6441337,Coffee,5.0,2.0,10.0,Digital Wallet,Takeaway,2023-02-22,Winter
3777,TXN_9134335,Coffee,3.0,3.0,9.0,Digital Wallet,Takeaway,2023-01-30,Winter
3778,TXN_7278970,Salad,2.0,5.0,10.0,Digital Wallet,In-store,2023-08-15,Summer
3780,TXN_1075969,Cookie,2.0,1.0,2.0,Digital Wallet,Takeaway,2023-08-13,Summer
3781,TXN_1972843,Coffee,2.0,2.0,4.0,Digital Wallet,Takeaway,2023-02-20,Winter
3782,TXN_9546951,Smoothie,4.0,4.0,16.0,Digital Wallet,Takeaway,2023-12-14,Winter
3783,TXN_2336946,Smoothie,4.0,4.0,16.0,Digital Wallet,Takeaway,2023-05-29,Spring
3784,TXN_4219548,Coffee,5.0,2.0,10.0,Digital Wallet,Takeaway,2023-07-24,Summer
3785,TXN_5799196,Smoothie,3.0,4.0,12.0,Digital Wallet,Takeaway,2023-12-03,Winter
3786,TXN_3337203,Smoothie,3.0,4.0,12.0,Digital Wallet,Takeaway,2023-11-16,Autumn
3787,TXN_4561006,Coffee,3.0,3.0,9.0,Credit Card,Takeaway,2023-11-23,Autumn
3788,TXN_6652858,Salad,5.0,5.0,25.0,Credit Card,In-store,2023-09-13,Autumn
3789,TXN_5932892,Coffee,4.0,3.0,12.0,Digital Wallet,In-store,2023-11-19,Autumn
3790,TXN_7466586,Salad,4.0,5.0,20.0,Digital Wallet,Takeaway,2023-04-02,Spring
3791,TXN_4207981,Smoothie,1.0,4.0,4.0,Digital Wallet,In-store,2023-03-17,Spring
3792,TXN_2771482,Salad,4.0,5.0,20.0,Credit Card,Takeaway,2023-02-03,Winter
3793,TXN_9450903,Smoothie,3.0,4.0,12.0,Digital Wallet,Takeaway,2023-04-07,Spring
3794,TXN_1165779,Cookie,4.0,1.0,4.0,Digital Wallet,Takeaway,2023-06-30,Summer
3796,TXN_1984966,Tea,2.0,1.5,3.0,Credit Card,Takeaway,2023-03-31,Spring
3797,TXN_4607933,Smoothie,2.0,4.0,8.0,Credit Card,In-store,2023-09-22,Autumn
3798,TXN_3486178,Coffee,5.0,3.0,15.0,Cash,Takeaway,2023-06-09,Summer
3799,TXN_2324227,Cookie,1.0,1.0,1.0,Digital Wallet,In-store,2023-06-07,Summer
3800,TXN_2452819,Cookie,3.0,1.0,3.0,Credit Card,In-store,2023-07-31,Summer
3802,TXN_4789193,Coffee,3.0,3.0,9.0,Digital Wallet,Takeaway,2023-02-21,Winter
3803,TXN_5743519,Smoothie,2.0,4.0,8.0,Cash,Takeaway,2023-05-23,Spring
3804,TXN_1783857,Coffee,2.0,2.0,4.0,Digital Wallet,In-store,2023-11-29,Autumn
3805,TXN_6269540,Smoothie,3.0,4.0,12.0,Digital Wallet,Takeaway,2023-12-06,Winter
3806,TXN_8106538,Coffee,3.0,2.0,6.0,Digital Wallet,Takeaway,2023-07-09,Summer
3807,TXN_6732494,Coffee,2.0,2.0,4.0,Credit Card,Takeaway,2023-03-18,Spring
3808,TXN_3828620,Salad,1.0,5.0,5.0,Digital Wallet,In-store,2023-10-15,Autumn
3810,TXN_5458161,Smoothie,1.0,4.0,4.0,Digital Wallet,Takeaway,2023-07-19,Summer
3811,TXN_1518379,Coffee,4.0,3.0,12.0,Digital Wallet,In-store,2023-08-12,Summer
3812,TXN_9097840,Tea,3.0,1.5,4.5,Credit Card,Takeaway,2023-02-06,Winter
3813,TXN_5747094,Coffee,2.0,3.0,6.0,Digital Wallet,Takeaway,2023-05-11,Spring
3814,TXN_9782087,Smoothie,4.0,4.0,16.0,Credit Card,In-store,2023-07-27,Summer
3815,TXN_5824950,Coffee,1.0,2.0,2.0,Credit Card,In-store,2023-12-06,Winter
3816,TXN_6682782,Cookie,5.0,1.0,5.0,Cash,In-store,2023-12-15,Winter
3817,TXN_2468359,Salad,2.0,5.0,10.0,Digital Wallet,Takeaway,2023-07-20,Summer
3818,TXN_1902038,Coffee,4.0,2.0,8.0,Credit Card,Takeaway,2023-04-07,Spring
3820,TXN_7210366,Coffee,2.0,3.0,6.0,Digital Wallet,Takeaway,2023-03-25,Spring
3821,TXN_6327785,Tea,3.0,1.5,4.5,Credit Card,Takeaway,2023-11-20,Autumn
3822,TXN_3206293,Cookie,5.0,1.0,5.0,Digital Wallet,Takeaway,2023-05-04,Spring
3823,TXN_5827969,Salad,5.0,5.0,25.0,Digital Wallet,Takeaway,2023-07-03,Summer
3824,TXN_6999471,Coffee,1.0,3.0,3.0,Digital Wallet,Takeaway,2023-08-07,Summer
3825,TXN_2859077,Smoothie,3.0,4.0,12.0,Digital Wallet,Takeaway,2023-01-31,Winter
3826,TXN_3643361,Tea,1.0,1.5,1.5,Cash,Takeaway,2023-01-12,Winter
3827,TXN_8066306,Coffee,5.0,3.0,15.0,Digital Wallet,Takeaway,2023-01-07,Winter
3828,TXN_2260351,Coffee,3.0,2.0,6.0,Cash,Takeaway,2023-10-26,Autumn
3829,TXN_5224275,Cookie,4.0,1.0,4.0,Credit Card,In-store,2023-12-17,Winter
3830,TXN_3842567,Salad,1.0,5.0,5.0,Credit Card,In-store,2023-03-13,Spring
3831,TXN_8515063,Cookie,3.0,1.0,3.0,Digital Wallet,Takeaway,2023-12-06,Winter
3832,TXN_2188137,Tea,1.0,1.5,1.5,Credit Card,Takeaway,2023-01-15,Winter
3833,TXN_3104589,Cookie,2.0,1.0,2.0,Cash,Takeaway,2023-03-01,Spring
3834,TXN_9638367,Coffee,1.0,2.0,2.0,Digital Wallet,Takeaway,2023-07-22,Summer
3835,TXN_8742742,Coffee,4.0,3.0,12.0,Digital Wallet,Takeaway,2023-03-07,Spring
3836,TXN_5687012,Salad,2.0,5.0,10.0,Cash,Takeaway,2023-03-12,Spring
3837,TXN_5784372,Salad,2.0,5.0,10.0,Cash,Takeaway,2023-05-23,Spring
3838,TXN_2737300,Coffee,1.0,3.0,3.0,Digital Wallet,In-store,2023-12-25,Winter
3839,TXN_5905025,Cookie,4.0,1.0,4.0,Digital Wallet,Takeaway,2023-03-08,Spring
3840,TXN_6602557,Coffee,4.0,3.0,12.0,Cash,Takeaway,2023-02-06,Winter
3841,TXN_8065180,Smoothie,5.0,4.0,20.0,Digital Wallet,Takeaway,2023-06-07,Summer
3842,TXN_4448424,Salad,4.0,5.0,20.0,Digital Wallet,Takeaway,2023-01-31,Winter
3843,TXN_3396099,Coffee,1.0,2.0,2.0,Digital Wallet,In-store,2023-04-06,Spring
3844,TXN_2693431,Salad,2.0,5.0,10.0,Digital Wallet,Takeaway,2023-05-20,Spring
3845,TXN_7767493,Smoothie,5.0,4.0,20.0,Credit Card,In-store,2023-02-20,Winter
3846,TXN_2954575,Tea,2.0,1.5,3.0,Digital Wallet,Takeaway,2023-11-14,Autumn
3847,TXN_8983868,Coffee,5.0,2.0,10.0,Credit Card,Takeaway,2023-03-10,Spring
3848,TXN_3540841,Tea,3.0,1.5,4.5,Credit Card,In-store,2023-03-22,Spring
3849,TXN_8933027,Coffee,5.0,3.0,15.0,Credit Card,Takeaway,2023-07-14,Summer
3850,TXN_5763287,Coffee,2.0,3.0,6.0,Credit Card,Takeaway,2023-06-27,Summer
3851,TXN_7272945,Smoothie,4.0,4.0,16.0,Digital Wallet,Takeaway,2023-04-13,Spring
3852,TXN_8511110,Tea,3.0,1.5,4.5,Digital Wallet,Takeaway,2023-10-17,Autumn
3853,TXN_9307650,Coffee,3.0,2.0,6.0,Digital Wallet,Takeaway,2023-02-22,Winter
3854,TXN_1812185,Coffee,2.0,3.0,6.0,Digital Wallet,Takeaway,2023-09-21,Autumn
3855,TXN_2134650,Coffee,4.0,3.0,12.0,Digital Wallet,Takeaway,2023-02-11,Winter
3856,TXN_7899761,Coffee,2.0,3.0,6.0,Digital Wallet,In-store,2023-10-08,Autumn
3857,TXN_6785552,Coffee,5.0,3.0,15.0,Cash,Takeaway,2023-01-19,Winter
3858,TXN_8794205,Coffee,4.0,3.0,12.0,Credit Card,Takeaway,2023-10-22,Autumn
3859,TXN_2464879,Coffee,2.0,3.0,6.0,Credit Card,Takeaway,2023-10-11,Autumn
3860,TXN_8294790,Cookie,1.0,1.0,1.0,Digital Wallet,Takeaway,2023-09-01,Autumn
3861,TXN_4207219,Coffee,1.0,3.0,3.0,Cash,In-store,2023-09-16,Autumn
3862,TXN_1921415,Coffee,1.0,3.0,3.0,Cash,Takeaway,2023-11-03,Autumn
3863,TXN_7122109,Coffee,5.0,2.0,10.0,Digital Wallet,Takeaway,2023-05-19,Spring
3864,TXN_3601338,Coffee,3.0,3.0,9.0,Credit Card,Takeaway,2023-03-06,Spring
3865,TXN_7403839,Coffee,1.0,2.0,2.0,Digital Wallet,Takeaway,2023-12-23,Winter
3866,TXN_3709876,Coffee,1.0,2.0,2.0,Credit Card,Takeaway,2023-11-04,Autumn
3867,TXN_6063689,Cookie,3.0,1.0,3.0,Cash,In-store,2023-02-01,Winter
3868,TXN_8126762,Coffee,5.0,2.0,10.0,Digital Wallet,Takeaway,2023-06-08,Summer
3869,TXN_5940531,Tea,1.0,1.5,1.5,Digital Wallet,In-store,2023-01-11,Winter
3870,TXN_9844453,Tea,2.0,1.5,3.0,Digital Wallet,Takeaway,2023-01-09,Winter
3871,TXN_5774784,Coffee,5.0,3.0,15.0,Digital Wallet,In-store,2023-10-04,Autumn
3872,TXN_6241682,Smoothie,3.0,4.0,12.0,Digital Wallet,In-store,2023-09-07,Autumn
3873,TXN_1235828,Tea,4.0,1.5,6.0,Cash,Takeaway,2023-02-19,Winter
3874,TXN_9206403,Cookie,1.0,1.0,1.0,Digital Wallet,In-store,2023-12-15,Winter
3875,TXN_8377178,Coffee,5.0,2.0,10.0,Digital Wallet,Takeaway,2023-02-03,Winter
3876,TXN_8125141,Tea,3.0,1.5,4.5,Digital Wallet,Takeaway,2023-04-18,Spring
3877,TXN_9673343,Smoothie,2.0,4.0,8.0,Cash,In-store,2023-06-22,Summer
3878,TXN_8734331,Tea,3.0,1.5,4.5,Digital Wallet,Takeaway,2023-05-17,Spring
3879,TXN_9565246,Coffee,5.0,2.0,10.0,Cash,Takeaway,2023-12-28,Winter
3880,TXN_9914747,Coffee,5.0,2.0,10.0,Digital Wallet,Takeaway,2023-12-05,Winter
3881,TXN_6148776,Coffee,5.0,2.0,10.0,Digital Wallet,Takeaway,2023-03-02,Spring
3882,TXN_4992510,Cookie,4.0,1.0,4.0,Cash,In-store,2023-01-26,Winter
3883,TXN_8384806,Smoothie,3.0,4.0,12.0,Digital Wallet,Takeaway,2023-07-07,Summer
3884,TXN_6472826,Coffee,4.0,3.0,12.0,Cash,In-store,2023-04-11,Spring
3885,TXN_8131052,Cookie,1.0,1.0,1.0,Credit Card,Takeaway,2023-09-16,Autumn
3886,TXN_8425819,Smoothie,1.0,4.0,4.0,Digital Wallet,Takeaway,2023-01-09,Winter
3888,TXN_6636395,Coffee,4.0,3.0,12.0,Cash,In-store,2023-01-30,Winter
3889,TXN_2137354,Coffee,2.0,2.0,4.0,Digital Wallet,Takeaway,2023-05-17,Spring
3890,TXN_3353615,Coffee,4.0,2.0,8.0,Credit Card,Takeaway,2023-07-24,Summer
3891,TXN_2703095,Salad,1.0,5.0,5.0,Digital Wallet,Takeaway,2023-10-05,Autumn
3892,TXN_7282082,Smoothie,4.0,4.0,16.0,Digital Wallet,In-store,2023-02-02,Winter
3893,TXN_6705109,Coffee,3.0,3.0,9.0,Cash,In-store,2023-08-05,Summer
3894,TXN_1857902,Smoothie,5.0,4.0,20.0,Digital Wallet,Takeaway,2023-04-26,Spring
3895,TXN_5788053,Smoothie,5.0,4.0,20.0,Digital Wallet,Takeaway,2023-01-04,Winter
3896,TXN_8650185,Smoothie,5.0,4.0,20.0,Cash,Takeaway,2023-06-13,Summer
3897,TXN_1171281,Coffee,2.0,2.0,4.0,Digital Wallet,Takeaway,2023-02-06,Winter
3898,TXN_9875865,Cookie,3.0,1.0,3.0,Digital Wallet,Takeaway,2023-10-23,Autumn
3899,TXN_6244602,Coffee,5.0,3.0,15.0,Digital Wallet,Takeaway,2023-05-06,Spring
3900,TXN_5093855,Tea,4.0,1.5,6.0,Cash,Takeaway,2023-11-23,Autumn
3901,TXN_5588102,Cookie,4.0,1.0,4.0,Credit Card,In-store,2023-01-14,Winter
3902,TXN_7762815,Smoothie,5.0,4.0,20.0,Credit Card,Takeaway,2023-07-26,Summer
3903,TXN_8421481,Coffee,4.0,2.0,8.0,Digital Wallet,Takeaway,2023-07-27,Summer
3904,TXN_3717307,Cookie,1.0,1.0,1.0,Credit Card,In-store,2023-07-02,Summer
3905,TXN_6201227,Salad,2.0,5.0,10.0,Cash,Takeaway,2023-01-15,Winter
3906,TXN_9052231,Smoothie,1.0,4.0,4.0,Credit Card,In-store,2023-08-20,Summer
3907,TXN_8228865,Coffee,3.0,3.0,9.0,Digital Wallet,In-store,2023-09-19,Autumn
3908,TXN_5875188,Salad,3.0,5.0,15.0,Digital Wallet,In-store,2023-07-09,Summer
3909,TXN_7997704,Smoothie,2.0,4.0,8.0,Digital Wallet,Takeaway,2023-04-28,Spring
3910,TXN_4409875,Coffee,3.0,3.0,9.0,Digital Wallet,Takeaway,2023-09-08,Autumn
3911,TXN_4015427,Cookie,5.0,1.0,5.0,Credit Card,Takeaway,2023-08-05,Summer
3912,TXN_3358787,Coffee,1.0,3.0,3.0,Digital Wallet,Takeaway,2023-06-10,Summer
3913,TXN_8557847,Smoothie,4.0,4.0,16.0,Digital Wallet,Takeaway,2023-09-02,Autumn
3914,TXN_1307239,Coffee,1.0,2.0,2.0,Digital Wallet,Takeaway,2023-10-26,Autumn
3915,TXN_5138519,Coffee,5.0,3.0,15.0,Cash,In-store,2023-05-22,Spring
3916,TXN_8763436,Coffee,4.0,3.0,12.0,Cash,Takeaway,2023-04-11,Spring
3917,TXN_3067609,Salad,4.0,5.0,20.0,Cash,Takeaway,2023-12-25,Winter
3919,TXN_4052950,Salad,2.0,5.0,10.0,Credit Card,Takeaway,2023-03-13,Spring
3920,TXN_2207332,Coffee,1.0,2.0,2.0,Credit Card,Takeaway,2023-01-12,Winter
3921,TXN_6633385,Coffee,2.0,3.0,6.0,Credit Card,Takeaway,2023-02-12,Winter
3923,TXN_6710660,Salad,2.0,5.0,10.0,Cash,In-store,2023-02-08,Winter
3924,TXN_9523369,Coffee,3.0,2.0,6.0,Digital Wallet,Takeaway,2023-08-25,Summer
3925,TXN_3548756,Coffee,3.0,3.0,9.0,Digital Wallet,Takeaway,2023-02-24,Winter
3926,TXN_9332035,Cookie,2.0,1.0,2.0,Digital Wallet,Takeaway,2023-11-02,Autumn
3927,TXN_7539774,Salad,1.0,5.0,5.0,Digital Wallet,In-store,2023-02-12,Winter
3928,TXN_7846513,Smoothie,3.0,4.0,12.0,Credit Card,Takeaway,2023-10-19,Autumn
3929,TXN_6188931,Coffee,5.0,3.0,15.0,Digital Wallet,In-store,2023-01-28,Winter
3930,TXN_6707466,Salad,2.0,5.0,10.0,Credit Card,Takeaway,2023-04-02,Spring
3931,TXN_4076392,Coffee,3.0,2.0,6.0,Digital Wallet,In-store,2023-12-24,Winter
3932,TXN_2365394,Coffee,2.0,3.0,6.0,Digital Wallet,In-store,2023-04-06,Spring
3933,TXN_7089466,Cookie,4.0,1.0,4.0,Digital Wallet,Takeaway,2023-12-26,Winter
3934,TXN_2898188,Salad,4.0,5.0,20.0,Digital Wallet,Takeaway,2023-04-26,Spring
3935,TXN_1632205,Cookie,4.0,1.0,4.0,Digital Wallet,In-store,2023-02-04,Winter
3936,TXN_3741197,Coffee,4.0,3.0,12.0,Credit Card,Takeaway,2023-10-13,Autumn
3937,TXN_5300938,Tea,5.0,1.5,7.5,Cash,Takeaway,2023-10-30,Autumn
3938,TXN_3547013,Tea,3.0,1.5,4.5,Digital Wallet,Takeaway,2023-04-26,Spring
3939,TXN_7705748,Coffee,3.0,3.0,9.0,Digital Wallet,Takeaway,2023-07-14,Summer
3941,TXN_8073173,Tea,5.0,1.5,7.5,Cash,Takeaway,2023-07-05,Summer
3942,TXN_1489746,Cookie,3.0,1.0,3.0,Digital Wallet,In-store,2023-12-18,Winter
3943,TXN_2864951,Tea,5.0,1.5,7.5,Credit Card,Takeaway,2023-10-09,Autumn
3944,TXN_6817889,Tea,1.0,1.5,1.5,Digital Wallet,Takeaway,2023-10-04,Autumn
3945,TXN_7809825,Smoothie,2.0,4.0,8.0,Credit Card,Takeaway,2023-08-26,Summer
3946,TXN_7402573,Smoothie,4.0,4.0,16.0,Digital Wallet,Takeaway,2023-02-13,Winter
3947,TXN_4762520,Smoothie,1.0,4.0,4.0,Cash,Takeaway,2023-07-17,Summer
3948,TXN_6869880,Coffee,4.0,3.0,12.0,Digital Wallet,Takeaway,2023-08-05,Summer
3949,TXN_3054405,Coffee,3.0,3.0,9.0,Cash,In-store,2023-11-19,Autumn
3950,TXN_2085992,Coffee,1.0,3.0,3.0,Digital Wallet,Takeaway,2023-05-15,Spring
3951,TXN_1443201,Cookie,5.0,1.0,5.0,Credit Card,In-store,2023-10-03,Autumn
3952,TXN_9157460,Coffee,4.0,3.0,12.0,Digital Wallet,Takeaway,2023-01-23,Winter
3953,TXN_2299364,Salad,1.0,5.0,5.0,Cash,In-store,2023-10-26,Autumn
3954,TXN_9948645,Salad,1.0,5.0,5.0,Credit Card,Takeaway,2023-08-29,Summer
3955,TXN_8244640,Cookie,1.0,1.0,1.0,Digital Wallet,Takeaway,2023-09-24,Autumn
3956,TXN_9507568,Smoothie,4.0,4.0,16.0,Credit Card,Takeaway,2023-10-12,Autumn
3957,TXN_7952916,Coffee,4.0,2.0,8.0,Digital Wallet,Takeaway,2023-12-10,Winter
3958,TXN_1058927,Smoothie,4.0,4.0,16.0,Cash,Takeaway,2023-07-08,Summer
3959,TXN_2165365,Coffee,5.0,2.0,10.0,Digital Wallet,Takeaway,2023-06-08,Summer
3960,TXN_4497327,Cookie,2.0,1.0,2.0,Credit Card,Takeaway,2023-11-08,Autumn
3961,TXN_3677890,Smoothie,3.0,4.0,12.0,Credit Card,In-store,2023-02-28,Winter
3962,TXN_6029333,Coffee,1.0,3.0,3.0,Digital Wallet,Takeaway,2023-06-10,Summer
3963,TXN_9300970,Coffee,2.0,3.0,6.0,Credit Card,Takeaway,2023-03-06,Spring
3964,TXN_3931747,Cookie,4.0,1.0,4.0,Digital Wallet,Takeaway,2023-01-14,Winter
3965,TXN_5747642,Salad,2.0,5.0,10.0,Cash,Takeaway,2023-07-26,Summer
3966,TXN_1505875,Smoothie,4.0,4.0,16.0,Cash,Takeaway,2023-05-17,Spring
3967,TXN_5417192,Cookie,4.0,1.0,4.0,Cash,In-store,2023-06-23,Summer
3968,TXN_1522140,Cookie,4.0,1.0,4.0,Cash,Takeaway,2023-05-28,Spring
3969,TXN_5357157,Coffee,4.0,3.0,12.0,Credit Card,In-store,2023-05-21,Spring
3970,TXN_2000400,Tea,5.0,1.5,7.5,Digital Wallet,Takeaway,2023-09-29,Autumn
3971,TXN_5612022,Cookie,5.0,1.0,5.0,Digital Wallet,Takeaway,2023-09-27,Autumn
3972,TXN_3105489,Coffee,3.0,3.0,9.0,Digital Wallet,In-store,2023-03-14,Spring
3973,TXN_4509329,Tea,1.0,1.5,1.5,Digital Wallet,Takeaway,2023-10-22,Autumn
3974,TXN_1724815,Smoothie,3.0,4.0,12.0,Digital Wallet,In-store,2023-08-16,Summer
3975,TXN_2096922,Coffee,3.0,2.0,6.0,Digital Wallet,Takeaway,2023-12-11,Winter
3976,TXN_2563679,Salad,3.0,5.0,15.0,Digital Wallet,Takeaway,2023-04-09,Spring
3977,TXN_2930503,Coffee,3.0,3.0,9.0,Digital Wallet,In-store,2023-06-18,Summer
3978,TXN_9265178,Smoothie,4.0,4.0,16.0,Cash,Takeaway,2023-03-18,Spring
3979,TXN_7126770,Coffee,4.0,3.0,12.0,Credit Card,Takeaway,2023-11-09,Autumn
3980,TXN_6348409,Salad,3.0,5.0,15.0,Credit Card,Takeaway,2023-07-26,Summer
3981,TXN_3776109,Salad,1.0,5.0,5.0,Digital Wallet,Takeaway,2023-05-20,Spring
3982,TXN_2538739,Salad,2.0,5.0,10.0,Digital Wallet,In-store,2023-07-29,Summer
3983,TXN_4159135,Coffee,3.0,2.0,6.0,Digital Wallet,Takeaway,2023-02-09,Winter
3984,TXN_1454866,Smoothie,1.0,4.0,4.0,Digital Wallet,Takeaway,2023-12-13,Winter
3985,TXN_4654061,Smoothie,2.0,4.0,8.0,Credit Card,Takeaway,2023-05-04,Spring
3986,TXN_8160791,Coffee,5.0,3.0,15.0,Digital Wallet,In-store,2023-10-24,Autumn
3987,TXN_1647069,Smoothie,1.0,4.0,4.0,Credit Card,Takeaway,2023-04-06,Spring
3988,TXN_8499005,Coffee,5.0,2.0,10.0,Digital Wallet,Takeaway,2023-10-26,Autumn
3989,TXN_1512185,Coffee,4.0,2.0,8.0,Cash,Takeaway,2023-06-16,Summer
3990,TXN_8632653,Coffee,2.0,3.0,6.0,Digital Wallet,In-store,2023-12-24,Winter
3991,TXN_8744240,Smoothie,4.0,4.0,16.0,Cash,Takeaway,2023-06-19,Summer
3992,TXN_4190750,Coffee,5.0,3.0,15.0,Digital Wallet,Takeaway,2023-04-02,Spring
3993,TXN_9470260,Coffee,5.0,2.0,10.0,Digital Wallet,In-store,2023-10-07,Autumn
3994,TXN_6257213,Coffee,5.0,3.0,15.0,Cash,Takeaway,2023-12-12,Winter
3995,TXN_1004563,Tea,5.0,1.5,7.5,Credit Card,In-store,2023-10-28,Autumn
3996,TXN_5352739,Smoothie,4.0,4.0,16.0,Digital Wallet,Takeaway,2023-07-31,Summer
3997,TXN_7387056,Coffee,4.0,3.0,12.0,Credit Card,Takeaway,2023-10-24,Autumn
3998,TXN_1927431,Cookie,1.0,1.0,1.0,Credit Card,In-store,2023-02-07,Winter
3999,TXN_3432433,Cookie,5.0,1.0,5.0,Cash,In-store,2023-02-19,Winter
4000,TXN_1130142,Cookie,1.0,1.0,1.0,Credit Card,In-store,2023-03-13,Spring
4001,TXN_6682443,Coffee,4.0,3.0,12.0,Digital Wallet,Takeaway,2023-09-03,Autumn
4002,TXN_3279039,Coffee,4.0,3.0,12.0,Credit Card,In-store,2023-06-26,Summer
4003,TXN_6119612,Coffee,3.0,3.0,9.0,Cash,Takeaway,2023-12-25,Winter
4004,TXN_1295824,Tea,1.0,1.5,1.5,Credit Card,Takeaway,2023-08-01,Summer
4005,TXN_8305936,Coffee,3.0,3.0,9.0,Digital Wallet,In-store,2023-08-02,Summer
4006,TXN_9550664,Salad,2.0,5.0,10.0,Digital Wallet,Takeaway,2023-06-29,Summer
4007,TXN_3808895,Salad,2.0,5.0,10.0,Cash,In-store,2023-07-13,Summer
4008,TXN_9843811,Coffee,2.0,3.0,6.0,Credit Card,Takeaway,2023-03-01,Spring
4009,TXN_6405258,Tea,2.0,1.5,3.0,Credit Card,Takeaway,2023-08-10,Summer
4010,TXN_1224087,Coffee,5.0,2.0,10.0,Digital Wallet,Takeaway,2023-03-20,Spring
4011,TXN_7727118,Smoothie,5.0,4.0,20.0,Digital Wallet,Takeaway,2023-11-04,Autumn
4012,TXN_8456072,Smoothie,1.0,4.0,4.0,Digital Wallet,In-store,2023-07-11,Summer
4013,TXN_8173006,Salad,3.0,5.0,15.0,Digital Wallet,Takeaway,2023-12-21,Winter
4014,TXN_2769769,Salad,5.0,5.0,25.0,Credit Card,In-store,2023-04-01,Spring
4015,TXN_8413949,Coffee,1.0,3.0,3.0,Credit Card,In-store,2023-10-14,Autumn
4016,TXN_7538763,Smoothie,1.0,4.0,4.0,Digital Wallet,Takeaway,2023-11-18,Autumn
4017,TXN_6541110,Cookie,3.0,1.0,3.0,Cash,In-store,2023-12-30,Winter
4018,TXN_6264390,Smoothie,2.0,4.0,8.0,Cash,Takeaway,2023-06-29,Summer
4019,TXN_6814891,Coffee,1.0,2.0,2.0,Digital Wallet,Takeaway,2023-06-26,Summer
4020,TXN_9884180,Salad,1.0,5.0,5.0,Cash,Takeaway,2023-05-19,Spring
4022,TXN_6775024,Coffee,2.0,2.0,4.0,Cash,In-store,2023-01-30,Winter
4023,TXN_8540553,Coffee,1.0,3.0,3.0,Digital Wallet,In-store,2023-07-13,Summer
4024,TXN_6501361,Salad,5.0,5.0,25.0,Cash,In-store,2023-01-17,Winter
4025,TXN_5671997,Coffee,3.0,3.0,9.0,Digital Wallet,Takeaway,2023-09-03,Autumn
4026,TXN_4283360,Coffee,2.0,2.0,4.0,Credit Card,In-store,2023-12-19,Winter
4027,TXN_3956393,Cookie,4.0,1.0,4.0,Credit Card,In-store,2023-01-14,Winter
4028,TXN_1971103,Coffee,4.0,3.0,12.0,Digital Wallet,Takeaway,2023-08-22,Summer
4029,TXN_9576057,Tea,5.0,1.5,7.5,Digital Wallet,Takeaway,2023-03-03,Spring
4030,TXN_1435035,Smoothie,1.0,4.0,4.0,Digital Wallet,In-store,2023-12-31,Winter
4031,TXN_8111101,Smoothie,5.0,4.0,20.0,Cash,Takeaway,2023-01-12,Winter
4032,TXN_8323012,Tea,3.0,1.5,4.5,Credit Card,Takeaway,2023-12-17,Winter
4033,TXN_9415451,Coffee,3.0,3.0,9.0,Digital Wallet,Takeaway,2023-01-04,Winter
4034,TXN_7072883,Smoothie,1.0,4.0,4.0,Credit Card,Takeaway,2023-10-05,Autumn
4035,TXN_7455637,Coffee,3.0,3.0,9.0,Digital Wallet,Takeaway,2023-04-23,Spring
4036,TXN_3779292,Salad,2.0,5.0,10.0,Credit Card,In-store,2023-12-30,Winter
4037,TXN_2629420,Smoothie,2.0,4.0,8.0,Digital Wallet,Takeaway,2023-01-16,Winter
4038,TXN_5848025,Tea,5.0,1.5,7.5,Credit Card,In-store,2023-01-19,Winter
4039,TXN_1452253,Smoothie,2.0,4.0,8.0,Digital Wallet,Takeaway,2023-05-12,Spring
4040,TXN_4661976,Smoothie,3.0,4.0,12.0,Digital Wallet,Takeaway,2023-10-13,Autumn
4041,TXN_4818703,Cookie,2.0,1.0,2.0,Digital Wallet,Takeaway,2023-04-20,Spring
4042,TXN_9849760,Coffee,2.0,3.0,6.0,Digital Wallet,Takeaway,2023-09-01,Autumn
4043,TXN_6387334,Smoothie,5.0,4.0,20.0,Digital Wallet,In-store,2023-02-19,Winter
4044,TXN_6431384,Coffee,4.0,3.0,12.0,Digital Wallet,In-store,2023-08-06,Summer
4045,TXN_2445017,Tea,5.0,1.5,7.5,Digital Wallet,Takeaway,2023-07-23,Summer
4046,TXN_9202190,Smoothie,5.0,4.0,20.0,Digital Wallet,In-store,2023-08-25,Summer
4048,TXN_1486576,Smoothie,4.0,4.0,16.0,Digital Wallet,Takeaway,2023-09-10,Autumn
4049,TXN_5530717,Coffee,1.0,3.0,3.0,Credit Card,In-store,2023-03-10,Spring
4050,TXN_7490314,Cookie,2.0,1.0,2.0,Digital Wallet,In-store,2023-05-14,Spring
4051,TXN_1811734,Coffee,4.0,2.0,8.0,Digital Wallet,Takeaway,2023-07-16,Summer
4052,TXN_3100053,Coffee,3.0,3.0,9.0,Cash,In-store,2023-12-19,Winter
4053,TXN_5812394,Salad,5.0,5.0,25.0,Cash,Takeaway,2023-10-17,Autumn
4054,TXN_6315475,Coffee,2.0,2.0,4.0,Digital Wallet,Takeaway,2023-09-23,Autumn
4055,TXN_5477578,Smoothie,1.0,4.0,4.0,Digital Wallet,Takeaway,2023-03-12,Spring
4056,TXN_5373441,Salad,1.0,5.0,5.0,Digital Wallet,In-store,2023-06-02,Summer
4057,TXN_1094145,Cookie,3.0,1.0,3.0,Credit Card,Takeaway,2023-03-15,Spring
4058,TXN_8680875,Tea,2.0,1.5,3.0,Cash,Takeaway,2023-07-21,Summer
4059,TXN_6504180,Smoothie,1.0,4.0,4.0,Digital Wallet,In-store,2023-08-31,Summer
4060,TXN_6378045,Smoothie,5.0,4.0,20.0,Digital Wallet,In-store,2023-05-07,Spring
4061,TXN_4502704,Tea,4.0,1.5,6.0,Digital Wallet,In-store,2023-04-04,Spring
4062,TXN_6992967,Smoothie,5.0,4.0,20.0,Cash,Takeaway,2023-08-29,Summer
4063,TXN_6266147,Coffee,3.0,3.0,9.0,Credit Card,In-store,2023-01-31,Winter
4064,TXN_7499330,Cookie,1.0,1.0,1.0,Credit Card,In-store,2023-10-28,Autumn
4065,TXN_8815623,Coffee,2.0,2.0,4.0,Digital Wallet,In-store,2023-02-03,Winter
4066,TXN_7632478,Coffee,2.0,3.0,6.0,Digital Wallet,Takeaway,2023-04-11,Spring
4067,TXN_5431854,Cookie,3.0,1.0,3.0,Digital Wallet,In-store,2023-01-18,Winter
4068,TXN_3518789,Coffee,2.0,2.0,4.0,Digital Wallet,Takeaway,2023-12-01,Winter
4069,TXN_6162668,Salad,4.0,5.0,20.0,Digital Wallet,Takeaway,2023-03-30,Spring
4070,TXN_4767006,Coffee,1.0,3.0,3.0,Cash,Takeaway,2023-08-23,Summer
4071,TXN_2880409,Tea,4.0,1.5,6.0,Cash,Takeaway,2023-09-11,Autumn
4072,TXN_4277671,Tea,5.0,1.5,7.5,Digital Wallet,Takeaway,2023-08-21,Summer
4073,TXN_8810601,Coffee,2.0,3.0,6.0,Digital Wallet,Takeaway,2023-08-18,Summer
4074,TXN_6572164,Cookie,4.0,1.0,4.0,Credit Card,Takeaway,2023-01-15,Winter
4075,TXN_6281959,Tea,4.0,1.5,6.0,Digital Wallet,In-store,2023-03-16,Spring
4076,TXN_6714068,Coffee,1.0,2.0,2.0,Digital Wallet,Takeaway,2023-02-17,Winter
4077,TXN_2470532,Coffee,1.0,2.0,2.0,Digital Wallet,In-store,2023-01-21,Winter
4078,TXN_6920323,Smoothie,1.0,4.0,4.0,Credit Card,Takeaway,2023-06-10,Summer
4079,TXN_6519486,Coffee,5.0,3.0,15.0,Digital Wallet,Takeaway,2023-02-05,Winter
4080,TXN_7524971,Tea,4.0,1.5,6.0,Digital Wallet,Takeaway,2023-09-05,Autumn
4081,TXN_4650447,Tea,1.0,1.5,1.5,Cash,Takeaway,2023-08-18,Summer
4082,TXN_3928174,Coffee,3.0,2.0,6.0,Digital Wallet,Takeaway,2023-09-11,Autumn
4084,TXN_1700027,Smoothie,4.0,4.0,16.0,Digital Wallet,In-store,2023-06-04,Summer
4085,TXN_2026084,Coffee,2.0,2.0,4.0,Cash,In-store,2023-10-20,Autumn
4086,TXN_5942938,Coffee,3.0,3.0,9.0,Credit Card,Takeaway,2023-05-24,Spring
4087,TXN_8813764,Cookie,1.0,1.0,1.0,Credit Card,In-store,2023-05-08,Spring
4088,TXN_5202349,Cookie,4.0,1.0,4.0,Digital Wallet,In-store,2023-11-27,Autumn
4089,TXN_2409052,Smoothie,1.0,4.0,4.0,Credit Card,In-store,2023-07-08,Summer
4090,TXN_8528546,Coffee,3.0,3.0,9.0,Cash,Takeaway,2023-12-09,Winter
4091,TXN_4849860,Tea,4.0,1.5,6.0,Credit Card,In-store,2023-12-01,Winter
4092,TXN_1840897,Salad,1.0,5.0,5.0,Digital Wallet,Takeaway,2023-06-03,Summer
4093,TXN_7689696,Smoothie,5.0,4.0,20.0,Digital Wallet,Takeaway,2023-07-03,Summer
4094,TXN_6905794,Salad,1.0,5.0,5.0,Cash,Takeaway,2023-05-31,Spring
4095,TXN_4469769,Salad,5.0,5.0,25.0,Digital Wallet,Takeaway,2023-08-15,Summer
4096,TXN_9452261,Coffee,5.0,3.0,15.0,Digital Wallet,Takeaway,2023-11-29,Autumn
4097,TXN_7347515,Smoothie,3.0,4.0,12.0,Digital Wallet,Takeaway,2023-04-25,Spring
4098,TXN_1940330,Tea,4.0,1.5,6.0,Digital Wallet,In-store,2023-01-12,Winter
4099,TXN_1576355,Coffee,4.0,2.0,8.0,Digital Wallet,Takeaway,2023-10-20,Autumn
4100,TXN_8615635,Cookie,4.0,1.0,4.0,Digital Wallet,In-store,2023-01-12,Winter
4101,TXN_9511794,Cookie,1.0,1.0,1.0,Cash,Takeaway,2023-06-10,Summer
4102,TXN_9024781,Smoothie,4.0,4.0,16.0,Cash,In-store,2023-09-12,Autumn
4103,TXN_7771526,Coffee,1.0,3.0,3.0,Cash,In-store,2023-04-28,Spring
4104,TXN_7070302,Salad,3.0,5.0,15.0,Digital Wallet,In-store,2023-04-30,Spring
4105,TXN_6511228,Salad,4.0,5.0,20.0,Credit Card,Takeaway,2023-11-01,Autumn
4106,TXN_5320512,Tea,5.0,1.5,7.5,Digital Wallet,In-store,2023-04-25,Spring
4107,TXN_2972777,Coffee,4.0,3.0,12.0,Credit Card,Takeaway,2023-04-08,Spring
4108,TXN_8591813,Coffee,3.0,2.0,6.0,Cash,Takeaway,2023-10-31,Autumn
4109,TXN_4095768,Salad,5.0,5.0,25.0,Digital Wallet,In-store,2023-06-18,Summer
4110,TXN_9107508,Coffee,1.0,2.0,2.0,Digital Wallet,Takeaway,2023-06-06,Summer
4111,TXN_2791987,Smoothie,1.0,4.0,4.0,Credit Card,Takeaway,2023-06-23,Summer
4112,TXN_6045577,Coffee,3.0,2.0,6.0,Credit Card,Takeaway,2023-07-06,Summer
4113,TXN_5534944,Tea,5.0,1.5,7.5,Credit Card,Takeaway,2023-01-26,Winter
4114,TXN_7887682,Coffee,2.0,2.0,4.0,Credit Card,Takeaway,2023-06-17,Summer
4115,TXN_5037517,Smoothie,5.0,4.0,20.0,Digital Wallet,In-store,2023-06-01,Summer
4116,TXN_6805091,Smoothie,2.0,4.0,8.0,Cash,Takeaway,2023-12-28,Winter
4117,TXN_5839300,Coffee,1.0,3.0,3.0,Credit Card,Takeaway,2023-07-01,Summer
4118,TXN_7801115,Tea,1.0,1.5,1.5,Cash,Takeaway,2023-12-18,Winter
4119,TXN_4753853,Coffee,5.0,3.0,15.0,Credit Card,Takeaway,2023-05-07,Spring
4120,TXN_7145259,Coffee,2.0,3.0,6.0,Digital Wallet,In-store,2023-11-11,Autumn
4121,TXN_2817018,Smoothie,3.0,4.0,12.0,Credit Card,Takeaway,2023-04-25,Spring
4122,TXN_6762490,Coffee,5.0,3.0,15.0,Cash,Takeaway,2023-05-03,Spring
4124,TXN_6012446,Smoothie,4.0,4.0,16.0,Cash,Takeaway,2023-07-20,Summer
4125,TXN_8936086,Smoothie,4.0,4.0,16.0,Digital Wallet,In-store,2023-11-27,Autumn
4126,TXN_4135134,Cookie,5.0,1.0,5.0,Credit Card,Takeaway,2023-08-11,Summer
4127,TXN_7808032,Cookie,4.0,1.0,4.0,Digital Wallet,Takeaway,2023-12-19,Winter
4128,TXN_2212234,Coffee,2.0,3.0,6.0,Cash,In-store,2023-12-22,Winter
4129,TXN_8611918,Salad,3.0,5.0,15.0,Cash,Takeaway,2023-06-27,Summer
4130,TXN_5115009,Coffee,4.0,3.0,12.0,Digital Wallet,Takeaway,2023-02-21,Winter
4131,TXN_9827492,Tea,3.0,1.5,4.5,Digital Wallet,Takeaway,2023-07-13,Summer
4132,TXN_6344003,Coffee,1.0,3.0,3.0,Digital Wallet,Takeaway,2023-12-22,Winter
4133,TXN_1993155,Coffee,1.0,3.0,3.0,Digital Wallet,Takeaway,2023-05-23,Spring
4134,TXN_4566012,Cookie,5.0,1.0,5.0,Credit Card,Takeaway,2023-05-10,Spring
4135,TXN_1030539,Coffee,3.0,3.0,9.0,Digital Wallet,Takeaway,2023-11-06,Autumn
4136,TXN_3830605,Coffee,1.0,2.0,2.0,Digital Wallet,Takeaway,2023-12-07,Winter
4137,TXN_5052515,Tea,1.0,1.5,1.5,Cash,In-store,2023-09-19,Autumn
4138,TXN_5125382,Coffee,1.0,2.0,2.0,Digital Wallet,In-store,2023-12-26,Winter
4139,TXN_5015183,Coffee,2.0,3.0,6.0,Digital Wallet,In-store,2023-08-29,Summer
4140,TXN_1661068,Salad,3.0,5.0,15.0,Cash,Takeaway,2023-04-09,Spring
4141,TXN_9549381,Coffee,1.0,3.0,3.0,Digital Wallet,In-store,2023-11-23,Autumn
4142,TXN_7812084,Smoothie,4.0,4.0,16.0,Cash,In-store,2023-01-17,Winter
4143,TXN_1694364,Smoothie,3.0,4.0,12.0,Digital Wallet,Takeaway,2023-06-10,Summer
4144,TXN_4191925,Coffee,2.0,2.0,4.0,Digital Wallet,Takeaway,2023-10-21,Autumn
4145,TXN_2258091,Coffee,2.0,3.0,6.0,Digital Wallet,In-store,2023-10-11,Autumn
4146,TXN_6482262,Coffee,3.0,3.0,9.0,Credit Card,Takeaway,2023-05-13,Spring
4147,TXN_1951166,Tea,2.0,1.5,3.0,Credit Card,Takeaway,2023-08-28,Summer
4148,TXN_4552615,Coffee,2.0,3.0,6.0,Cash,Takeaway,2023-04-09,Spring
4149,TXN_6745856,Coffee,4.0,3.0,12.0,Cash,In-store,2023-06-16,Summer
4150,TXN_4898949,Salad,1.0,5.0,5.0,Digital Wallet,In-store,2023-09-18,Autumn
4151,TXN_7027560,Tea,5.0,1.5,7.5,Digital Wallet,In-store,2023-10-05,Autumn
4153,TXN_2338426,Coffee,2.0,2.0,4.0,Digital Wallet,Takeaway,2023-05-07,Spring
4154,TXN_3369191,Cookie,5.0,1.0,5.0,Cash,Takeaway,2023-02-07,Winter
4155,TXN_5551020,Smoothie,2.0,4.0,8.0,Credit Card,Takeaway,2023-01-31,Winter
4156,TXN_9269683,Smoothie,5.0,4.0,20.0,Digital Wallet,Takeaway,2023-09-26,Autumn
4157,TXN_9287350,Smoothie,2.0,4.0,8.0,Digital Wallet,In-store,2023-01-28,Winter
4158,TXN_6541809,Tea,3.0,1.5,4.5,Digital Wallet,Takeaway,2023-05-01,Spring
4159,TXN_4398750,Smoothie,2.0,4.0,8.0,Cash,In-store,2023-05-28,Spring
4160,TXN_7493097,Coffee,5.0,3.0,15.0,Credit Card,Takeaway,2023-11-04,Autumn
4161,TXN_9850541,Cookie,4.0,1.0,4.0,Cash,Takeaway,2023-09-02,Autumn
4162,TXN_4262142,Coffee,2.0,3.0,6.0,Cash,Takeaway,2023-01-02,Winter
4163,TXN_7153313,Tea,1.0,1.5,1.5,Cash,Takeaway,2023-12-29,Winter
4164,TXN_8581124,Salad,2.0,5.0,10.0,Credit Card,Takeaway,2023-05-08,Spring
4165,TXN_3589218,Salad,2.0,5.0,10.0,Credit Card,In-store,2023-06-21,Summer
4166,TXN_7303515,Salad,4.0,5.0,20.0,Cash,In-store,2023-05-29,Spring
4167,TXN_2586183,Cookie,2.0,1.0,2.0,Cash,Takeaway,2023-09-04,Autumn
4168,TXN_2436779,Coffee,1.0,3.0,3.0,Credit Card,Takeaway,2023-05-24,Spring
4169,TXN_4001763,Coffee,3.0,3.0,9.0,Digital Wallet,Takeaway,2023-05-11,Spring
4170,TXN_9317529,Coffee,4.0,3.0,12.0,Credit Card,Takeaway,2023-07-10,Summer
4171,TXN_6974587,Salad,3.0,5.0,15.0,Cash,Takeaway,2023-06-16,Summer
4172,TXN_4379467,Tea,1.0,1.5,1.5,Digital Wallet,Takeaway,2023-06-16,Summer
4173,TXN_2719734,Coffee,5.0,3.0,15.0,Digital Wallet,In-store,2023-05-22,Spring
4174,TXN_2887332,Smoothie,5.0,4.0,20.0,Digital Wallet,Takeaway,2023-11-16,Autumn
4175,TXN_8566668,Smoothie,5.0,4.0,20.0,Digital Wallet,In-store,2023-02-12,Winter
4176,TXN_8284384,Coffee,2.0,3.0,6.0,Digital Wallet,Takeaway,2023-06-05,Summer
4177,TXN_2139240,Smoothie,4.0,4.0,16.0,Digital Wallet,Takeaway,2023-04-06,Spring
4178,TXN_5454841,Cookie,5.0,1.0,5.0,Digital Wallet,Takeaway,2023-06-04,Summer
4179,TXN_8104431,Tea,5.0,1.5,7.5,Digital Wallet,In-store,2023-03-07,Spring
4180,TXN_5141000,Smoothie,4.0,4.0,16.0,Digital Wallet,Takeaway,2023-06-16,Summer
4181,TXN_2508499,Tea,3.0,1.5,4.5,Credit Card,In-store,2023-02-22,Winter
4182,TXN_4571510,Smoothie,3.0,4.0,12.0,Cash,Takeaway,2023-11-19,Autumn
4183,TXN_4742476,Coffee,2.0,2.0,4.0,Cash,In-store,2023-10-27,Autumn
4184,TXN_8510436,Coffee,1.0,3.0,3.0,Digital Wallet,In-store,2023-07-19,Summer
4185,TXN_7509630,Cookie,3.0,1.0,3.0,Cash,In-store,2023-04-20,Spring
4186,TXN_5276301,Coffee,3.0,3.0,9.0,Cash,Takeaway,2023-03-13,Spring
4187,TXN_4977130,Smoothie,1.0,4.0,4.0,Digital Wallet,In-store,2023-07-08,Summer
4188,TXN_4293196,Cookie,3.0,1.0,3.0,Digital Wallet,In-store,2023-06-17,Summer
4189,TXN_9284099,Coffee,2.0,3.0,6.0,Digital Wallet,In-store,2023-07-20,Summer
4190,TXN_1900411,Salad,3.0,5.0,15.0,Digital Wallet,Takeaway,2023-09-24,Autumn
4191,TXN_7454416,Tea,1.0,1.5,1.5,Credit Card,Takeaway,2023-12-07,Winter
4192,TXN_4178899,Coffee,2.0,2.0,4.0,Digital Wallet,Takeaway,2023-04-05,Spring
4193,TXN_9027002,Smoothie,4.0,4.0,16.0,Credit Card,Takeaway,2023-12-31,Winter
4194,TXN_6587399,Smoothie,1.0,4.0,4.0,Digital Wallet,Takeaway,2023-08-08,Summer
4195,TXN_7179013,Coffee,5.0,3.0,15.0,Credit Card,In-store,2023-05-06,Spring
4196,TXN_7694559,Cookie,3.0,1.0,3.0,Cash,Takeaway,2023-05-05,Spring
4197,TXN_4391496,Smoothie,1.0,4.0,4.0,Cash,Takeaway,2023-02-20,Winter
4198,TXN_5668193,Coffee,5.0,2.0,10.0,Cash,Takeaway,2023-08-14,Summer
4199,TXN_1448501,Coffee,4.0,3.0,12.0,Credit Card,Takeaway,2023-09-10,Autumn
4200,TXN_7139869,Tea,1.0,1.5,1.5,Cash,In-store,2023-06-22,Summer
4201,TXN_6419668,Smoothie,3.0,4.0,12.0,Credit Card,In-store,2023-04-29,Spring
4202,TXN_8810001,Smoothie,5.0,4.0,20.0,Digital Wallet,Takeaway,2023-12-23,Winter
4203,TXN_5647773,Salad,2.0,5.0,10.0,Digital Wallet,In-store,2023-07-20,Summer
4204,TXN_4439120,Cookie,2.0,1.0,2.0,Credit Card,In-store,2023-03-31,Spring
4205,TXN_4613510,Coffee,5.0,3.0,15.0,Credit Card,Takeaway,2023-02-16,Winter
4206,TXN_7937275,Coffee,4.0,3.0,12.0,Credit Card,Takeaway,2023-09-18,Autumn
4207,TXN_7565052,Smoothie,5.0,4.0,20.0,Digital Wallet,In-store,2023-06-18,Summer
4208,TXN_2044375,Salad,1.0,5.0,5.0,Cash,Takeaway,2023-01-05,Winter
4209,TXN_1772692,Smoothie,3.0,4.0,12.0,Cash,Takeaway,2023-09-05,Autumn
4210,TXN_6399545,Smoothie,4.0,4.0,16.0,Credit Card,Takeaway,2023-03-22,Spring
4211,TXN_2980279,Coffee,1.0,3.0,3.0,Digital Wallet,Takeaway,2023-04-23,Spring
4213,TXN_4049031,Coffee,5.0,2.0,10.0,Digital Wallet,Takeaway,2023-08-22,Summer
4214,TXN_1328968,Tea,1.0,1.5,1.5,Digital Wallet,In-store,2023-06-28,Summer
4215,TXN_8549381,Smoothie,5.0,4.0,20.0,Digital Wallet,Takeaway,2023-02-06,Winter
4216,TXN_2080228,Coffee,1.0,3.0,3.0,Digital Wallet,In-store,2023-06-21,Summer
4217,TXN_7416880,Coffee,1.0,3.0,3.0,Credit Card,In-store,2023-07-20,Summer
4218,TXN_1360379,Tea,1.0,1.5,1.5,Credit Card,Takeaway,2023-08-23,Summer
4219,TXN_9617454,Smoothie,1.0,4.0,4.0,Digital Wallet,Takeaway,2023-08-22,Summer
4220,TXN_6421446,Coffee,2.0,3.0,6.0,Cash,Takeaway,2023-09-17,Autumn
4221,TXN_6272674,Coffee,3.0,2.0,6.0,Cash,Takeaway,2023-09-12,Autumn
4222,TXN_6805882,Cookie,4.0,1.0,4.0,Cash,In-store,2023-09-04,Autumn
4223,TXN_1475459,Tea,4.0,1.5,6.0,Digital Wallet,Takeaway,2023-11-09,Autumn
4224,TXN_2825812,Coffee,3.0,3.0,9.0,Cash,Takeaway,2023-06-26,Summer
4226,TXN_5398922,Salad,1.0,5.0,5.0,Cash,In-store,2023-01-10,Winter
4227,TXN_3458602,Coffee,2.0,3.0,6.0,Cash,In-store,2023-11-18,Autumn
4228,TXN_6571440,Smoothie,2.0,4.0,8.0,Digital Wallet,Takeaway,2023-01-18,Winter
4229,TXN_1368769,Cookie,3.0,1.0,3.0,Credit Card,Takeaway,2023-06-02,Summer
4230,TXN_4343848,Cookie,5.0,1.0,5.0,Credit Card,Takeaway,2023-07-16,Summer
4231,TXN_7656355,Smoothie,3.0,4.0,12.0,Credit Card,Takeaway,2023-09-11,Autumn
4232,TXN_4434005,Cookie,1.0,1.0,1.0,Digital Wallet,In-store,2023-03-20,Spring
4233,TXN_7975760,Coffee,3.0,3.0,9.0,Digital Wallet,In-store,2023-12-02,Winter
4234,TXN_9177867,Tea,3.0,1.5,4.5,Digital Wallet,Takeaway,2023-09-14,Autumn
4235,TXN_8158986,Cookie,5.0,1.0,5.0,Digital Wallet,In-store,2023-12-10,Winter
4236,TXN_9882625,Smoothie,1.0,4.0,4.0,Cash,In-store,2023-03-26,Spring
4237,TXN_8937461,Cookie,5.0,1.0,5.0,Digital Wallet,Takeaway,2023-12-22,Winter
4238,TXN_2485272,Tea,4.0,1.5,6.0,Digital Wallet,Takeaway,2023-06-30,Summer
4239,TXN_4085337,Smoothie,3.0,4.0,12.0,Digital Wallet,In-store,2023-10-25,Autumn
4240,TXN_6838802,Coffee,1.0,2.0,2.0,Digital Wallet,Takeaway,2023-08-29,Summer
4241,TXN_2114182,Cookie,3.0,1.0,3.0,Digital Wallet,Takeaway,2023-07-28,Summer
4242,TXN_8417552,Coffee,1.0,2.0,2.0,Digital Wallet,Takeaway,2023-12-09,Winter
4243,TXN_4126189,Tea,1.0,1.5,1.5,Credit Card,Takeaway,2023-09-30,Autumn
4244,TXN_1892454,Coffee,1.0,3.0,3.0,Digital Wallet,Takeaway,2023-07-19,Summer
4245,TXN_9592941,Tea,5.0,1.5,7.5,Digital Wallet,In-store,2023-04-08,Spring
4246,TXN_1063342,Smoothie,5.0,4.0,20.0,Digital Wallet,In-store,2023-01-13,Winter
4247,TXN_4407203,Cookie,4.0,1.0,4.0,Cash,Takeaway,2023-08-21,Summer
4248,TXN_7153885,Salad,1.0,5.0,5.0,Credit Card,Takeaway,2023-05-22,Spring
4249,TXN_1917388,Coffee,2.0,3.0,6.0,Digital Wallet,Takeaway,2023-04-15,Spring
4250,TXN_5279972,Smoothie,4.0,4.0,16.0,Credit Card,Takeaway,2023-01-07,Winter
4251,TXN_6953244,Smoothie,5.0,4.0,20.0,Cash,Takeaway,2023-09-13,Autumn
4252,TXN_5347792,Salad,3.0,5.0,15.0,Digital Wallet,Takeaway,2023-02-10,Winter
4254,TXN_1574190,Smoothie,3.0,4.0,12.0,Digital Wallet,Takeaway,2023-12-17,Winter
4255,TXN_4829492,Coffee,2.0,3.0,6.0,Credit Card,Takeaway,2023-01-09,Winter
4256,TXN_9550629,Smoothie,1.0,4.0,4.0,Digital Wallet,In-store,2023-02-06,Winter
4258,TXN_3986639,Salad,1.0,5.0,5.0,Credit Card,In-store,2023-10-09,Autumn
4259,TXN_3227673,Cookie,1.0,1.0,1.0,Cash,Takeaway,2023-10-13,Autumn
4260,TXN_2915287,Salad,1.0,5.0,5.0,Digital Wallet,Takeaway,2023-01-16,Winter
4261,TXN_2513558,Coffee,4.0,3.0,12.0,Digital Wallet,Takeaway,2023-10-11,Autumn
4262,TXN_7460497,Coffee,5.0,3.0,15.0,Cash,Takeaway,2023-11-13,Autumn
4263,TXN_1607471,Smoothie,2.0,4.0,8.0,Credit Card,Takeaway,2023-01-03,Winter
4264,TXN_1244739,Salad,2.0,5.0,10.0,Credit Card,Takeaway,2023-09-13,Autumn
4265,TXN_7878672,Coffee,1.0,2.0,2.0,Cash,In-store,2023-10-25,Autumn
4266,TXN_6807913,Coffee,3.0,3.0,9.0,Credit Card,Takeaway,2023-01-22,Winter
4267,TXN_6438869,Coffee,5.0,3.0,15.0,Credit Card,Takeaway,2023-10-30,Autumn
4268,TXN_1047204,Cookie,3.0,1.0,3.0,Digital Wallet,Takeaway,2023-04-13,Spring
4269,TXN_6017458,Salad,5.0,5.0,25.0,Credit Card,Takeaway,2023-04-23,Spring
4270,TXN_4311086,Coffee,4.0,3.0,12.0,Digital Wallet,In-store,2023-10-10,Autumn
4271,TXN_1075446,Cookie,4.0,1.0,4.0,Credit Card,Takeaway,2023-07-17,Summer
4272,TXN_8958723,Smoothie,4.0,4.0,16.0,Digital Wallet,Takeaway,2023-11-12,Autumn
4273,TXN_2206740,Coffee,3.0,2.0,6.0,Digital Wallet,Takeaway,2023-06-07,Summer
4274,TXN_2337113,Coffee,1.0,2.0,2.0,Digital Wallet,Takeaway,2023-11-19,Autumn
4275,TXN_2417721,Coffee,4.0,2.0,8.0,Credit Card,Takeaway,2023-10-20,Autumn
4276,TXN_5808539,Smoothie,1.0,4.0,4.0,Digital Wallet,Takeaway,2023-06-30,Summer
4277,TXN_6574910,Cookie,1.0,1.0,1.0,Digital Wallet,Takeaway,2023-09-13,Autumn
4278,TXN_5342900,Coffee,5.0,3.0,15.0,Cash,Takeaway,2023-07-12,Summer
4279,TXN_8949453,Smoothie,5.0,4.0,20.0,Digital Wallet,Takeaway,2023-11-13,Autumn
4280,TXN_2853459,Tea,4.0,1.5,6.0,Cash,Takeaway,2023-08-14,Summer
4281,TXN_3379182,Coffee,4.0,3.0,12.0,Cash,Takeaway,2023-06-03,Summer
4282,TXN_9629448,Tea,2.0,1.5,3.0,Digital Wallet,In-store,2023-02-22,Winter
4283,TXN_8233101,Salad,2.0,5.0,10.0,Cash,In-store,2023-02-12,Winter
4284,TXN_1247244,Smoothie,1.0,4.0,4.0,Digital Wallet,In-store,2023-12-27,Winter
4285,TXN_4292280,Coffee,4.0,3.0,12.0,Cash,Takeaway,2023-01-01,Winter
4286,TXN_3670476,Tea,3.0,1.5,4.5,Cash,Takeaway,2023-03-25,Spring
4287,TXN_4506936,Cookie,1.0,1.0,1.0,Credit Card,Takeaway,2023-03-20,Spring
4289,TXN_2827994,Coffee,5.0,3.0,15.0,Digital Wallet,In-store,2023-12-04,Winter
4290,TXN_5342051,Smoothie,3.0,4.0,12.0,Cash,Takeaway,2023-04-21,Spring
4291,TXN_7924635,Smoothie,5.0,4.0,20.0,Digital Wallet,Takeaway,2023-02-21,Winter
4292,TXN_5958999,Tea,2.0,1.5,3.0,Digital Wallet,Takeaway,2023-04-13,Spring
4293,TXN_9098841,Coffee,1.0,3.0,3.0,Credit Card,Takeaway,2023-08-07,Summer
4294,TXN_9723314,Coffee,4.0,2.0,8.0,Cash,In-store,2023-10-10,Autumn
4295,TXN_2311186,Smoothie,3.0,4.0,12.0,Digital Wallet,Takeaway,2023-07-16,Summer
4297,TXN_4659573,Coffee,5.0,3.0,15.0,Digital Wallet,Takeaway,2023-05-15,Spring
4298,TXN_3920436,Coffee,2.0,3.0,6.0,Digital Wallet,In-store,2023-11-19,Autumn
4300,TXN_7825638,Coffee,4.0,3.0,12.0,Digital Wallet,Takeaway,2023-12-09,Winter
4301,TXN_8710758,Smoothie,3.0,4.0,12.0,Credit Card,In-store,2023-01-12,Winter
4302,TXN_4873180,Tea,5.0,1.5,7.5,Digital Wallet,In-store,2023-01-17,Winter
4303,TXN_9643918,Cookie,3.0,1.0,3.0,Credit Card,In-store,2023-07-21,Summer
4304,TXN_9997620,Cookie,2.0,1.0,2.0,Cash,Takeaway,2023-12-11,Winter
4305,TXN_2830671,Smoothie,1.0,4.0,4.0,Cash,Takeaway,2023-11-08,Autumn
4306,TXN_7876619,Coffee,2.0,3.0,6.0,Cash,In-store,2023-09-27,Autumn
4307,TXN_5898238,Coffee,5.0,2.0,10.0,Credit Card,Takeaway,2023-06-29,Summer
4308,TXN_5337074,Cookie,3.0,1.0,3.0,Credit Card,In-store,2023-01-12,Winter
4309,TXN_9774186,Tea,3.0,1.5,4.5,Digital Wallet,Takeaway,2023-07-03,Summer
4311,TXN_7268802,Salad,2.0,5.0,10.0,Digital Wallet,Takeaway,2023-04-10,Spring
4312,TXN_3894735,Coffee,5.0,3.0,15.0,Digital Wallet,Takeaway,2023-03-10,Spring
4313,TXN_1842981,Tea,5.0,1.5,7.5,Credit Card,Takeaway,2023-04-12,Spring
4314,TXN_1720238,Salad,5.0,5.0,25.0,Digital Wallet,Takeaway,2023-05-08,Spring
4315,TXN_8520687,Salad,5.0,5.0,25.0,Digital Wallet,Takeaway,2023-04-21,Spring
4316,TXN_5793417,Smoothie,2.0,4.0,8.0,Digital Wallet,In-store,2023-12-29,Winter
4317,TXN_2927909,Coffee,4.0,3.0,12.0,Credit Card,Takeaway,2023-10-04,Autumn
4318,TXN_3412484,Coffee,4.0,3.0,12.0,Digital Wallet,Takeaway,2023-09-06,Autumn
4320,TXN_4048203,Smoothie,2.0,4.0,8.0,Digital Wallet,Takeaway,2023-12-13,Winter
4322,TXN_6841304,Coffee,1.0,3.0,3.0,Digital Wallet,Takeaway,2023-03-13,Spring
4323,TXN_2156454,Cookie,5.0,1.0,5.0,Digital Wallet,In-store,2023-08-17,Summer
4324,TXN_2001807,Smoothie,5.0,4.0,20.0,Digital Wallet,In-store,2023-08-10,Summer
4325,TXN_4781960,Coffee,1.0,3.0,3.0,Digital Wallet,Takeaway,2023-03-28,Spring
4326,TXN_4381404,Salad,5.0,5.0,25.0,Digital Wallet,Takeaway,2023-08-15,Summer
4327,TXN_8406851,Coffee,2.0,3.0,6.0,Digital Wallet,In-store,2023-09-09,Autumn
4328,TXN_3982257,Coffee,2.0,2.0,4.0,Digital Wallet,Takeaway,2023-07-23,Summer
4329,TXN_1463795,Coffee,5.0,2.0,10.0,Credit Card,Takeaway,2023-08-04,Summer
4330,TXN_7454894,Tea,1.0,1.5,1.5,Cash,Takeaway,2023-07-25,Summer
4331,TXN_5930304,Smoothie,2.0,4.0,8.0,Digital Wallet,Takeaway,2023-11-02,Autumn
4332,TXN_4249989,Coffee,4.0,2.0,8.0,Digital Wallet,Takeaway,2023-01-22,Winter
4333,TXN_2957017,Smoothie,5.0,4.0,20.0,Cash,In-store,2023-06-13,Summer
4334,TXN_2733833,Coffee,4.0,3.0,12.0,Digital Wallet,In-store,2023-09-09,Autumn
4335,TXN_6585794,Smoothie,5.0,4.0,20.0,Credit Card,In-store,2023-02-15,Winter
4336,TXN_5721846,Cookie,3.0,1.0,3.0,Cash,Takeaway,2023-04-14,Spring
4337,TXN_6487493,Salad,3.0,5.0,15.0,Cash,In-store,2023-03-13,Spring
4340,TXN_9395087,Tea,1.0,1.5,1.5,Cash,In-store,2023-06-12,Summer
4341,TXN_4477559,Coffee,5.0,3.0,15.0,Credit Card,Takeaway,2023-10-02,Autumn
4342,TXN_5542033,Smoothie,3.0,4.0,12.0,Digital Wallet,Takeaway,2023-06-26,Summer
4343,TXN_8850984,Smoothie,3.0,4.0,12.0,Cash,Takeaway,2023-05-27,Spring
4344,TXN_1710823,Salad,2.0,5.0,10.0,Credit Card,Takeaway,2023-01-27,Winter
4345,TXN_6575440,Tea,1.0,1.5,1.5,Cash,Takeaway,2023-02-05,Winter
4346,TXN_5225537,Tea,5.0,1.5,7.5,Digital Wallet,Takeaway,2023-11-04,Autumn
4347,TXN_1583315,Cookie,3.0,1.0,3.0,Digital Wallet,Takeaway,2023-10-17,Autumn
4348,TXN_8130122,Smoothie,2.0,4.0,8.0,Digital Wallet,In-store,2023-10-23,Autumn
4349,TXN_3587444,Coffee,2.0,3.0,6.0,Credit Card,Takeaway,2023-02-03,Winter
4350,TXN_7053280,Coffee,5.0,2.0,10.0,Digital Wallet,In-store,2023-05-28,Spring
4351,TXN_9407000,Smoothie,4.0,4.0,16.0,Digital Wallet,Takeaway,2023-10-03,Autumn
4352,TXN_3017917,Cookie,3.0,1.0,3.0,Credit Card,Takeaway,2023-08-31,Summer
4353,TXN_8090925,Cookie,3.0,1.0,3.0,Digital Wallet,In-store,2023-07-11,Summer
4354,TXN_7738013,Salad,5.0,5.0,25.0,Credit Card,Takeaway,2023-11-28,Autumn
4355,TXN_8542781,Coffee,2.0,3.0,6.0,Digital Wallet,Takeaway,2023-05-18,Spring
4356,TXN_6617283,Tea,4.0,1.5,6.0,Digital Wallet,Takeaway,2023-06-09,Summer
4357,TXN_1461221,Salad,2.0,5.0,10.0,Cash,In-store,2023-04-30,Spring
4358,TXN_2056358,Coffee,3.0,2.0,6.0,Cash,In-store,2023-09-17,Autumn
4359,TXN_1858674,Smoothie,2.0,4.0,8.0,Digital Wallet,In-store,2023-04-09,Spring
4360,TXN_2251009,Cookie,5.0,1.0,5.0,Digital Wallet,Takeaway,2023-04-02,Spring
4361,TXN_5616473,Smoothie,4.0,4.0,16.0,Cash,Takeaway,2023-07-28,Summer
4362,TXN_7022398,Smoothie,4.0,4.0,16.0,Digital Wallet,Takeaway,2023-12-23,Winter
4364,TXN_7379939,Cookie,1.0,1.0,1.0,Cash,Takeaway,2023-04-21,Spring
4366,TXN_1004184,Smoothie,1.0,4.0,4.0,Credit Card,In-store,2023-05-18,Spring
4367,TXN_4141868,Tea,3.0,1.5,4.5,Credit Card,Takeaway,2023-02-08,Winter
4368,TXN_9871971,Smoothie,3.0,4.0,12.0,Digital Wallet,Takeaway,2023-10-06,Autumn
4369,TXN_4168771,Coffee,5.0,2.0,10.0,Digital Wallet,Takeaway,2023-08-02,Summer
4370,TXN_6328925,Salad,4.0,5.0,20.0,Credit Card,Takeaway,2023-09-05,Autumn
4371,TXN_1226662,Salad,1.0,5.0,5.0,Digital Wallet,In-store,2023-06-17,Summer
4372,TXN_7562171,Tea,1.0,1.5,1.5,Digital Wallet,In-store,2023-09-02,Autumn
4373,TXN_6843677,Coffee,4.0,2.0,8.0,Digital Wallet,Takeaway,2023-09-09,Autumn
4374,TXN_2980632,Cookie,3.0,1.0,3.0,Credit Card,Takeaway,2023-01-14,Winter
4375,TXN_2609762,Coffee,5.0,2.0,10.0,Digital Wallet,Takeaway,2023-07-26,Summer
4376,TXN_7253734,Smoothie,5.0,4.0,20.0,Digital Wallet,Takeaway,2023-09-28,Autumn
4377,TXN_6679600,Coffee,1.0,2.0,2.0,Digital Wallet,Takeaway,2023-03-15,Spring
4379,TXN_8279992,Coffee,5.0,3.0,15.0,Digital Wallet,Takeaway,2023-07-03,Summer
4380,TXN_5722123,Coffee,4.0,3.0,12.0,Digital Wallet,Takeaway,2023-11-23,Autumn
4381,TXN_3446174,Coffee,5.0,3.0,15.0,Cash,Takeaway,2023-10-31,Autumn
4382,TXN_3518261,Smoothie,2.0,4.0,8.0,Digital Wallet,Takeaway,2023-08-05,Summer
4383,TXN_5927925,Coffee,4.0,3.0,12.0,Digital Wallet,In-store,2023-11-02,Autumn
4384,TXN_5101593,Coffee,5.0,3.0,15.0,Credit Card,Takeaway,2023-01-25,Winter
4385,TXN_1578981,Coffee,1.0,3.0,3.0,Cash,In-store,2023-05-15,Spring
4386,TXN_7876388,Cookie,4.0,1.0,4.0,Cash,In-store,2023-10-05,Autumn
4387,TXN_5939363,Tea,5.0,1.5,7.5,Credit Card,In-store,2023-02-14,Winter
4388,TXN_1636908,Coffee,4.0,3.0,12.0,Digital Wallet,Takeaway,2023-10-17,Autumn
4389,TXN_5221688,Coffee,2.0,2.0,4.0,Cash,Takeaway,2023-07-03,Summer
4390,TXN_1196923,Smoothie,2.0,4.0,8.0,Digital Wallet,Takeaway,2023-04-27,Spring
4391,TXN_8944698,Coffee,3.0,2.0,6.0,Credit Card,Takeaway,2023-09-15,Autumn
4393,TXN_2167159,Coffee,2.0,3.0,6.0,Cash,Takeaway,2023-04-06,Spring
4394,TXN_7811387,Cookie,5.0,1.0,5.0,Credit Card,Takeaway,2023-11-30,Autumn
4395,TXN_1884923,Coffee,4.0,2.0,8.0,Digital Wallet,Takeaway,2023-05-11,Spring
4396,TXN_8215595,Tea,2.0,1.5,3.0,Cash,Takeaway,2023-11-23,Autumn
4398,TXN_9857674,Tea,5.0,1.5,7.5,Digital Wallet,Takeaway,2023-06-12,Summer
4400,TXN_6035512,Coffee,5.0,3.0,15.0,Cash,Takeaway,2023-02-19,Winter
4401,TXN_1398769,Smoothie,1.0,4.0,4.0,Cash,In-store,2023-06-02,Summer
4402,TXN_6874354,Smoothie,4.0,4.0,16.0,Credit Card,Takeaway,2023-03-23,Spring
4403,TXN_9690711,Cookie,2.0,1.0,2.0,Credit Card,In-store,2023-09-13,Autumn
4404,TXN_5620636,Tea,4.0,1.5,6.0,Digital Wallet,In-store,2023-06-12,Summer
4405,TXN_7234224,Coffee,3.0,3.0,9.0,Digital Wallet,Takeaway,2023-10-31,Autumn
4406,TXN_3844347,Smoothie,4.0,4.0,16.0,Cash,Takeaway,2023-10-04,Autumn
4407,TXN_4507533,Coffee,1.0,3.0,3.0,Digital Wallet,Takeaway,2023-08-31,Summer
4408,TXN_7636238,Smoothie,4.0,4.0,16.0,Credit Card,Takeaway,2023-03-27,Spring
4409,TXN_8913153,Smoothie,2.0,4.0,8.0,Credit Card,Takeaway,2023-09-02,Autumn
4410,TXN_7595206,Smoothie,5.0,4.0,20.0,Credit Card,In-store,2023-12-02,Winter
4411,TXN_8424592,Smoothie,4.0,4.0,16.0,Credit Card,Takeaway,2023-11-09,Autumn
4412,TXN_1769882,Coffee,3.0,3.0,9.0,Digital Wallet,Takeaway,2023-03-17,Spring
4413,TXN_2000406,Coffee,2.0,3.0,6.0,Credit Card,Takeaway,2023-06-06,Summer
4414,TXN_3105786,Smoothie,3.0,4.0,12.0,Digital Wallet,In-store,2023-10-04,Autumn
4415,TXN_7820220,Coffee,3.0,3.0,9.0,Credit Card,In-store,2023-03-16,Spring
4416,TXN_5880883,Smoothie,5.0,4.0,20.0,Digital Wallet,In-store,2023-02-02,Winter
4417,TXN_4447856,Smoothie,2.0,4.0,8.0,Cash,Takeaway,2023-09-11,Autumn
4418,TXN_6613909,Coffee,4.0,3.0,12.0,Credit Card,In-store,2023-06-30,Summer
4419,TXN_5331924,Smoothie,2.0,4.0,8.0,Cash,Takeaway,2023-06-30,Summer
4420,TXN_9090433,Cookie,2.0,1.0,2.0,Cash,Takeaway,2023-07-12,Summer
4421,TXN_9393467,Coffee,5.0,3.0,15.0,Cash,Takeaway,2023-09-25,Autumn
4422,TXN_9811033,Cookie,3.0,1.0,3.0,Cash,Takeaway,2023-11-30,Autumn
4423,TXN_5452419,Coffee,4.0,2.0,8.0,Cash,In-store,2023-01-25,Winter
4424,TXN_5384343,Coffee,1.0,3.0,3.0,Credit Card,Takeaway,2023-03-29,Spring
4425,TXN_6580743,Coffee,1.0,2.0,2.0,Digital Wallet,Takeaway,2023-12-18,Winter
4426,TXN_8361821,Tea,5.0,1.5,7.5,Cash,In-store,2023-06-30,Summer
4427,TXN_2103626,Coffee,3.0,3.0,9.0,Cash,In-store,2023-04-23,Spring
4428,TXN_1891141,Coffee,4.0,3.0,12.0,Digital Wallet,In-store,2023-10-25,Autumn
4429,TXN_1252575,Tea,1.0,1.5,1.5,Digital Wallet,Takeaway,2023-10-16,Autumn
4430,TXN_5354721,Coffee,5.0,3.0,15.0,Digital Wallet,Takeaway,2023-09-07,Autumn
4431,TXN_6723498,Salad,3.0,5.0,15.0,Digital Wallet,Takeaway,2023-01-28,Winter
4432,TXN_1852224,Tea,4.0,1.5,6.0,Cash,Takeaway,2023-01-06,Winter
4433,TXN_5247378,Smoothie,2.0,4.0,8.0,Digital Wallet,Takeaway,2023-06-16,Summer
4434,TXN_8786479,Coffee,4.0,2.0,8.0,Digital Wallet,Takeaway,2023-05-29,Spring
4435,TXN_5108439,Salad,2.0,5.0,10.0,Digital Wallet,In-store,2023-05-06,Spring
4436,TXN_4993989,Smoothie,2.0,4.0,8.0,Digital Wallet,Takeaway,2023-11-15,Autumn
4437,TXN_8004510,Coffee,3.0,3.0,9.0,Cash,Takeaway,2023-12-29,Winter
4438,TXN_8541473,Coffee,3.0,2.0,6.0,Digital Wallet,Takeaway,2023-08-02,Summer
4439,TXN_8917822,Coffee,2.0,3.0,6.0,Digital Wallet,Takeaway,2023-12-12,Winter
4440,TXN_8108731,Coffee,5.0,3.0,15.0,Digital Wallet,Takeaway,2023-08-13,Summer
4441,TXN_4570750,Coffee,1.0,2.0,2.0,Cash,Takeaway,2023-05-18,Spring
4442,TXN_1190151,Coffee,5.0,3.0,15.0,Digital Wallet,Takeaway,2023-08-14,Summer
4443,TXN_8304002,Coffee,1.0,3.0,3.0,Credit Card,Takeaway,2023-05-02,Spring
4444,TXN_4341764,Coffee,2.0,2.0,4.0,Cash,Takeaway,2023-12-02,Winter
4445,TXN_1751183,Smoothie,5.0,4.0,20.0,Credit Card,Takeaway,2023-12-25,Winter
4447,TXN_1046384,Smoothie,1.0,4.0,4.0,Cash,Takeaway,2023-06-09,Summer
4448,TXN_1736630,Tea,5.0,1.5,7.5,Credit Card,Takeaway,2023-07-16,Summer
4449,TXN_8287437,Tea,2.0,1.5,3.0,Digital Wallet,Takeaway,2023-03-16,Spring
4450,TXN_4153132,Salad,3.0,5.0,15.0,Digital Wallet,Takeaway,2023-03-21,Spring
4451,TXN_3243410,Tea,2.0,1.5,3.0,Digital Wallet,Takeaway,2023-10-30,Autumn
4452,TXN_3061634,Coffee,1.0,2.0,2.0,Digital Wallet,Takeaway,2023-03-17,Spring
4453,TXN_7433308,Salad,4.0,5.0,20.0,Cash,Takeaway,2023-02-14,Winter
4454,TXN_6991736,Coffee,2.0,3.0,6.0,Digital Wallet,In-store,2023-11-07,Autumn
4455,TXN_7334272,Smoothie,2.0,4.0,8.0,Credit Card,Takeaway,2023-07-07,Summer
4456,TXN_8120577,Coffee,3.0,3.0,9.0,Cash,In-store,2023-09-08,Autumn
4457,TXN_9072093,Cookie,1.0,1.0,1.0,Digital Wallet,Takeaway,2023-03-06,Spring
4458,TXN_4705417,Salad,5.0,5.0,25.0,Credit Card,Takeaway,2023-12-14,Winter
4459,TXN_8145970,Coffee,5.0,3.0,15.0,Digital Wallet,Takeaway,2023-10-26,Autumn
4460,TXN_1910553,Smoothie,5.0,4.0,20.0,Cash,Takeaway,2023-10-01,Autumn
4461,TXN_9115899,Coffee,2.0,3.0,6.0,Credit Card,In-store,2023-02-23,Winter
4463,TXN_6020552,Smoothie,2.0,4.0,8.0,Cash,Takeaway,2023-01-14,Winter
4464,TXN_7970906,Coffee,4.0,2.0,8.0,Digital Wallet,In-store,2023-03-07,Spring
4465,TXN_5317458,Salad,2.0,5.0,10.0,Credit Card,Takeaway,2023-01-22,Winter
4466,TXN_6913384,Tea,3.0,1.5,4.5,Credit Card,Takeaway,2023-09-18,Autumn
4467,TXN_1910487,Smoothie,3.0,4.0,12.0,Digital Wallet,In-store,2023-08-14,Summer
4468,TXN_6142549,Coffee,3.0,3.0,9.0,Digital Wallet,Takeaway,2023-03-12,Spring
4469,TXN_7266318,Smoothie,1.0,4.0,4.0,Digital Wallet,In-store,2023-01-16,Winter
4470,TXN_4390911,Salad,2.0,5.0,10.0,Digital Wallet,Takeaway,2023-12-19,Winter
4471,TXN_1445532,Coffee,3.0,2.0,6.0,Cash,Takeaway,2023-03-03,Spring
4472,TXN_8841996,Smoothie,2.0,4.0,8.0,Digital Wallet,Takeaway,2023-12-09,Winter
4473,TXN_9814511,Coffee,1.0,3.0,3.0,Credit Card,Takeaway,2023-01-05,Winter
4474,TXN_2563505,Smoothie,1.0,4.0,4.0,Cash,Takeaway,2023-10-27,Autumn
4475,TXN_5183674,Coffee,2.0,2.0,4.0,Digital Wallet,Takeaway,2023-04-13,Spring
4476,TXN_6748199,Salad,2.0,5.0,10.0,Cash,Takeaway,2023-07-23,Summer
4477,TXN_3463281,Coffee,5.0,3.0,15.0,Digital Wallet,Takeaway,2023-10-06,Autumn
4478,TXN_5795475,Tea,3.0,1.5,4.5,Digital Wallet,In-store,2023-09-21,Autumn
4479,TXN_2322399,Salad,4.0,5.0,20.0,Digital Wallet,Takeaway,2023-04-15,Spring
4480,TXN_5865534,Smoothie,4.0,4.0,16.0,Digital Wallet,Takeaway,2023-10-16,Autumn
4482,TXN_5159669,Tea,4.0,1.5,6.0,Credit Card,Takeaway,2023-09-30,Autumn
4483,TXN_4268051,Cookie,1.0,1.0,1.0,Digital Wallet,In-store,2023-05-05,Spring
4484,TXN_8120958,Cookie,5.0,1.0,5.0,Credit Card,Takeaway,2023-06-21,Summer
4486,TXN_5530097,Coffee,2.0,3.0,6.0,Credit Card,Takeaway,2023-12-19,Winter
4487,TXN_7805241,Salad,4.0,5.0,20.0,Digital Wallet,Takeaway,2023-04-16,Spring
4488,TXN_2427834,Tea,4.0,1.5,6.0,Digital Wallet,In-store,2023-06-15,Summer
4489,TXN_6949949,Salad,3.0,5.0,15.0,Digital Wallet,Takeaway,2023-05-14,Spring
4490,TXN_9094261,Coffee,2.0,3.0,6.0,Digital Wallet,Takeaway,2023-05-15,Spring
4491,TXN_5661323,Cookie,2.0,1.0,2.0,Credit Card,Takeaway,2023-05-06,Spring
4492,TXN_2356583,Smoothie,4.0,4.0,16.0,Digital Wallet,In-store,2023-11-30,Autumn
4493,TXN_4248711,Smoothie,1.0,4.0,4.0,Cash,Takeaway,2023-08-01,Summer
4494,TXN_6270766,Cookie,1.0,1.0,1.0,Digital Wallet,In-store,2023-11-10,Autumn
4495,TXN_9697154,Tea,3.0,1.5,4.5,Credit Card,In-store,2023-10-08,Autumn
4496,TXN_6381860,Coffee,1.0,2.0,2.0,Digital Wallet,In-store,2023-08-21,Summer
4497,TXN_6028331,Coffee,4.0,3.0,12.0,Cash,Takeaway,2023-10-22,Autumn
4498,TXN_8830924,Tea,2.0,1.5,3.0,Credit Card,Takeaway,2023-10-25,Autumn
4499,TXN_3866156,Coffee,4.0,2.0,8.0,Digital Wallet,Takeaway,2023-02-28,Winter
4500,TXN_6872833,Coffee,1.0,2.0,2.0,Digital Wallet,Takeaway,2023-11-02,Autumn
4501,TXN_6405210,Coffee,4.0,2.0,8.0,Cash,Takeaway,2023-08-11,Summer
4502,TXN_4740952,Tea,4.0,1.5,6.0,Digital Wallet,Takeaway,2023-02-21,Winter
4503,TXN_6321174,Tea,4.0,1.5,6.0,Digital Wallet,Takeaway,2023-12-09,Winter
4505,TXN_6052901,Smoothie,5.0,4.0,20.0,Credit Card,Takeaway,2023-08-16,Summer
4506,TXN_1253619,Coffee,5.0,3.0,15.0,Digital Wallet,Takeaway,2023-05-25,Spring
4507,TXN_5537517,Smoothie,3.0,4.0,12.0,Digital Wallet,Takeaway,2023-10-27,Autumn
4508,TXN_5496019,Cookie,5.0,1.0,5.0,Cash,In-store,2023-11-26,Autumn
4509,TXN_4579666,Smoothie,2.0,4.0,8.0,Digital Wallet,Takeaway,2023-10-23,Autumn
4510,TXN_6359281,Coffee,2.0,2.0,4.0,Credit Card,Takeaway,2023-09-16,Autumn
4511,TXN_3620122,Smoothie,1.0,4.0,4.0,Cash,In-store,2023-05-06,Spring
4512,TXN_8367716,Tea,2.0,1.5,3.0,Credit Card,Takeaway,2023-02-03,Winter
4513,TXN_6779763,Cookie,1.0,1.0,1.0,Credit Card,Takeaway,2023-04-25,Spring
4515,TXN_8385321,Smoothie,2.0,4.0,8.0,Credit Card,Takeaway,2023-02-08,Winter
4516,TXN_5345258,Salad,2.0,5.0,10.0,Credit Card,Takeaway,2023-03-13,Spring
4517,TXN_8932759,Smoothie,3.0,4.0,12.0,Credit Card,Takeaway,2023-09-01,Autumn
4518,TXN_6958638,Tea,1.0,1.5,1.5,Digital Wallet,Takeaway,2023-11-27,Autumn
4519,TXN_3898665,Smoothie,2.0,4.0,8.0,Cash,Takeaway,2023-03-07,Spring
4520,TXN_4996304,Coffee,2.0,2.0,4.0,Credit Card,Takeaway,2023-08-17,Summer
4521,TXN_9566593,Coffee,2.0,3.0,6.0,Digital Wallet,Takeaway,2023-09-30,Autumn
4522,TXN_4808700,Cookie,4.0,1.0,4.0,Cash,Takeaway,2023-01-13,Winter
4523,TXN_5776252,Tea,4.0,1.5,6.0,Cash,Takeaway,2023-08-11,Summer
4524,TXN_5673476,Smoothie,4.0,4.0,16.0,Cash,Takeaway,2023-02-09,Winter
4525,TXN_6363733,Tea,1.0,1.5,1.5,Digital Wallet,Takeaway,2023-10-25,Autumn
4526,TXN_5297995,Tea,5.0,1.5,7.5,Digital Wallet,In-store,2023-07-04,Summer
4527,TXN_8049635,Salad,3.0,5.0,15.0,Cash,Takeaway,2023-11-16,Autumn
4528,TXN_2881529,Coffee,1.0,3.0,3.0,Digital Wallet,In-store,2023-07-04,Summer
4529,TXN_3459927,Cookie,5.0,1.0,5.0,Digital Wallet,In-store,2023-07-20,Summer
4530,TXN_6478968,Salad,2.0,5.0,10.0,Digital Wallet,Takeaway,2023-09-12,Autumn
4531,TXN_4135861,Salad,2.0,5.0,10.0,Credit Card,Takeaway,2023-03-16,Spring
4532,TXN_2031545,Coffee,2.0,3.0,6.0,Digital Wallet,In-store,2023-05-02,Spring
4533,TXN_4676976,Smoothie,3.0,4.0,12.0,Digital Wallet,In-store,2023-05-26,Spring
4534,TXN_7421018,Smoothie,4.0,4.0,16.0,Digital Wallet,Takeaway,2023-08-26,Summer
4535,TXN_8239121,Smoothie,1.0,4.0,4.0,Digital Wallet,In-store,2023-05-11,Spring
4536,TXN_1435192,Coffee,2.0,3.0,6.0,Digital Wallet,Takeaway,2023-06-18,Summer
4537,TXN_5364052,Smoothie,2.0,4.0,8.0,Credit Card,Takeaway,2023-02-05,Winter
4538,TXN_8345649,Cookie,5.0,1.0,5.0,Cash,Takeaway,2023-08-23,Summer
4539,TXN_8560548,Smoothie,1.0,4.0,4.0,Credit Card,Takeaway,2023-09-02,Autumn
4540,TXN_2345332,Tea,3.0,1.5,4.5,Digital Wallet,In-store,2023-07-05,Summer
4541,TXN_9389434,Coffee,5.0,3.0,15.0,Digital Wallet,In-store,2023-06-16,Summer
4542,TXN_1240476,Coffee,2.0,3.0,6.0,Digital Wallet,Takeaway,2023-04-20,Spring
4543,TXN_8345092,Smoothie,1.0,4.0,4.0,Credit Card,Takeaway,2023-07-24,Summer
4544,TXN_5849947,Smoothie,5.0,4.0,20.0,Cash,Takeaway,2023-02-02,Winter
4545,TXN_8227648,Tea,3.0,1.5,4.5,Digital Wallet,Takeaway,2023-05-31,Spring
4546,TXN_7800602,Tea,1.0,1.5,1.5,Cash,Takeaway,2023-04-30,Spring
4547,TXN_5926836,Coffee,5.0,3.0,15.0,Digital Wallet,In-store,2023-08-07,Summer
4548,TXN_4397994,Cookie,5.0,1.0,5.0,Digital Wallet,Takeaway,2023-09-26,Autumn
4549,TXN_1585827,Coffee,3.0,3.0,9.0,Credit Card,In-store,2023-09-30,Autumn
4550,TXN_3384640,Salad,4.0,5.0,20.0,Digital Wallet,Takeaway,2023-10-17,Autumn
4551,TXN_1990029,Tea,4.0,1.5,6.0,Credit Card,In-store,2023-11-18,Autumn
4552,TXN_5796131,Smoothie,3.0,4.0,12.0,Digital Wallet,Takeaway,2023-09-30,Autumn
4553,TXN_5166412,Cookie,4.0,1.0,4.0,Digital Wallet,Takeaway,2023-06-17,Summer
4554,TXN_7804740,Smoothie,2.0,4.0,8.0,Digital Wallet,Takeaway,2023-10-19,Autumn
4555,TXN_9082461,Coffee,5.0,3.0,15.0,Digital Wallet,In-store,2023-05-30,Spring
4556,TXN_6665881,Coffee,2.0,3.0,6.0,Credit Card,Takeaway,2023-07-04,Summer
4557,TXN_4046039,Coffee,5.0,3.0,15.0,Digital Wallet,In-store,2023-04-20,Spring
4558,TXN_8447640,Smoothie,5.0,4.0,20.0,Cash,In-store,2023-06-12,Summer
4559,TXN_3042768,Cookie,3.0,1.0,3.0,Digital Wallet,Takeaway,2023-09-07,Autumn
4560,TXN_4664329,Tea,2.0,1.5,3.0,Credit Card,Takeaway,2023-01-06,Winter
4561,TXN_7442492,Salad,5.0,5.0,25.0,Credit Card,Takeaway,2023-07-23,Summer
4562,TXN_8664335,Smoothie,5.0,4.0,20.0,Digital Wallet,Takeaway,2023-06-12,Summer
4564,TXN_1434857,Coffee,5.0,3.0,15.0,Digital Wallet,In-store,2023-01-13,Winter
4565,TXN_1700374,Smoothie,5.0,4.0,20.0,Digital Wallet,In-store,2023-08-11,Summer
4566,TXN_8383484,Coffee,2.0,3.0,6.0,Digital Wallet,Takeaway,2023-12-20,Winter
4567,TXN_1261028,Coffee,3.0,3.0,9.0,Digital Wallet,In-store,2023-10-27,Autumn
4568,TXN_1478016,Cookie,4.0,1.0,4.0,Digital Wallet,In-store,2023-08-04,Summer
4569,TXN_5321145,Smoothie,5.0,4.0,20.0,Digital Wallet,Takeaway,2023-08-29,Summer
4570,TXN_3884995,Coffee,5.0,3.0,15.0,Cash,In-store,2023-12-25,Winter
4571,TXN_4178488,Smoothie,3.0,4.0,12.0,Cash,In-store,2023-05-08,Spring
4572,TXN_4826214,Coffee,3.0,2.0,6.0,Digital Wallet,Takeaway,2023-11-23,Autumn
4573,TXN_2579157,Smoothie,1.0,4.0,4.0,Digital Wallet,Takeaway,2023-09-27,Autumn
4574,TXN_3597806,Cookie,3.0,1.0,3.0,Credit Card,Takeaway,2023-12-11,Winter
4575,TXN_7897119,Coffee,4.0,3.0,12.0,Digital Wallet,In-store,2023-05-27,Spring
4576,TXN_2245037,Coffee,2.0,2.0,4.0,Digital Wallet,Takeaway,2023-10-18,Autumn
4577,TXN_4833378,Coffee,5.0,3.0,15.0,Digital Wallet,Takeaway,2023-10-15,Autumn
4578,TXN_7055306,Salad,1.0,5.0,5.0,Digital Wallet,Takeaway,2023-03-09,Spring
4579,TXN_9135433,Cookie,4.0,1.0,4.0,Digital Wallet,In-store,2023-12-18,Winter
4580,TXN_1715684,Smoothie,1.0,4.0,4.0,Digital Wallet,In-store,2023-07-13,Summer
4581,TXN_9073440,Smoothie,2.0,4.0,8.0,Credit Card,Takeaway,2023-08-28,Summer
4582,TXN_4089355,Salad,2.0,5.0,10.0,Credit Card,Takeaway,2023-02-18,Winter
4583,TXN_3834078,Coffee,1.0,3.0,3.0,Digital Wallet,In-store,2023-01-29,Winter
4584,TXN_5048650,Smoothie,2.0,4.0,8.0,Cash,Takeaway,2023-11-18,Autumn
4585,TXN_1882700,Tea,3.0,1.5,4.5,Digital Wallet,In-store,2023-04-18,Spring
4586,TXN_2112911,Salad,3.0,5.0,15.0,Digital Wallet,Takeaway,2023-09-18,Autumn
4587,TXN_7568316,Coffee,2.0,3.0,6.0,Credit Card,Takeaway,2023-11-28,Autumn
4588,TXN_3642982,Coffee,5.0,2.0,10.0,Cash,Takeaway,2023-10-04,Autumn
4589,TXN_4475094,Smoothie,3.0,4.0,12.0,Digital Wallet,Takeaway,2023-08-12,Summer
4590,TXN_6768812,Coffee,4.0,2.0,8.0,Digital Wallet,Takeaway,2023-03-30,Spring
4591,TXN_1419669,Coffee,5.0,3.0,15.0,Cash,Takeaway,2023-03-07,Spring
4592,TXN_9810604,Coffee,2.0,3.0,6.0,Digital Wallet,Takeaway,2023-04-02,Spring
4593,TXN_4791243,Cookie,5.0,1.0,5.0,Digital Wallet,Takeaway,2023-05-12,Spring
4594,TXN_5665311,Cookie,2.0,1.0,2.0,Credit Card,In-store,2023-05-17,Spring
4595,TXN_7920897,Salad,2.0,5.0,10.0,Digital Wallet,In-store,2023-07-29,Summer
4596,TXN_7515272,Coffee,1.0,3.0,3.0,Digital Wallet,Takeaway,2023-08-12,Summer
4597,TXN_5453836,Smoothie,2.0,4.0,8.0,Credit Card,In-store,2023-05-29,Spring
4598,TXN_5578796,Tea,4.0,1.5,6.0,Digital Wallet,In-store,2023-04-27,Spring
4599,TXN_8620592,Smoothie,2.0,4.0,8.0,Digital Wallet,In-store,2023-07-14,Summer
4600,TXN_7402846,Coffee,2.0,3.0,6.0,Credit Card,Takeaway,2023-10-11,Autumn
4601,TXN_9487214,Coffee,5.0,2.0,10.0,Digital Wallet,Takeaway,2023-03-25,Spring
4602,TXN_2274702,Cookie,5.0,1.0,5.0,Credit Card,In-store,2023-12-11,Winter
4603,TXN_2701016,Coffee,5.0,3.0,15.0,Digital Wallet,Takeaway,2023-03-06,Spring
4604,TXN_8809853,Coffee,1.0,2.0,2.0,Digital Wallet,Takeaway,2023-10-29,Autumn
4605,TXN_7683607,Coffee,1.0,3.0,3.0,Cash,Takeaway,2023-03-17,Spring
4606,TXN_2402928,Coffee,4.0,2.0,8.0,Cash,Takeaway,2023-10-20,Autumn
4607,TXN_6516391,Coffee,2.0,3.0,6.0,Digital Wallet,Takeaway,2023-06-16,Summer
4608,TXN_9685326,Smoothie,3.0,4.0,12.0,Digital Wallet,Takeaway,2023-04-07,Spring
4609,TXN_6181456,Cookie,1.0,1.0,1.0,Digital Wallet,Takeaway,2023-05-08,Spring
4610,TXN_9858627,Coffee,4.0,3.0,12.0,Digital Wallet,Takeaway,2023-01-22,Winter
4611,TXN_9923613,Smoothie,4.0,4.0,16.0,Digital Wallet,In-store,2023-11-08,Autumn
4612,TXN_7656770,Coffee,1.0,2.0,2.0,Credit Card,Takeaway,2023-12-24,Winter
4613,TXN_4092551,Coffee,5.0,3.0,15.0,Credit Card,Takeaway,2023-10-11,Autumn
4614,TXN_9894204,Coffee,2.0,2.0,4.0,Cash,Takeaway,2023-08-08,Summer
4615,TXN_7241288,Smoothie,5.0,4.0,20.0,Cash,Takeaway,2023-04-11,Spring
4616,TXN_9833195,Coffee,2.0,2.0,4.0,Digital Wallet,Takeaway,2023-03-03,Spring
4617,TXN_9153854,Smoothie,2.0,4.0,8.0,Digital Wallet,In-store,2023-04-04,Spring
4618,TXN_1436851,Smoothie,5.0,4.0,20.0,Cash,Takeaway,2023-07-28,Summer
4619,TXN_8598575,Smoothie,4.0,4.0,16.0,Digital Wallet,Takeaway,2023-11-14,Autumn
4620,TXN_1417871,Salad,3.0,5.0,15.0,Cash,Takeaway,2023-03-12,Spring
4621,TXN_7844352,Coffee,2.0,3.0,6.0,Credit Card,Takeaway,2023-07-26,Summer
4622,TXN_2339781,Smoothie,2.0,4.0,8.0,Digital Wallet,In-store,2023-01-02,Winter
4623,TXN_6674257,Smoothie,3.0,4.0,12.0,Cash,Takeaway,2023-07-20,Summer
4624,TXN_2649010,Tea,4.0,1.5,6.0,Cash,Takeaway,2023-08-01,Summer
4627,TXN_4965631,Smoothie,3.0,4.0,12.0,Credit Card,Takeaway,2023-01-27,Winter
4628,TXN_9254064,Coffee,2.0,2.0,4.0,Cash,Takeaway,2023-12-10,Winter
4629,TXN_4554168,Tea,4.0,1.5,6.0,Digital Wallet,In-store,2023-04-08,Spring
4630,TXN_6536418,Salad,5.0,5.0,25.0,Credit Card,In-store,2023-02-11,Winter
4631,TXN_9024186,Coffee,2.0,3.0,6.0,Cash,Takeaway,2023-12-17,Winter
4632,TXN_4580084,Smoothie,5.0,4.0,20.0,Credit Card,Takeaway,2023-12-17,Winter
4633,TXN_3996874,Tea,4.0,1.5,6.0,Digital Wallet,Takeaway,2023-05-18,Spring
4634,TXN_7106595,Tea,2.0,1.5,3.0,Credit Card,Takeaway,2023-06-19,Summer
4635,TXN_5439860,Tea,1.0,1.5,1.5,Digital Wallet,In-store,2023-04-18,Spring
4636,TXN_3216618,Salad,4.0,5.0,20.0,Credit Card,In-store,2023-12-30,Winter
4637,TXN_8360779,Cookie,4.0,1.0,4.0,Credit Card,In-store,2023-10-25,Autumn
4638,TXN_3700419,Cookie,4.0,1.0,4.0,Digital Wallet,Takeaway,2023-01-09,Winter
4639,TXN_6369590,Salad,5.0,5.0,25.0,Digital Wallet,Takeaway,2023-10-26,Autumn
4640,TXN_5039782,Tea,3.0,1.5,4.5,Credit Card,Takeaway,2023-06-21,Summer
4641,TXN_7047860,Coffee,2.0,2.0,4.0,Digital Wallet,Takeaway,2023-06-18,Summer
4642,TXN_2985748,Coffee,3.0,2.0,6.0,Digital Wallet,Takeaway,2023-12-19,Winter
4643,TXN_8616557,Smoothie,5.0,4.0,20.0,Digital Wallet,In-store,2023-08-28,Summer
4644,TXN_3171673,Smoothie,2.0,4.0,8.0,Digital Wallet,Takeaway,2023-12-07,Winter
4645,TXN_4827637,Smoothie,4.0,4.0,16.0,Cash,In-store,2023-04-28,Spring
4646,TXN_1170198,Tea,4.0,1.5,6.0,Credit Card,In-store,2023-02-09,Winter
4647,TXN_8166527,Salad,2.0,5.0,10.0,Cash,In-store,2023-05-24,Spring
4648,TXN_3097593,Smoothie,2.0,4.0,8.0,Credit Card,In-store,2023-06-18,Summer
4649,TXN_2981117,Coffee,1.0,3.0,3.0,Digital Wallet,In-store,2023-10-02,Autumn
4650,TXN_3431526,Cookie,3.0,1.0,3.0,Credit Card,Takeaway,2023-12-27,Winter
4651,TXN_1817076,Coffee,3.0,3.0,9.0,Cash,In-store,2023-05-31,Spring
4652,TXN_1489218,Salad,2.0,5.0,10.0,Digital Wallet,Takeaway,2023-09-13,Autumn
4653,TXN_1936644,Coffee,3.0,3.0,9.0,Digital Wallet,Takeaway,2023-01-28,Winter
4654,TXN_4293694,Smoothie,5.0,4.0,20.0,Cash,Takeaway,2023-08-03,Summer
4655,TXN_9469529,Coffee,2.0,2.0,4.0,Digital Wallet,Takeaway,2023-08-09,Summer
4656,TXN_2946861,Coffee,3.0,3.0,9.0,Digital Wallet,Takeaway,2023-03-28,Spring
4657,TXN_7919609,Smoothie,3.0,4.0,12.0,Digital Wallet,In-store,2023-01-31,Winter
4658,TXN_7692019,Coffee,3.0,3.0,9.0,Digital Wallet,In-store,2023-10-14,Autumn
4659,TXN_7677750,Tea,2.0,1.5,3.0,Cash,Takeaway,2023-12-24,Winter
4660,TXN_9799633,Coffee,4.0,3.0,12.0,Cash,In-store,2023-11-07,Autumn
4661,TXN_4252036,Smoothie,2.0,4.0,8.0,Cash,Takeaway,2023-01-22,Winter
4662,TXN_6637989,Smoothie,1.0,4.0,4.0,Cash,Takeaway,2023-11-09,Autumn
4663,TXN_2860514,Cookie,5.0,1.0,5.0,Credit Card,Takeaway,2023-09-01,Autumn
4664,TXN_4143449,Smoothie,3.0,4.0,12.0,Digital Wallet,Takeaway,2023-08-23,Summer
4665,TXN_1499208,Smoothie,1.0,4.0,4.0,Cash,Takeaway,2023-11-01,Autumn
4666,TXN_1960599,Coffee,4.0,3.0,12.0,Cash,Takeaway,2023-01-06,Winter
4667,TXN_1184377,Coffee,1.0,3.0,3.0,Cash,Takeaway,2023-10-25,Autumn
4668,TXN_6995795,Salad,4.0,5.0,20.0,Digital Wallet,In-store,2023-11-28,Autumn
4669,TXN_7805508,Smoothie,5.0,4.0,20.0,Digital Wallet,In-store,2023-07-10,Summer
4670,TXN_6193929,Coffee,5.0,3.0,15.0,Digital Wallet,Takeaway,2023-06-20,Summer
4671,TXN_1942950,Smoothie,4.0,4.0,16.0,Digital Wallet,Takeaway,2023-03-25,Spring
4672,TXN_9759221,Coffee,3.0,2.0,6.0,Cash,Takeaway,2023-06-23,Summer
4673,TXN_1205522,Coffee,5.0,3.0,15.0,Digital Wallet,In-store,2023-12-26,Winter
4674,TXN_7792223,Smoothie,3.0,4.0,12.0,Credit Card,Takeaway,2023-07-21,Summer
4675,TXN_7205370,Smoothie,4.0,4.0,16.0,Cash,Takeaway,2023-12-07,Winter
4676,TXN_9992148,Tea,3.0,1.5,4.5,Cash,Takeaway,2023-01-14,Winter
4677,TXN_6305420,Cookie,3.0,1.0,3.0,Digital Wallet,In-store,2023-06-17,Summer
4678,TXN_9982090,Tea,5.0,1.5,7.5,Digital Wallet,In-store,2023-06-03,Summer
4679,TXN_6507690,Coffee,1.0,3.0,3.0,Digital Wallet,In-store,2023-01-30,Winter
4680,TXN_8487057,Smoothie,5.0,4.0,20.0,Digital Wallet,Takeaway,2023-06-01,Summer
4681,TXN_6646382,Tea,4.0,1.5,6.0,Digital Wallet,Takeaway,2023-09-16,Autumn
4682,TXN_5255092,Smoothie,1.0,4.0,4.0,Digital Wallet,Takeaway,2023-10-08,Autumn
4683,TXN_8402941,Coffee,5.0,3.0,15.0,Credit Card,In-store,2023-11-26,Autumn
4684,TXN_4265056,Coffee,1.0,3.0,3.0,Cash,Takeaway,2023-07-16,Summer
4685,TXN_4605871,Cookie,1.0,1.0,1.0,Digital Wallet,Takeaway,2023-06-20,Summer
4686,TXN_7976001,Coffee,4.0,3.0,12.0,Credit Card,In-store,2023-06-27,Summer
4687,TXN_4969003,Cookie,1.0,1.0,1.0,Digital Wallet,In-store,2023-04-19,Spring
4688,TXN_3629728,Smoothie,1.0,4.0,4.0,Digital Wallet,Takeaway,2023-03-11,Spring
4689,TXN_7027319,Smoothie,3.0,4.0,12.0,Credit Card,Takeaway,2023-02-25,Winter
4690,TXN_1907428,Coffee,4.0,3.0,12.0,Credit Card,In-store,2023-06-06,Summer
4691,TXN_6594753,Coffee,3.0,3.0,9.0,Digital Wallet,Takeaway,2023-03-16,Spring
4692,TXN_8554646,Coffee,2.0,2.0,4.0,Cash,Takeaway,2023-01-10,Winter
4693,TXN_5860664,Coffee,5.0,3.0,15.0,Digital Wallet,Takeaway,2023-06-06,Summer
4694,TXN_3586768,Coffee,2.0,2.0,4.0,Digital Wallet,In-store,2023-05-23,Spring
4695,TXN_5765294,Cookie,4.0,1.0,4.0,Digital Wallet,In-store,2023-11-14,Autumn
4696,TXN_4966149,Coffee,2.0,3.0,6.0,Cash,Takeaway,2023-04-10,Spring
4697,TXN_3652726,Smoothie,3.0,4.0,12.0,Digital Wallet,In-store,2023-08-03,Summer
4698,TXN_2273573,Cookie,5.0,1.0,5.0,Cash,In-store,2023-11-12,Autumn
4699,TXN_7924516,Cookie,1.0,1.0,1.0,Credit Card,Takeaway,2023-04-23,Spring
4700,TXN_2083132,Salad,1.0,5.0,5.0,Digital Wallet,Takeaway,2023-08-31,Summer
4701,TXN_8837131,Smoothie,3.0,4.0,12.0,Digital Wallet,In-store,2023-12-23,Winter
4702,TXN_2659832,Smoothie,3.0,4.0,12.0,Credit Card,Takeaway,2023-12-05,Winter
4703,TXN_5049646,Coffee,2.0,3.0,6.0,Credit Card,In-store,2023-08-30,Summer
4705,TXN_7401217,Salad,4.0,5.0,20.0,Digital Wallet,Takeaway,2023-02-06,Winter
4706,TXN_6853142,Smoothie,3.0,4.0,12.0,Cash,Takeaway,2023-07-21,Summer
4707,TXN_4031726,Coffee,4.0,3.0,12.0,Credit Card,Takeaway,2023-11-22,Autumn
4708,TXN_9512112,Coffee,4.0,2.0,8.0,Cash,Takeaway,2023-05-25,Spring
4709,TXN_9428611,Salad,4.0,5.0,20.0,Digital Wallet,Takeaway,2023-07-13,Summer
4710,TXN_1472433,Coffee,1.0,2.0,2.0,Digital Wallet,Takeaway,2023-04-05,Spring
4712,TXN_5483635,Coffee,3.0,3.0,9.0,Credit Card,In-store,2023-03-23,Spring
4714,TXN_3478169,Coffee,2.0,3.0,6.0,Cash,In-store,2023-02-03,Winter
4715,TXN_3842766,Tea,3.0,1.5,4.5,Credit Card,In-store,2023-03-24,Spring
4716,TXN_7805115,Smoothie,2.0,4.0,8.0,Digital Wallet,Takeaway,2023-12-18,Winter
4717,TXN_7565447,Salad,1.0,5.0,5.0,Digital Wallet,Takeaway,2023-02-15,Winter
4718,TXN_8225343,Smoothie,1.0,4.0,4.0,Cash,Takeaway,2023-05-10,Spring
4719,TXN_3822036,Smoothie,3.0,4.0,12.0,Credit Card,Takeaway,2023-05-07,Spring
4720,TXN_3019996,Smoothie,2.0,4.0,8.0,Cash,Takeaway,2023-06-27,Summer
4721,TXN_8397209,Tea,3.0,1.5,4.5,Cash,In-store,2023-10-12,Autumn
4722,TXN_5634977,Coffee,5.0,2.0,10.0,Digital Wallet,In-store,2023-03-06,Spring
4723,TXN_8165784,Coffee,5.0,3.0,15.0,Digital Wallet,Takeaway,2023-10-15,Autumn
4724,TXN_3619141,Cookie,4.0,1.0,4.0,Digital Wallet,In-store,2023-09-30,Autumn
4725,TXN_7160017,Coffee,1.0,3.0,3.0,Cash,In-store,2023-09-27,Autumn
4726,TXN_9513509,Smoothie,1.0,4.0,4.0,Credit Card,Takeaway,2023-04-27,Spring
4727,TXN_5919038,Cookie,1.0,1.0,1.0,Credit Card,In-store,2023-12-15,Winter
4728,TXN_8384229,Tea,4.0,1.5,6.0,Digital Wallet,Takeaway,2023-01-08,Winter
4729,TXN_9011816,Coffee,1.0,3.0,3.0,Digital Wallet,Takeaway,2023-04-02,Spring
4730,TXN_2916992,Salad,2.0,5.0,10.0,Cash,Takeaway,2023-08-20,Summer
4731,TXN_4350788,Tea,3.0,1.5,4.5,Digital Wallet,In-store,2023-06-28,Summer
4732,TXN_3132488,Smoothie,4.0,4.0,16.0,Credit Card,Takeaway,2023-09-12,Autumn
4733,TXN_9126573,Salad,4.0,5.0,20.0,Digital Wallet,Takeaway,2023-06-17,Summer
4734,TXN_5347338,Coffee,4.0,3.0,12.0,Digital Wallet,Takeaway,2023-07-04,Summer
4736,TXN_2930963,Smoothie,2.0,4.0,8.0,Digital Wallet,In-store,2023-02-09,Winter
4737,TXN_7997252,Coffee,3.0,3.0,9.0,Credit Card,Takeaway,2023-05-28,Spring
4738,TXN_1907740,Smoothie,1.0,4.0,4.0,Cash,Takeaway,2023-03-17,Spring
4739,TXN_3654670,Coffee,1.0,3.0,3.0,Credit Card,Takeaway,2023-06-14,Summer
4740,TXN_1432682,Tea,1.0,1.5,1.5,Digital Wallet,Takeaway,2023-07-11,Summer
4741,TXN_3938271,Salad,3.0,5.0,15.0,Digital Wallet,In-store,2023-01-12,Winter
4742,TXN_7619641,Coffee,3.0,3.0,9.0,Digital Wallet,In-store,2023-04-02,Spring
4743,TXN_1870423,Salad,2.0,5.0,10.0,Credit Card,Takeaway,2023-04-12,Spring
4744,TXN_1006942,Salad,1.0,5.0,5.0,Credit Card,In-store,2023-11-30,Autumn
4745,TXN_2282319,Coffee,2.0,3.0,6.0,Cash,In-store,2023-08-14,Summer
4746,TXN_6812735,Tea,5.0,1.5,7.5,Digital Wallet,Takeaway,2023-04-21,Spring
4747,TXN_6922833,Tea,1.0,1.5,1.5,Digital Wallet,Takeaway,2023-11-17,Autumn
4749,TXN_5783469,Salad,3.0,5.0,15.0,Digital Wallet,Takeaway,2023-06-14,Summer
4750,TXN_8489120,Cookie,2.0,1.0,2.0,Credit Card,Takeaway,2023-11-07,Autumn
4751,TXN_6200609,Salad,5.0,5.0,25.0,Digital Wallet,Takeaway,2023-04-12,Spring
4752,TXN_8194534,Coffee,2.0,2.0,4.0,Cash,Takeaway,2023-05-19,Spring
4753,TXN_7238674,Cookie,1.0,1.0,1.0,Digital Wallet,Takeaway,2023-11-03,Autumn
4754,TXN_6968752,Tea,1.0,1.5,1.5,Digital Wallet,Takeaway,2023-04-07,Spring
4756,TXN_1346953,Tea,3.0,1.5,4.5,Digital Wallet,In-store,2023-09-24,Autumn
4757,TXN_8742689,Tea,5.0,1.5,7.5,Digital Wallet,Takeaway,2023-01-05,Winter
4758,TXN_2144031,Coffee,1.0,3.0,3.0,Digital Wallet,Takeaway,2023-02-25,Winter
4759,TXN_1996466,Smoothie,1.0,4.0,4.0,Digital Wallet,Takeaway,2023-04-24,Spring
4760,TXN_1124796,Tea,5.0,1.5,7.5,Credit Card,Takeaway,2023-10-28,Autumn
4761,TXN_7124156,Salad,1.0,5.0,5.0,Credit Card,Takeaway,2023-07-28,Summer
4762,TXN_3150614,Smoothie,1.0,4.0,4.0,Cash,Takeaway,2023-08-06,Summer
4763,TXN_5263693,Coffee,1.0,3.0,3.0,Digital Wallet,Takeaway,2023-01-20,Winter
4764,TXN_1785644,Tea,5.0,1.5,7.5,Digital Wallet,Takeaway,2023-08-13,Summer
4765,TXN_1702437,Smoothie,4.0,4.0,16.0,Credit Card,Takeaway,2023-06-27,Summer
4766,TXN_6500713,Cookie,3.0,1.0,3.0,Digital Wallet,In-store,2023-04-30,Spring
4767,TXN_8725721,Smoothie,1.0,4.0,4.0,Cash,Takeaway,2023-06-04,Summer
4768,TXN_8965025,Salad,1.0,5.0,5.0,Cash,In-store,2023-04-14,Spring
4769,TXN_8491490,Coffee,2.0,2.0,4.0,Digital Wallet,In-store,2023-01-16,Winter
4770,TXN_4328869,Smoothie,2.0,4.0,8.0,Cash,Takeaway,2023-05-02,Spring
4771,TXN_3849711,Smoothie,5.0,4.0,20.0,Cash,Takeaway,2023-08-14,Summer
4772,TXN_1334406,Coffee,1.0,3.0,3.0,Digital Wallet,In-store,2023-09-26,Autumn
4773,TXN_1556708,Smoothie,1.0,4.0,4.0,Digital Wallet,Takeaway,2023-06-11,Summer
4774,TXN_8422494,Salad,4.0,5.0,20.0,Cash,In-store,2023-06-08,Summer
4775,TXN_3427754,Smoothie,2.0,4.0,8.0,Digital Wallet,Takeaway,2023-08-06,Summer
4776,TXN_3512545,Cookie,4.0,1.0,4.0,Credit Card,In-store,2023-08-08,Summer
4777,TXN_7703185,Coffee,1.0,3.0,3.0,Digital Wallet,Takeaway,2023-12-10,Winter
4778,TXN_8455321,Smoothie,3.0,4.0,12.0,Digital Wallet,In-store,2023-01-25,Winter
4779,TXN_9904505,Smoothie,2.0,4.0,8.0,Digital Wallet,Takeaway,2023-06-07,Summer
4780,TXN_5020643,Tea,3.0,1.5,4.5,Digital Wallet,In-store,2023-10-19,Autumn
4781,TXN_8170122,Cookie,5.0,1.0,5.0,Digital Wallet,In-store,2023-03-20,Spring
4782,TXN_5067216,Salad,4.0,5.0,20.0,Digital Wallet,Takeaway,2023-07-24,Summer
4783,TXN_3930540,Smoothie,3.0,4.0,12.0,Cash,Takeaway,2023-03-24,Spring
4784,TXN_4663537,Coffee,5.0,2.0,10.0,Credit Card,Takeaway,2023-10-22,Autumn
4785,TXN_5392630,Coffee,5.0,3.0,15.0,Cash,Takeaway,2023-11-23,Autumn
4786,TXN_9480851,Coffee,3.0,3.0,9.0,Digital Wallet,In-store,2023-03-21,Spring
4787,TXN_5927620,Smoothie,1.0,4.0,4.0,Credit Card,Takeaway,2023-05-04,Spring
4788,TXN_1561430,Tea,2.0,1.5,3.0,Digital Wallet,Takeaway,2023-10-13,Autumn
4789,TXN_1133945,Smoothie,2.0,4.0,8.0,Digital Wallet,In-store,2023-10-23,Autumn
4790,TXN_5467240,Smoothie,5.0,4.0,20.0,Digital Wallet,Takeaway,2023-10-20,Autumn
4791,TXN_3210288,Salad,3.0,5.0,15.0,Digital Wallet,Takeaway,2023-04-30,Spring
4792,TXN_1586452,Salad,2.0,5.0,10.0,Cash,In-store,2023-02-01,Winter
4793,TXN_9814929,Coffee,3.0,3.0,9.0,Digital Wallet,In-store,2023-10-01,Autumn
4794,TXN_8961480,Tea,4.0,1.5,6.0,Cash,Takeaway,2023-02-18,Winter
4795,TXN_1826919,Coffee,4.0,3.0,12.0,Credit Card,In-store,2023-02-21,Winter
4796,TXN_3135048,Salad,1.0,5.0,5.0,Credit Card,Takeaway,2023-02-03,Winter
4797,TXN_3105263,Smoothie,4.0,4.0,16.0,Credit Card,Takeaway,2023-11-25,Autumn
4798,TXN_4504141,Smoothie,5.0,4.0,20.0,Credit Card,Takeaway,2023-09-28,Autumn
4799,TXN_7408461,Coffee,3.0,3.0,9.0,Digital Wallet,In-store,2023-11-05,Autumn
4800,TXN_8108115,Coffee,3.0,2.0,6.0,Digital Wallet,In-store,2023-08-24,Summer
4801,TXN_6655437,Coffee,1.0,3.0,3.0,Digital Wallet,Takeaway,2023-07-07,Summer
4802,TXN_9120328,Tea,5.0,1.5,7.5,Credit Card,Takeaway,2023-10-22,Autumn
4803,TXN_3906862,Coffee,5.0,3.0,15.0,Cash,Takeaway,2023-08-14,Summer
4804,TXN_8468071,Cookie,4.0,1.0,4.0,Digital Wallet,Takeaway,2023-08-22,Summer
4805,TXN_7543921,Coffee,3.0,2.0,6.0,Cash,In-store,2023-12-06,Winter
4806,TXN_8714536,Smoothie,4.0,4.0,16.0,Digital Wallet,Takeaway,2023-05-06,Spring
4807,TXN_3282601,Coffee,2.0,3.0,6.0,Digital Wallet,In-store,2023-02-03,Winter
4808,TXN_4569599,Tea,2.0,1.5,3.0,Cash,Takeaway,2023-02-07,Winter
4809,TXN_2970011,Coffee,4.0,2.0,8.0,Credit Card,Takeaway,2023-06-04,Summer
4810,TXN_5556328,Tea,5.0,1.5,7.5,Digital Wallet,In-store,2023-12-10,Winter
4811,TXN_8786159,Coffee,3.0,2.0,6.0,Cash,In-store,2023-04-05,Spring
4812,TXN_2467699,Tea,1.0,1.5,1.5,Cash,Takeaway,2023-06-17,Summer
4813,TXN_3085628,Salad,1.0,5.0,5.0,Cash,Takeaway,2023-08-26,Summer
4814,TXN_7952153,Smoothie,2.0,4.0,8.0,Digital Wallet,Takeaway,2023-07-24,Summer
4815,TXN_4439321,Coffee,3.0,2.0,6.0,Cash,In-store,2023-04-25,Spring
4816,TXN_1488127,Tea,5.0,1.5,7.5,Digital Wallet,Takeaway,2023-12-12,Winter
4817,TXN_6687734,Coffee,1.0,3.0,3.0,Digital Wallet,In-store,2023-03-14,Spring
4818,TXN_7323885,Smoothie,5.0,4.0,20.0,Cash,In-store,2023-09-15,Autumn
4819,TXN_7894558,Coffee,2.0,2.0,4.0,Digital Wallet,Takeaway,2023-01-04,Winter
4820,TXN_4019040,Tea,1.0,1.5,1.5,Cash,In-store,2023-02-01,Winter
4821,TXN_1570573,Smoothie,3.0,4.0,12.0,Digital Wallet,Takeaway,2023-04-09,Spring
4822,TXN_5991995,Coffee,1.0,3.0,3.0,Digital Wallet,In-store,2023-01-08,Winter
4823,TXN_2437586,Smoothie,4.0,4.0,16.0,Cash,Takeaway,2023-08-29,Summer
4824,TXN_7326827,Smoothie,1.0,4.0,4.0,Digital Wallet,In-store,2023-06-30,Summer
4825,TXN_6004431,Smoothie,2.0,4.0,8.0,Cash,Takeaway,2023-04-07,Spring
4826,TXN_7475500,Cookie,2.0,1.0,2.0,Cash,Takeaway,2023-11-22,Autumn
4827,TXN_8122317,Coffee,3.0,2.0,6.0,Cash,Takeaway,2023-10-16,Autumn
4828,TXN_2028930,Cookie,2.0,1.0,2.0,Digital Wallet,Takeaway,2023-11-25,Autumn
4829,TXN_3394874,Coffee,4.0,2.0,8.0,Credit Card,Takeaway,2023-06-18,Summer
4830,TXN_5804346,Tea,1.0,1.5,1.5,Credit Card,Takeaway,2023-07-05,Summer
4831,TXN_5926025,Smoothie,2.0,4.0,8.0,Digital Wallet,Takeaway,2023-07-29,Summer
4832,TXN_2220389,Salad,4.0,5.0,20.0,Credit Card,Takeaway,2023-07-26,Summer
4833,TXN_9603773,Cookie,2.0,1.0,2.0,Credit Card,Takeaway,2023-10-10,Autumn
4834,TXN_1285279,Coffee,2.0,2.0,4.0,Cash,Takeaway,2023-04-09,Spring
4835,TXN_5244558,Smoothie,4.0,4.0,16.0,Digital Wallet,Takeaway,2023-06-06,Summer
4836,TXN_1702434,Smoothie,3.0,4.0,12.0,Digital Wallet,Takeaway,2023-07-22,Summer
4837,TXN_2425755,Smoothie,1.0,4.0,4.0,Digital Wallet,Takeaway,2023-09-14,Autumn
4838,TXN_5350200,Smoothie,1.0,4.0,4.0,Cash,In-store,2023-12-02,Winter
4839,TXN_7151817,Smoothie,1.0,4.0,4.0,Cash,In-store,2023-05-18,Spring
4840,TXN_7514589,Coffee,3.0,3.0,9.0,Cash,Takeaway,2023-07-25,Summer
4841,TXN_5962237,Coffee,1.0,3.0,3.0,Digital Wallet,Takeaway,2023-10-31,Autumn
4842,TXN_9059245,Smoothie,1.0,4.0,4.0,Cash,Takeaway,2023-07-11,Summer
4843,TXN_2188356,Tea,1.0,1.5,1.5,Digital Wallet,In-store,2023-07-14,Summer
4844,TXN_8019335,Smoothie,3.0,4.0,12.0,Digital Wallet,Takeaway,2023-11-26,Autumn
4845,TXN_5921650,Salad,4.0,5.0,20.0,Digital Wallet,In-store,2023-10-13,Autumn
4846,TXN_5248011,Coffee,2.0,3.0,6.0,Digital Wallet,In-store,2023-01-21,Winter
4847,TXN_7332957,Smoothie,5.0,4.0,20.0,Digital Wallet,Takeaway,2023-07-26,Summer
4848,TXN_1278539,Tea,1.0,1.5,1.5,Credit Card,Takeaway,2023-04-04,Spring
4849,TXN_1186221,Salad,4.0,5.0,20.0,Cash,Takeaway,2023-04-21,Spring
4850,TXN_3086676,Coffee,2.0,3.0,6.0,Cash,Takeaway,2023-07-21,Summer
4851,TXN_9696138,Coffee,3.0,3.0,9.0,Digital Wallet,Takeaway,2023-12-01,Winter
4852,TXN_1846455,Smoothie,4.0,4.0,16.0,Digital Wallet,Takeaway,2023-03-16,Spring
4853,TXN_1548245,Smoothie,4.0,4.0,16.0,Credit Card,Takeaway,2023-03-15,Spring
4854,TXN_1839407,Cookie,3.0,1.0,3.0,Cash,Takeaway,2023-03-15,Spring
4855,TXN_9028798,Coffee,2.0,3.0,6.0,Cash,In-store,2023-05-25,Spring
4856,TXN_4672332,Coffee,4.0,3.0,12.0,Cash,In-store,2023-03-29,Spring
4857,TXN_2726078,Coffee,3.0,2.0,6.0,Digital Wallet,Takeaway,2023-11-27,Autumn
4858,TXN_5249091,Smoothie,5.0,4.0,20.0,Credit Card,In-store,2023-08-15,Summer
4859,TXN_9507397,Cookie,3.0,1.0,3.0,Credit Card,Takeaway,2023-10-26,Autumn
4860,TXN_6948649,Tea,5.0,1.5,7.5,Cash,In-store,2023-11-27,Autumn
4861,TXN_3300171,Cookie,5.0,1.0,5.0,Credit Card,In-store,2023-02-14,Winter
4862,TXN_2773085,Coffee,1.0,2.0,2.0,Digital Wallet,Takeaway,2023-10-16,Autumn
4863,TXN_4697112,Smoothie,3.0,4.0,12.0,Credit Card,Takeaway,2023-04-08,Spring
4864,TXN_7897423,Salad,4.0,5.0,20.0,Digital Wallet,Takeaway,2023-05-24,Spring
4865,TXN_6373380,Coffee,4.0,2.0,8.0,Cash,In-store,2023-07-21,Summer
4866,TXN_8668590,Cookie,4.0,1.0,4.0,Digital Wallet,Takeaway,2023-04-18,Spring
4867,TXN_9121676,Smoothie,4.0,4.0,16.0,Digital Wallet,Takeaway,2023-12-25,Winter
4868,TXN_4956012,Smoothie,1.0,4.0,4.0,Digital Wallet,In-store,2023-07-20,Summer
4869,TXN_4341126,Coffee,2.0,3.0,6.0,Cash,Takeaway,2023-07-01,Summer
4870,TXN_9792412,Tea,4.0,1.5,6.0,Digital Wallet,Takeaway,2023-06-15,Summer
4871,TXN_2103018,Coffee,5.0,3.0,15.0,Credit Card,In-store,2023-11-24,Autumn
4872,TXN_9843421,Coffee,3.0,3.0,9.0,Digital Wallet,In-store,2023-09-06,Autumn
4873,TXN_2227781,Coffee,1.0,3.0,3.0,Cash,Takeaway,2023-01-21,Winter
4874,TXN_6159539,Coffee,1.0,3.0,3.0,Digital Wallet,Takeaway,2023-01-12,Winter
4875,TXN_8014766,Smoothie,1.0,4.0,4.0,Digital Wallet,Takeaway,2023-10-05,Autumn
4876,TXN_5234152,Cookie,5.0,1.0,5.0,Digital Wallet,Takeaway,2023-03-26,Spring
4877,TXN_9468033,Coffee,1.0,3.0,3.0,Credit Card,Takeaway,2023-12-13,Winter
4878,TXN_3132304,Smoothie,1.0,4.0,4.0,Credit Card,Takeaway,2023-01-21,Winter
4879,TXN_6262910,Coffee,4.0,3.0,12.0,Cash,Takeaway,2023-07-02,Summer
4880,TXN_7543841,Cookie,3.0,1.0,3.0,Cash,In-store,2023-11-07,Autumn
4881,TXN_7901672,Cookie,1.0,1.0,1.0,Digital Wallet,Takeaway,2023-06-24,Summer
4882,TXN_1058957,Coffee,2.0,3.0,6.0,Cash,In-store,2023-03-21,Spring
4883,TXN_7635738,Coffee,4.0,2.0,8.0,Cash,Takeaway,2023-08-08,Summer
4884,TXN_2728444,Salad,1.0,5.0,5.0,Digital Wallet,Takeaway,2023-01-23,Winter
4885,TXN_9073184,Coffee,2.0,3.0,6.0,Digital Wallet,Takeaway,2023-04-14,Spring
4886,TXN_2044945,Tea,2.0,1.5,3.0,Cash,Takeaway,2023-10-18,Autumn
4887,TXN_5665341,Tea,5.0,1.5,7.5,Cash,Takeaway,2023-02-27,Winter
4888,TXN_1509627,Coffee,4.0,3.0,12.0,Digital Wallet,Takeaway,2023-03-23,Spring
4889,TXN_7813066,Coffee,1.0,3.0,3.0,Digital Wallet,Takeaway,2023-02-28,Winter
4890,TXN_5518591,Cookie,4.0,1.0,4.0,Digital Wallet,Takeaway,2023-09-21,Autumn
4891,TXN_6540415,Coffee,5.0,3.0,15.0,Digital Wallet,Takeaway,2023-05-27,Spring
4892,TXN_2991726,Coffee,5.0,3.0,15.0,Digital Wallet,In-store,2023-09-01,Autumn
4893,TXN_7939659,Coffee,3.0,3.0,9.0,Digital Wallet,Takeaway,2023-07-26,Summer
4894,TXN_7531403,Smoothie,2.0,4.0,8.0,Cash,In-store,2023-07-08,Summer
4895,TXN_3767196,Salad,4.0,5.0,20.0,Cash,Takeaway,2023-08-30,Summer
4896,TXN_3562332,Salad,5.0,5.0,25.0,Digital Wallet,Takeaway,2023-06-20,Summer
4897,TXN_7302788,Coffee,1.0,2.0,2.0,Cash,In-store,2023-09-18,Autumn
4898,TXN_9233948,Cookie,4.0,1.0,4.0,Cash,Takeaway,2023-03-26,Spring
4899,TXN_1510673,Coffee,3.0,3.0,9.0,Digital Wallet,Takeaway,2023-02-26,Winter
4900,TXN_9867586,Smoothie,4.0,4.0,16.0,Digital Wallet,In-store,2023-06-02,Summer
4901,TXN_1750875,Coffee,3.0,3.0,9.0,Digital Wallet,Takeaway,2023-12-13,Winter
4902,TXN_6397944,Salad,5.0,5.0,25.0,Digital Wallet,Takeaway,2023-10-31,Autumn
4903,TXN_5216430,Cookie,3.0,1.0,3.0,Digital Wallet,Takeaway,2023-02-05,Winter
4904,TXN_2723755,Coffee,3.0,3.0,9.0,Cash,Takeaway,2023-06-30,Summer
4905,TXN_2313646,Smoothie,3.0,4.0,12.0,Digital Wallet,In-store,2023-08-24,Summer
4907,TXN_4028494,Coffee,3.0,3.0,9.0,Digital Wallet,In-store,2023-10-22,Autumn
4908,TXN_1412415,Coffee,3.0,3.0,9.0,Cash,In-store,2023-02-24,Winter
4909,TXN_7398884,Smoothie,3.0,4.0,12.0,Digital Wallet,Takeaway,2023-12-24,Winter
4910,TXN_6546131,Coffee,4.0,2.0,8.0,Credit Card,In-store,2023-06-26,Summer
4911,TXN_9030656,Coffee,5.0,3.0,15.0,Digital Wallet,Takeaway,2023-12-12,Winter
4912,TXN_1950777,Salad,5.0,5.0,25.0,Cash,Takeaway,2023-08-26,Summer
4913,TXN_4605239,Coffee,1.0,2.0,2.0,Credit Card,Takeaway,2023-08-06,Summer
4914,TXN_8019396,Smoothie,3.0,4.0,12.0,Digital Wallet,Takeaway,2023-10-20,Autumn
4918,TXN_7874772,Tea,1.0,1.5,1.5,Credit Card,Takeaway,2023-04-26,Spring
4919,TXN_2625464,Smoothie,3.0,4.0,12.0,Credit Card,In-store,2023-10-06,Autumn
4920,TXN_9338442,Coffee,1.0,3.0,3.0,Digital Wallet,In-store,2023-12-29,Winter
4921,TXN_2953908,Coffee,5.0,2.0,10.0,Credit Card,In-store,2023-10-11,Autumn
4922,TXN_2576936,Coffee,3.0,3.0,9.0,Cash,Takeaway,2023-10-14,Autumn
4923,TXN_4586482,Coffee,3.0,3.0,9.0,Digital Wallet,In-store,2023-09-04,Autumn
4924,TXN_3660806,Cookie,5.0,1.0,5.0,Digital Wallet,Takeaway,2023-02-14,Winter
4926,TXN_6410244,Tea,4.0,1.5,6.0,Credit Card,Takeaway,2023-01-06,Winter
4927,TXN_5026431,Smoothie,5.0,4.0,20.0,Cash,Takeaway,2023-12-05,Winter
4928,TXN_3106348,Salad,4.0,5.0,20.0,Digital Wallet,In-store,2023-01-10,Winter
4929,TXN_6216278,Coffee,4.0,2.0,8.0,Credit Card,In-store,2023-11-06,Autumn
4930,TXN_9947324,Smoothie,2.0,4.0,8.0,Digital Wallet,Takeaway,2023-08-22,Summer
4931,TXN_9531434,Cookie,1.0,1.0,1.0,Credit Card,Takeaway,2023-10-09,Autumn
4932,TXN_4104718,Cookie,2.0,1.0,2.0,Cash,Takeaway,2023-11-08,Autumn
4933,TXN_5789560,Coffee,2.0,3.0,6.0,Cash,Takeaway,2023-02-13,Winter
4934,TXN_8285752,Cookie,4.0,1.0,4.0,Digital Wallet,In-store,2023-01-07,Winter
4935,TXN_8099340,Tea,4.0,1.5,6.0,Digital Wallet,In-store,2023-04-23,Spring
4936,TXN_7733300,Smoothie,2.0,4.0,8.0,Cash,Takeaway,2023-12-10,Winter
4937,TXN_4416331,Cookie,1.0,1.0,1.0,Digital Wallet,Takeaway,2023-02-13,Winter
4938,TXN_3551665,Coffee,4.0,3.0,12.0,Credit Card,In-store,2023-04-06,Spring
4939,TXN_7377496,Coffee,1.0,3.0,3.0,Credit Card,Takeaway,2023-02-28,Winter
4940,TXN_4637438,Salad,2.0,5.0,10.0,Digital Wallet,Takeaway,2023-04-07,Spring
4941,TXN_5493965,Coffee,1.0,3.0,3.0,Digital Wallet,Takeaway,2023-06-16,Summer
4942,TXN_2525207,Cookie,2.0,1.0,2.0,Digital Wallet,Takeaway,2023-11-25,Autumn
4943,TXN_7354480,Coffee,2.0,3.0,6.0,Cash,Takeaway,2023-01-17,Winter
4944,TXN_6819128,Salad,1.0,5.0,5.0,Cash,Takeaway,2023-10-19,Autumn
4945,TXN_5023419,Cookie,3.0,1.0,3.0,Digital Wallet,Takeaway,2023-02-26,Winter
4946,TXN_9864890,Smoothie,3.0,4.0,12.0,Digital Wallet,In-store,2023-12-06,Winter
4947,TXN_8798330,Coffee,1.0,2.0,2.0,Digital Wallet,In-store,2023-02-16,Winter
4948,TXN_9951411,Coffee,1.0,2.0,2.0,Cash,In-store,2023-08-09,Summer
4949,TXN_6755795,Smoothie,5.0,4.0,20.0,Cash,Takeaway,2023-02-22,Winter
4950,TXN_7507071,Smoothie,2.0,4.0,8.0,Digital Wallet,In-store,2023-01-10,Winter
4951,TXN_1018470,Coffee,3.0,3.0,9.0,Digital Wallet,Takeaway,2023-01-14,Winter
4952,TXN_2924262,Cookie,5.0,1.0,5.0,Digital Wallet,Takeaway,2023-09-01,Autumn
4953,TXN_6472242,Smoothie,1.0,4.0,4.0,Digital Wallet,Takeaway,2023-03-27,Spring
4954,TXN_8482647,Smoothie,5.0,4.0,20.0,Credit Card,Takeaway,2023-01-08,Winter
4955,TXN_6994354,Salad,5.0,5.0,25.0,Digital Wallet,Takeaway,2023-07-03,Summer
4956,TXN_3520910,Salad,1.0,5.0,5.0,Credit Card,Takeaway,2023-05-06,Spring
4957,TXN_8589003,Tea,4.0,1.5,6.0,Cash,Takeaway,2023-08-25,Summer
4958,TXN_3219263,Smoothie,5.0,4.0,20.0,Digital Wallet,Takeaway,2023-03-31,Spring
4959,TXN_9619442,Coffee,4.0,3.0,12.0,Digital Wallet,In-store,2023-05-23,Spring
4960,TXN_1050323,Coffee,1.0,3.0,3.0,Digital Wallet,In-store,2023-03-10,Spring
4961,TXN_8379815,Smoothie,5.0,4.0,20.0,Credit Card,Takeaway,2023-07-31,Summer
4962,TXN_6746916,Coffee,1.0,2.0,2.0,Cash,Takeaway,2023-11-15,Autumn
4963,TXN_1547717,Smoothie,5.0,4.0,20.0,Digital Wallet,Takeaway,2023-12-15,Winter
4964,TXN_8407982,Salad,2.0,5.0,10.0,Digital Wallet,Takeaway,2023-09-17,Autumn
4965,TXN_3484276,Cookie,5.0,1.0,5.0,Digital Wallet,Takeaway,2023-06-14,Summer
4966,TXN_3705669,Tea,2.0,1.5,3.0,Digital Wallet,Takeaway,2023-11-23,Autumn
4967,TXN_4105487,Smoothie,4.0,4.0,16.0,Digital Wallet,In-store,2023-04-13,Spring
4968,TXN_6856558,Coffee,4.0,3.0,12.0,Digital Wallet,Takeaway,2023-10-30,Autumn
4969,TXN_3669990,Tea,2.0,1.5,3.0,Cash,Takeaway,2023-01-27,Winter
4970,TXN_5994713,Tea,3.0,1.5,4.5,Digital Wallet,Takeaway,2023-03-05,Spring
4971,TXN_8091357,Coffee,1.0,2.0,2.0,Cash,Takeaway,2023-12-28,Winter
4972,TXN_9555958,Smoothie,4.0,4.0,16.0,Digital Wallet,Takeaway,2023-09-30,Autumn
4973,TXN_4194085,Salad,1.0,5.0,5.0,Credit Card,Takeaway,2023-05-25,Spring
4974,TXN_7780748,Cookie,3.0,1.0,3.0,Credit Card,In-store,2023-01-19,Winter
4975,TXN_7914340,Tea,1.0,1.5,1.5,Digital Wallet,Takeaway,2023-09-04,Autumn
4976,TXN_7780786,Coffee,1.0,3.0,3.0,Credit Card,Takeaway,2023-10-30,Autumn
4977,TXN_1048284,Salad,2.0,5.0,10.0,Cash,In-store,2023-08-19,Summer
4978,TXN_3301517,Salad,5.0,5.0,25.0,Credit Card,In-store,2023-04-13,Spring
4979,TXN_3120848,Cookie,1.0,1.0,1.0,Cash,In-store,2023-11-01,Autumn
4980,TXN_3764807,Smoothie,2.0,4.0,8.0,Digital Wallet,Takeaway,2023-08-28,Summer
4981,TXN_3315467,Smoothie,2.0,4.0,8.0,Digital Wallet,Takeaway,2023-11-17,Autumn
4982,TXN_9363990,Coffee,3.0,3.0,9.0,Credit Card,Takeaway,2023-01-17,Winter
4983,TXN_9666257,Coffee,2.0,3.0,6.0,Digital Wallet,In-store,2023-09-27,Autumn
4984,TXN_1504466,Coffee,1.0,2.0,2.0,Cash,Takeaway,2023-11-07,Autumn
4985,TXN_3324387,Smoothie,1.0,4.0,4.0,Credit Card,Takeaway,2023-12-13,Winter
4987,TXN_1477525,Salad,3.0,5.0,15.0,Cash,Takeaway,2023-11-06,Autumn
4988,TXN_9063624,Coffee,1.0,2.0,2.0,Credit Card,Takeaway,2023-04-21,Spring
4989,TXN_1595139,Smoothie,5.0,4.0,20.0,Cash,Takeaway,2023-08-24,Summer
4990,TXN_8606912,Salad,5.0,5.0,25.0,Digital Wallet,Takeaway,2023-03-10,Spring
4991,TXN_8548232,Smoothie,4.0,4.0,16.0,Digital Wallet,In-store,2023-06-21,Summer
4992,TXN_6074414,Salad,2.0,5.0,10.0,Credit Card,Takeaway,2023-11-13,Autumn
4993,TXN_2010658,Smoothie,3.0,4.0,12.0,Digital Wallet,Takeaway,2023-02-20,Winter
4994,TXN_5070577,Cookie,4.0,1.0,4.0,Credit Card,Takeaway,2023-02-07,Winter
4995,TXN_5426236,Smoothie,3.0,4.0,12.0,Cash,Takeaway,2023-08-31,Summer
4996,TXN_8867957,Smoothie,1.0,4.0,4.0,Digital Wallet,Takeaway,2023-01-04,Winter
4997,TXN_3241422,Salad,2.0,5.0,10.0,Cash,Takeaway,2023-07-17,Summer
4998,TXN_6036254,Coffee,3.0,2.0,6.0,Credit Card,Takeaway,2023-09-20,Autumn
4999,TXN_3580048,Smoothie,5.0,4.0,20.0,Digital Wallet,Takeaway,2023-05-17,Spring
5000,TXN_2756336,Smoothie,3.0,4.0,12.0,Credit Card,Takeaway,2023-07-07,Summer
5001,TXN_9691873,Coffee,2.0,3.0,6.0,Digital Wallet,Takeaway,2023-02-15,Winter
5002,TXN_2466187,Coffee,2.0,2.0,4.0,Digital Wallet,Takeaway,2023-04-18,Spring
5004,TXN_7964520,Coffee,1.0,2.0,2.0,Digital Wallet,In-store,2023-03-26,Spring
5005,TXN_3185667,Tea,5.0,1.5,7.5,Digital Wallet,Takeaway,2023-12-26,Winter
5006,TXN_8167741,Smoothie,4.0,4.0,16.0,Digital Wallet,Takeaway,2023-09-09,Autumn
5007,TXN_1015883,Cookie,4.0,1.0,4.0,Cash,In-store,2023-10-16,Autumn
5008,TXN_8838566,Coffee,5.0,3.0,15.0,Digital Wallet,In-store,2023-07-25,Summer
5009,TXN_2423343,Tea,4.0,1.5,6.0,Digital Wallet,In-store,2023-09-25,Autumn
5010,TXN_1496038,Coffee,4.0,3.0,12.0,Digital Wallet,In-store,2023-12-22,Winter
5011,TXN_9484436,Salad,1.0,5.0,5.0,Credit Card,In-store,2023-01-20,Winter
5012,TXN_7670699,Coffee,1.0,3.0,3.0,Cash,In-store,2023-12-24,Winter
5013,TXN_7765640,Coffee,1.0,2.0,2.0,Credit Card,Takeaway,2023-07-07,Summer
5014,TXN_5412418,Coffee,3.0,3.0,9.0,Cash,Takeaway,2023-09-23,Autumn
5015,TXN_2053631,Salad,1.0,5.0,5.0,Credit Card,Takeaway,2023-03-21,Spring
5016,TXN_3632064,Cookie,5.0,1.0,5.0,Cash,Takeaway,2023-02-12,Winter
5017,TXN_4254587,Smoothie,1.0,4.0,4.0,Digital Wallet,Takeaway,2023-05-27,Spring
5018,TXN_9605972,Coffee,3.0,3.0,9.0,Digital Wallet,Takeaway,2023-09-30,Autumn
5019,TXN_1323030,Salad,4.0,5.0,20.0,Digital Wallet,In-store,2023-03-30,Spring
5020,TXN_7989903,Coffee,2.0,3.0,6.0,Cash,Takeaway,2023-06-19,Summer
5021,TXN_7423885,Coffee,4.0,3.0,12.0,Digital Wallet,Takeaway,2023-09-06,Autumn
5022,TXN_1495371,Smoothie,2.0,4.0,8.0,Credit Card,Takeaway,2023-07-21,Summer
5023,TXN_8934025,Cookie,2.0,1.0,2.0,Digital Wallet,Takeaway,2023-12-18,Winter
5024,TXN_7515290,Smoothie,3.0,4.0,12.0,Digital Wallet,Takeaway,2023-12-23,Winter
5025,TXN_3711520,Tea,1.0,1.5,1.5,Digital Wallet,In-store,2023-06-29,Summer
5026,TXN_3841683,Smoothie,1.0,4.0,4.0,Digital Wallet,In-store,2023-06-20,Summer
5027,TXN_9100530,Smoothie,3.0,4.0,12.0,Digital Wallet,Takeaway,2023-05-21,Spring
5028,TXN_3112013,Smoothie,5.0,4.0,20.0,Cash,In-store,2023-01-06,Winter
5029,TXN_7786787,Tea,1.0,1.5,1.5,Credit Card,Takeaway,2023-07-08,Summer
5030,TXN_7160196,Smoothie,1.0,4.0,4.0,Digital Wallet,In-store,2023-12-06,Winter
5031,TXN_4634894,Coffee,1.0,2.0,2.0,Digital Wallet,Takeaway,2023-12-09,Winter
5032,TXN_8214944,Tea,3.0,1.5,4.5,Credit Card,In-store,2023-11-18,Autumn
5033,TXN_1080377,Coffee,2.0,3.0,6.0,Digital Wallet,Takeaway,2023-04-08,Spring
5034,TXN_8566683,Smoothie,4.0,4.0,16.0,Cash,Takeaway,2023-08-09,Summer
5035,TXN_2784588,Coffee,2.0,3.0,6.0,Cash,Takeaway,2023-03-26,Spring
5036,TXN_6110769,Cookie,2.0,1.0,2.0,Digital Wallet,Takeaway,2023-03-02,Spring
5038,TXN_1637334,Tea,2.0,1.5,3.0,Credit Card,In-store,2023-08-09,Summer
5039,TXN_9514452,Coffee,5.0,2.0,10.0,Credit Card,Takeaway,2023-07-29,Summer
5040,TXN_8787350,Smoothie,5.0,4.0,20.0,Digital Wallet,Takeaway,2023-05-21,Spring
5041,TXN_7533675,Smoothie,3.0,4.0,12.0,Digital Wallet,In-store,2023-10-28,Autumn
5042,TXN_2264601,Tea,1.0,1.5,1.5,Digital Wallet,Takeaway,2023-01-21,Winter
5043,TXN_6024139,Coffee,4.0,3.0,12.0,Digital Wallet,Takeaway,2023-08-15,Summer
5044,TXN_9841397,Coffee,4.0,2.0,8.0,Cash,In-store,2023-12-28,Winter
5045,TXN_7302991,Smoothie,4.0,4.0,16.0,Digital Wallet,Takeaway,2023-04-05,Spring
5046,TXN_6093331,Smoothie,2.0,4.0,8.0,Credit Card,Takeaway,2023-06-24,Summer
5047,TXN_3087096,Tea,3.0,1.5,4.5,Cash,Takeaway,2023-08-19,Summer
5048,TXN_8324315,Salad,1.0,5.0,5.0,Digital Wallet,Takeaway,2023-08-07,Summer
5049,TXN_8933679,Salad,3.0,5.0,15.0,Digital Wallet,In-store,2023-09-24,Autumn
5050,TXN_3528653,Coffee,1.0,3.0,3.0,Digital Wallet,Takeaway,2023-02-26,Winter
5051,TXN_4256155,Coffee,5.0,3.0,15.0,Digital Wallet,Takeaway,2023-04-06,Spring
5052,TXN_7186675,Cookie,4.0,1.0,4.0,Cash,Takeaway,2023-11-09,Autumn
5053,TXN_5295223,Salad,5.0,5.0,25.0,Cash,In-store,2023-03-23,Spring
5054,TXN_8578861,Salad,5.0,5.0,25.0,Digital Wallet,In-store,2023-05-16,Spring
5055,TXN_8028042,Coffee,3.0,2.0,6.0,Digital Wallet,Takeaway,2023-04-05,Spring
5056,TXN_4021467,Coffee,2.0,2.0,4.0,Digital Wallet,Takeaway,2023-04-02,Spring
5057,TXN_4807037,Salad,5.0,5.0,25.0,Cash,In-store,2023-12-08,Winter
5058,TXN_3975938,Smoothie,3.0,4.0,12.0,Credit Card,Takeaway,2023-09-04,Autumn
5059,TXN_3312653,Cookie,5.0,1.0,5.0,Cash,Takeaway,2023-12-09,Winter
5060,TXN_1405498,Coffee,2.0,3.0,6.0,Digital Wallet,Takeaway,2023-12-31,Winter
5061,TXN_6571288,Smoothie,2.0,4.0,8.0,Credit Card,Takeaway,2023-10-23,Autumn
5062,TXN_7560210,Coffee,5.0,3.0,15.0,Digital Wallet,Takeaway,2023-02-21,Winter
5063,TXN_2905234,Cookie,1.0,1.0,1.0,Credit Card,Takeaway,2023-09-24,Autumn
5064,TXN_3630981,Coffee,2.0,2.0,4.0,Digital Wallet,In-store,2023-10-31,Autumn
5065,TXN_3339728,Coffee,5.0,3.0,15.0,Digital Wallet,In-store,2023-05-13,Spring
5066,TXN_3826298,Cookie,3.0,1.0,3.0,Digital Wallet,Takeaway,2023-11-28,Autumn
5067,TXN_7854306,Smoothie,1.0,4.0,4.0,Cash,In-store,2023-09-17,Autumn
5068,TXN_6034709,Coffee,2.0,2.0,4.0,Credit Card,Takeaway,2023-06-16,Summer
5069,TXN_3072565,Coffee,3.0,3.0,9.0,Credit Card,Takeaway,2023-07-09,Summer
5070,TXN_9544977,Cookie,4.0,1.0,4.0,Digital Wallet,In-store,2023-07-04,Summer
5072,TXN_8374101,Salad,5.0,5.0,25.0,Credit Card,Takeaway,2023-08-16,Summer
5073,TXN_5814878,Smoothie,2.0,4.0,8.0,Digital Wallet,Takeaway,2023-04-02,Spring
5074,TXN_2398895,Coffee,5.0,3.0,15.0,Digital Wallet,In-store,2023-04-04,Spring
5075,TXN_1205020,Tea,5.0,1.5,7.5,Cash,Takeaway,2023-10-03,Autumn
5077,TXN_1631377,Coffee,5.0,2.0,10.0,Digital Wallet,Takeaway,2023-06-07,Summer
5079,TXN_8116676,Coffee,2.0,3.0,6.0,Digital Wallet,Takeaway,2023-09-16,Autumn
5080,TXN_4116036,Salad,2.0,5.0,10.0,Credit Card,In-store,2023-01-22,Winter
5081,TXN_3172090,Coffee,1.0,3.0,3.0,Credit Card,Takeaway,2023-05-09,Spring
5082,TXN_5193568,Coffee,3.0,3.0,9.0,Cash,Takeaway,2023-12-10,Winter
5083,TXN_3725152,Coffee,5.0,2.0,10.0,Digital Wallet,Takeaway,2023-07-08,Summer
5084,TXN_8724711,Salad,3.0,5.0,15.0,Cash,In-store,2023-02-07,Winter
5085,TXN_9477344,Cookie,2.0,1.0,2.0,Credit Card,In-store,2023-09-30,Autumn
5086,TXN_5899361,Coffee,1.0,3.0,3.0,Credit Card,Takeaway,2023-08-08,Summer
5087,TXN_8261380,Coffee,3.0,3.0,9.0,Cash,In-store,2023-10-01,Autumn
5088,TXN_1188551,Coffee,2.0,2.0,4.0,Digital Wallet,Takeaway,2023-03-20,Spring
5089,TXN_1887250,Tea,3.0,1.5,4.5,Digital Wallet,Takeaway,2023-05-15,Spring
5090,TXN_4799873,Cookie,3.0,1.0,3.0,Digital Wallet,In-store,2023-03-04,Spring
5091,TXN_9691151,Coffee,4.0,2.0,8.0,Digital Wallet,In-store,2023-08-23,Summer
5092,TXN_3014261,Salad,4.0,5.0,20.0,Cash,In-store,2023-11-29,Autumn
5093,TXN_9987991,Smoothie,4.0,4.0,16.0,Credit Card,Takeaway,2023-02-21,Winter
5094,TXN_1093668,Coffee,2.0,2.0,4.0,Digital Wallet,Takeaway,2023-05-18,Spring
5095,TXN_8279966,Coffee,3.0,2.0,6.0,Cash,In-store,2023-08-24,Summer
5096,TXN_3977835,Tea,5.0,1.5,7.5,Digital Wallet,In-store,2023-05-06,Spring
5097,TXN_1758689,Smoothie,3.0,4.0,12.0,Cash,Takeaway,2023-02-17,Winter
5098,TXN_4312977,Coffee,1.0,3.0,3.0,Digital Wallet,In-store,2023-03-15,Spring
5099,TXN_6503526,Cookie,5.0,1.0,5.0,Credit Card,In-store,2023-10-20,Autumn
5100,TXN_8676485,Salad,2.0,5.0,10.0,Digital Wallet,In-store,2023-04-28,Spring
5101,TXN_7176851,Tea,4.0,1.5,6.0,Credit Card,Takeaway,2023-11-20,Autumn
5102,TXN_8695037,Smoothie,2.0,4.0,8.0,Digital Wallet,Takeaway,2023-01-24,Winter
5103,TXN_6632882,Smoothie,1.0,4.0,4.0,Digital Wallet,In-store,2023-04-30,Spring
5104,TXN_7775016,Smoothie,5.0,4.0,20.0,Cash,In-store,2023-09-27,Autumn
5105,TXN_2176024,Coffee,5.0,2.0,10.0,Digital Wallet,In-store,2023-02-03,Winter
5106,TXN_7051683,Coffee,3.0,3.0,9.0,Digital Wallet,In-store,2023-11-16,Autumn
5107,TXN_3670041,Smoothie,3.0,4.0,12.0,Digital Wallet,Takeaway,2023-03-22,Spring
5108,TXN_5124080,Cookie,1.0,1.0,1.0,Credit Card,In-store,2023-01-14,Winter
5109,TXN_3317649,Smoothie,3.0,4.0,12.0,Digital Wallet,Takeaway,2023-11-06,Autumn
5110,TXN_3953316,Cookie,2.0,1.0,2.0,Digital Wallet,Takeaway,2023-06-06,Summer
5111,TXN_6160209,Salad,3.0,5.0,15.0,Digital Wallet,In-store,2023-07-28,Summer
5112,TXN_7089316,Tea,2.0,1.5,3.0,Cash,In-store,2023-11-27,Autumn
5113,TXN_5421310,Coffee,4.0,2.0,8.0,Digital Wallet,In-store,2023-06-10,Summer
5114,TXN_9081409,Coffee,1.0,3.0,3.0,Credit Card,In-store,2023-06-16,Summer
5115,TXN_6850528,Cookie,3.0,1.0,3.0,Cash,In-store,2023-10-13,Autumn
5116,TXN_6900182,Smoothie,3.0,4.0,12.0,Cash,In-store,2023-09-10,Autumn
5117,TXN_2643748,Salad,3.0,5.0,15.0,Cash,Takeaway,2023-11-28,Autumn
5118,TXN_4858908,Coffee,2.0,3.0,6.0,Cash,In-store,2023-02-11,Winter
5119,TXN_8972137,Coffee,4.0,3.0,12.0,Credit Card,In-store,2023-05-15,Spring
5120,TXN_2828785,Smoothie,1.0,4.0,4.0,Digital Wallet,In-store,2023-01-24,Winter
5121,TXN_3489721,Coffee,3.0,2.0,6.0,Cash,Takeaway,2023-09-27,Autumn
5123,TXN_5223702,Smoothie,4.0,4.0,16.0,Credit Card,Takeaway,2023-06-23,Summer
5124,TXN_2788676,Cookie,2.0,1.0,2.0,Digital Wallet,Takeaway,2023-11-05,Autumn
5125,TXN_1643447,Coffee,1.0,3.0,3.0,Digital Wallet,Takeaway,2023-09-03,Autumn
5126,TXN_5172164,Tea,3.0,1.5,4.5,Digital Wallet,In-store,2023-09-13,Autumn
5127,TXN_2818867,Salad,3.0,5.0,15.0,Cash,Takeaway,2023-01-11,Winter
5128,TXN_1303984,Salad,4.0,5.0,20.0,Digital Wallet,Takeaway,2023-07-24,Summer
5129,TXN_3373078,Smoothie,4.0,4.0,16.0,Digital Wallet,In-store,2023-12-01,Winter
5130,TXN_3982146,Coffee,3.0,2.0,6.0,Digital Wallet,In-store,2023-07-09,Summer
5131,TXN_1185156,Smoothie,4.0,4.0,16.0,Digital Wallet,Takeaway,2023-03-23,Spring
5132,TXN_6720290,Smoothie,1.0,4.0,4.0,Digital Wallet,In-store,2023-01-25,Winter
5133,TXN_9365447,Tea,2.0,1.5,3.0,Cash,Takeaway,2023-12-10,Winter
5134,TXN_7701878,Smoothie,4.0,4.0,16.0,Credit Card,In-store,2023-08-11,Summer
5135,TXN_7677817,Coffee,1.0,2.0,2.0,Credit Card,Takeaway,2023-01-17,Winter
5136,TXN_9983530,Smoothie,3.0,4.0,12.0,Digital Wallet,Takeaway,2023-01-04,Winter
5137,TXN_4755934,Tea,2.0,1.5,3.0,Cash,Takeaway,2023-12-29,Winter
5138,TXN_2931198,Coffee,2.0,3.0,6.0,Credit Card,In-store,2023-04-21,Spring
5139,TXN_7426387,Smoothie,5.0,4.0,20.0,Cash,Takeaway,2023-10-30,Autumn
5140,TXN_3182547,Coffee,3.0,3.0,9.0,Digital Wallet,Takeaway,2023-07-28,Summer
5141,TXN_6980463,Salad,1.0,5.0,5.0,Digital Wallet,In-store,2023-09-03,Autumn
5142,TXN_6708165,Coffee,5.0,3.0,15.0,Digital Wallet,In-store,2023-10-19,Autumn
5143,TXN_4310629,Coffee,3.0,3.0,9.0,Credit Card,Takeaway,2023-10-02,Autumn
5144,TXN_4650611,Coffee,1.0,2.0,2.0,Credit Card,Takeaway,2023-10-14,Autumn
5145,TXN_7952232,Tea,4.0,1.5,6.0,Cash,Takeaway,2023-03-31,Spring
5146,TXN_1593691,Smoothie,2.0,4.0,8.0,Digital Wallet,Takeaway,2023-03-11,Spring
5148,TXN_3781198,Coffee,3.0,3.0,9.0,Digital Wallet,In-store,2023-11-04,Autumn
5149,TXN_3585464,Cookie,3.0,1.0,3.0,Digital Wallet,Takeaway,2023-09-12,Autumn
5150,TXN_8286164,Smoothie,1.0,4.0,4.0,Digital Wallet,In-store,2023-03-08,Spring
5151,TXN_8851113,Tea,3.0,1.5,4.5,Digital Wallet,Takeaway,2023-12-23,Winter
5152,TXN_9131136,Coffee,2.0,3.0,6.0,Credit Card,Takeaway,2023-03-20,Spring
5154,TXN_1449065,Salad,2.0,5.0,10.0,Cash,Takeaway,2023-10-03,Autumn
5155,TXN_1230311,Coffee,3.0,3.0,9.0,Digital Wallet,Takeaway,2023-08-14,Summer
5156,TXN_2325484,Salad,1.0,5.0,5.0,Digital Wallet,Takeaway,2023-08-16,Summer
5157,TXN_2647425,Coffee,4.0,3.0,12.0,Credit Card,Takeaway,2023-07-30,Summer
5158,TXN_5525916,Coffee,2.0,2.0,4.0,Cash,Takeaway,2023-03-02,Spring
5159,TXN_4297979,Coffee,1.0,2.0,2.0,Digital Wallet,In-store,2023-08-14,Summer
5160,TXN_1686323,Smoothie,4.0,4.0,16.0,Digital Wallet,In-store,2023-11-30,Autumn
5161,TXN_5373154,Coffee,3.0,3.0,9.0,Digital Wallet,Takeaway,2023-04-06,Spring
5162,TXN_6225571,Smoothie,2.0,4.0,8.0,Credit Card,Takeaway,2023-09-13,Autumn
5163,TXN_9772556,Coffee,5.0,2.0,10.0,Digital Wallet,Takeaway,2023-10-20,Autumn
5164,TXN_3033598,Smoothie,5.0,4.0,20.0,Cash,Takeaway,2023-03-12,Spring
5165,TXN_4382956,Tea,4.0,1.5,6.0,Credit Card,Takeaway,2023-11-16,Autumn
5166,TXN_8117583,Salad,1.0,5.0,5.0,Cash,In-store,2023-02-25,Winter
5167,TXN_1101527,Smoothie,5.0,4.0,20.0,Digital Wallet,Takeaway,2023-04-20,Spring
5168,TXN_2118759,Coffee,2.0,2.0,4.0,Digital Wallet,Takeaway,2023-08-07,Summer
5169,TXN_7603948,Coffee,3.0,3.0,9.0,Credit Card,Takeaway,2023-01-28,Winter
5170,TXN_5519424,Tea,2.0,1.5,3.0,Digital Wallet,Takeaway,2023-09-23,Autumn
5171,TXN_3483911,Salad,1.0,5.0,5.0,Digital Wallet,Takeaway,2023-07-10,Summer
5172,TXN_5447967,Smoothie,2.0,4.0,8.0,Credit Card,Takeaway,2023-06-06,Summer
5173,TXN_2893987,Coffee,4.0,3.0,12.0,Digital Wallet,Takeaway,2023-05-31,Spring
5174,TXN_5120215,Coffee,2.0,2.0,4.0,Digital Wallet,Takeaway,2023-10-29,Autumn
5175,TXN_4417257,Salad,5.0,5.0,25.0,Digital Wallet,Takeaway,2023-05-06,Spring
5176,TXN_2871592,Cookie,4.0,1.0,4.0,Cash,In-store,2023-08-07,Summer
5177,TXN_8283199,Coffee,3.0,3.0,9.0,Digital Wallet,Takeaway,2023-01-23,Winter
5178,TXN_1571874,Coffee,1.0,3.0,3.0,Digital Wallet,Takeaway,2023-07-10,Summer
5180,TXN_6534833,Salad,4.0,5.0,20.0,Digital Wallet,In-store,2023-12-14,Winter
5181,TXN_6027500,Smoothie,4.0,4.0,16.0,Digital Wallet,Takeaway,2023-09-22,Autumn
5182,TXN_7029944,Cookie,2.0,1.0,2.0,Cash,Takeaway,2023-04-17,Spring
5183,TXN_3075169,Smoothie,2.0,4.0,8.0,Credit Card,In-store,2023-06-25,Summer
5184,TXN_9791421,Smoothie,1.0,4.0,4.0,Cash,Takeaway,2023-07-15,Summer
5185,TXN_6359031,Coffee,1.0,2.0,2.0,Digital Wallet,Takeaway,2023-02-28,Winter
5186,TXN_8236432,Salad,1.0,5.0,5.0,Digital Wallet,Takeaway,2023-12-04,Winter
5187,TXN_7359566,Coffee,1.0,2.0,2.0,Cash,In-store,2023-04-06,Spring
5188,TXN_4813580,Smoothie,3.0,4.0,12.0,Digital Wallet,Takeaway,2023-04-15,Spring
5189,TXN_9940829,Smoothie,3.0,4.0,12.0,Digital Wallet,In-store,2023-04-04,Spring
5190,TXN_4583957,Cookie,2.0,1.0,2.0,Credit Card,Takeaway,2023-10-08,Autumn
5191,TXN_8187222,Coffee,4.0,2.0,8.0,Credit Card,Takeaway,2023-03-08,Spring
5192,TXN_1298084,Tea,2.0,1.5,3.0,Credit Card,Takeaway,2023-01-02,Winter
5193,TXN_4403699,Cookie,1.0,1.0,1.0,Credit Card,Takeaway,2023-08-19,Summer
5195,TXN_9005782,Tea,4.0,1.5,6.0,Digital Wallet,In-store,2023-06-18,Summer
5196,TXN_5083311,Smoothie,4.0,4.0,16.0,Digital Wallet,Takeaway,2023-04-30,Spring
5198,TXN_8847610,Coffee,3.0,3.0,9.0,Digital Wallet,Takeaway,2023-12-06,Winter
5199,TXN_9817102,Coffee,3.0,2.0,6.0,Credit Card,In-store,2023-02-22,Winter
5200,TXN_5566774,Tea,3.0,1.5,4.5,Digital Wallet,In-store,2023-03-29,Spring
5201,TXN_5555790,Tea,5.0,1.5,7.5,Credit Card,In-store,2023-02-19,Winter
5202,TXN_3575713,Tea,1.0,1.5,1.5,Cash,Takeaway,2023-02-18,Winter
5203,TXN_5811955,Salad,2.0,5.0,10.0,Credit Card,Takeaway,2023-06-29,Summer
5205,TXN_5406762,Salad,4.0,5.0,20.0,Credit Card,Takeaway,2023-09-12,Autumn
5206,TXN_3039985,Cookie,5.0,1.0,5.0,Digital Wallet,In-store,2023-04-08,Spring
5207,TXN_1424056,Smoothie,1.0,4.0,4.0,Cash,Takeaway,2023-07-31,Summer
5208,TXN_1193221,Tea,3.0,1.5,4.5,Credit Card,In-store,2023-10-21,Autumn
5209,TXN_8610501,Smoothie,5.0,4.0,20.0,Cash,Takeaway,2023-09-29,Autumn
5210,TXN_9587445,Coffee,4.0,2.0,8.0,Digital Wallet,In-store,2023-08-24,Summer
5211,TXN_3694901,Cookie,2.0,1.0,2.0,Digital Wallet,In-store,2023-08-16,Summer
5212,TXN_5749454,Coffee,4.0,3.0,12.0,Digital Wallet,Takeaway,2023-12-04,Winter
5213,TXN_8356048,Smoothie,5.0,4.0,20.0,Cash,Takeaway,2023-06-05,Summer
5214,TXN_3480278,Smoothie,4.0,4.0,16.0,Digital Wallet,In-store,2023-12-26,Winter
5215,TXN_9252414,Tea,1.0,1.5,1.5,Digital Wallet,In-store,2023-11-13,Autumn
5216,TXN_3010103,Smoothie,5.0,4.0,20.0,Digital Wallet,Takeaway,2023-02-14,Winter
5217,TXN_6699408,Cookie,5.0,1.0,5.0,Cash,Takeaway,2023-12-22,Winter
5218,TXN_6400351,Coffee,2.0,3.0,6.0,Digital Wallet,Takeaway,2023-08-11,Summer
5219,TXN_1559512,Coffee,5.0,3.0,15.0,Credit Card,Takeaway,2023-11-28,Autumn
5220,TXN_6091543,Coffee,3.0,2.0,6.0,Digital Wallet,In-store,2023-07-04,Summer
5221,TXN_2842641,Coffee,1.0,3.0,3.0,Digital Wallet,In-store,2023-06-11,Summer
5222,TXN_8875043,Salad,4.0,5.0,20.0,Digital Wallet,Takeaway,2023-02-21,Winter
5223,TXN_8212783,Salad,3.0,5.0,15.0,Credit Card,In-store,2023-03-30,Spring
5225,TXN_7343062,Smoothie,5.0,4.0,20.0,Digital Wallet,In-store,2023-08-11,Summer
5226,TXN_2535099,Smoothie,5.0,4.0,20.0,Credit Card,In-store,2023-02-10,Winter
5227,TXN_2951148,Smoothie,4.0,4.0,16.0,Cash,In-store,2023-02-21,Winter
5228,TXN_1294101,Tea,5.0,1.5,7.5,Digital Wallet,Takeaway,2023-03-31,Spring
5229,TXN_5579227,Smoothie,4.0,4.0,16.0,Digital Wallet,Takeaway,2023-06-22,Summer
5230,TXN_8534360,Coffee,5.0,3.0,15.0,Digital Wallet,Takeaway,2023-02-15,Winter
5231,TXN_4336247,Coffee,5.0,2.0,10.0,Digital Wallet,Takeaway,2023-03-03,Spring
5232,TXN_7101384,Coffee,1.0,2.0,2.0,Digital Wallet,Takeaway,2023-04-23,Spring
5233,TXN_1356599,Cookie,2.0,1.0,2.0,Cash,Takeaway,2023-12-14,Winter
5234,TXN_4568452,Cookie,3.0,1.0,3.0,Digital Wallet,In-store,2023-01-14,Winter
5235,TXN_5036856,Coffee,5.0,2.0,10.0,Cash,In-store,2023-03-27,Spring
5237,TXN_5167925,Coffee,1.0,3.0,3.0,Digital Wallet,Takeaway,2023-09-11,Autumn
5238,TXN_1345440,Salad,5.0,5.0,25.0,Cash,Takeaway,2023-06-20,Summer
5239,TXN_8043218,Salad,2.0,5.0,10.0,Cash,In-store,2023-10-23,Autumn
5240,TXN_4026277,Tea,3.0,1.5,4.5,Digital Wallet,In-store,2023-08-27,Summer
5241,TXN_4991731,Tea,1.0,1.5,1.5,Digital Wallet,Takeaway,2023-11-07,Autumn
5242,TXN_6196052,Smoothie,5.0,4.0,20.0,Cash,Takeaway,2023-04-07,Spring
5243,TXN_9563024,Cookie,3.0,1.0,3.0,Digital Wallet,In-store,2023-09-27,Autumn
5244,TXN_8326905,Coffee,5.0,2.0,10.0,Digital Wallet,Takeaway,2023-03-10,Spring
5245,TXN_3474333,Coffee,3.0,3.0,9.0,Credit Card,Takeaway,2023-01-13,Winter
5246,TXN_9918597,Smoothie,4.0,4.0,16.0,Digital Wallet,In-store,2023-10-17,Autumn
5247,TXN_3460926,Coffee,3.0,3.0,9.0,Digital Wallet,Takeaway,2023-03-25,Spring
5248,TXN_2671272,Smoothie,1.0,4.0,4.0,Digital Wallet,Takeaway,2023-02-13,Winter
5249,TXN_8437157,Smoothie,4.0,4.0,16.0,Credit Card,Takeaway,2023-02-09,Winter
5250,TXN_3401287,Smoothie,3.0,4.0,12.0,Cash,Takeaway,2023-02-12,Winter
5251,TXN_7309365,Coffee,2.0,3.0,6.0,Cash,Takeaway,2023-08-31,Summer
5252,TXN_2175096,Tea,1.0,1.5,1.5,Digital Wallet,In-store,2023-02-25,Winter
5253,TXN_8872997,Smoothie,4.0,4.0,16.0,Credit Card,In-store,2023-01-31,Winter
5254,TXN_8425085,Coffee,1.0,3.0,3.0,Credit Card,Takeaway,2023-12-23,Winter
5255,TXN_3237919,Smoothie,1.0,4.0,4.0,Digital Wallet,Takeaway,2023-02-04,Winter
5256,TXN_4713643,Coffee,5.0,2.0,10.0,Digital Wallet,Takeaway,2023-08-10,Summer
5257,TXN_4806003,Cookie,5.0,1.0,5.0,Credit Card,Takeaway,2023-08-06,Summer
5258,TXN_9089797,Coffee,1.0,2.0,2.0,Credit Card,Takeaway,2023-09-19,Autumn
5259,TXN_5449092,Coffee,4.0,3.0,12.0,Digital Wallet,Takeaway,2023-06-11,Summer
5260,TXN_6097144,Coffee,5.0,3.0,15.0,Digital Wallet,Takeaway,2023-01-27,Winter
5261,TXN_6483589,Coffee,3.0,3.0,9.0,Digital Wallet,Takeaway,2023-10-13,Autumn
5262,TXN_8516055,Smoothie,5.0,4.0,20.0,Credit Card,Takeaway,2023-04-17,Spring
5263,TXN_5430694,Salad,5.0,5.0,25.0,Digital Wallet,Takeaway,2023-08-24,Summer
5265,TXN_2078232,Tea,1.0,1.5,1.5,Digital Wallet,Takeaway,2023-06-11,Summer
5266,TXN_7551689,Cookie,5.0,1.0,5.0,Cash,Takeaway,2023-09-16,Autumn
5267,TXN_8408103,Smoothie,5.0,4.0,20.0,Digital Wallet,Takeaway,2023-06-01,Summer
5268,TXN_5862795,Salad,2.0,5.0,10.0,Digital Wallet,Takeaway,2023-02-25,Winter
5269,TXN_9348801,Coffee,1.0,3.0,3.0,Digital Wallet,Takeaway,2023-11-29,Autumn
5270,TXN_8688565,Smoothie,5.0,4.0,20.0,Digital Wallet,Takeaway,2023-05-23,Spring
5271,TXN_3067195,Salad,3.0,5.0,15.0,Cash,Takeaway,2023-12-03,Winter
5272,TXN_2710603,Smoothie,5.0,4.0,20.0,Digital Wallet,Takeaway,2023-02-02,Winter
5273,TXN_8978004,Coffee,2.0,2.0,4.0,Digital Wallet,In-store,2023-04-01,Spring
5274,TXN_9679889,Smoothie,3.0,4.0,12.0,Credit Card,In-store,2023-06-18,Summer
5275,TXN_9818163,Tea,2.0,1.5,3.0,Digital Wallet,Takeaway,2023-10-23,Autumn
5276,TXN_7010020,Coffee,5.0,3.0,15.0,Digital Wallet,In-store,2023-08-07,Summer
5277,TXN_1712662,Coffee,2.0,3.0,6.0,Cash,Takeaway,2023-05-31,Spring
5278,TXN_4077799,Coffee,4.0,3.0,12.0,Digital Wallet,Takeaway,2023-08-12,Summer
5279,TXN_8225571,Tea,4.0,1.5,6.0,Digital Wallet,Takeaway,2023-01-17,Winter
5280,TXN_3103520,Coffee,3.0,3.0,9.0,Digital Wallet,Takeaway,2023-09-04,Autumn
5281,TXN_2084080,Cookie,4.0,1.0,4.0,Digital Wallet,Takeaway,2023-09-22,Autumn
5283,TXN_8046057,Coffee,1.0,2.0,2.0,Credit Card,In-store,2023-11-24,Autumn
5284,TXN_5832968,Salad,5.0,5.0,25.0,Digital Wallet,Takeaway,2023-06-05,Summer
5286,TXN_3752448,Coffee,5.0,3.0,15.0,Digital Wallet,Takeaway,2023-05-16,Spring
5287,TXN_3842881,Salad,5.0,5.0,25.0,Digital Wallet,Takeaway,2023-01-25,Winter
5288,TXN_4060160,Coffee,4.0,2.0,8.0,Digital Wallet,In-store,2023-07-05,Summer
5289,TXN_3847405,Smoothie,1.0,4.0,4.0,Digital Wallet,Takeaway,2023-06-15,Summer
5290,TXN_5103644,Coffee,4.0,3.0,12.0,Credit Card,Takeaway,2023-04-17,Spring
5291,TXN_6846020,Coffee,5.0,3.0,15.0,Digital Wallet,Takeaway,2023-05-03,Spring
5293,TXN_4758849,Coffee,2.0,3.0,6.0,Digital Wallet,Takeaway,2023-06-23,Summer
5294,TXN_1034651,Smoothie,3.0,4.0,12.0,Digital Wallet,Takeaway,2023-07-06,Summer
5295,TXN_4128921,Salad,4.0,5.0,20.0,Digital Wallet,Takeaway,2023-09-11,Autumn
5296,TXN_8925566,Tea,2.0,1.5,3.0,Digital Wallet,In-store,2023-08-07,Summer
5297,TXN_1679800,Smoothie,4.0,4.0,16.0,Cash,In-store,2023-10-17,Autumn
5298,TXN_3785678,Tea,1.0,1.5,1.5,Credit Card,Takeaway,2023-03-13,Spring
5299,TXN_1056256,Coffee,4.0,3.0,12.0,Digital Wallet,In-store,2023-12-04,Winter
5300,TXN_8712303,Coffee,2.0,3.0,6.0,Credit Card,Takeaway,2023-08-14,Summer
5301,TXN_2289122,Smoothie,4.0,4.0,16.0,Cash,In-store,2023-08-20,Summer
5302,TXN_2988434,Coffee,1.0,3.0,3.0,Digital Wallet,In-store,2023-12-09,Winter
5303,TXN_1197536,Salad,3.0,5.0,15.0,Digital Wallet,Takeaway,2023-10-02,Autumn
5304,TXN_7327362,Coffee,5.0,2.0,10.0,Credit Card,In-store,2023-06-29,Summer
5305,TXN_5628251,Coffee,4.0,3.0,12.0,Credit Card,Takeaway,2023-11-14,Autumn
5306,TXN_2687748,Coffee,3.0,3.0,9.0,Digital Wallet,Takeaway,2023-02-26,Winter
5307,TXN_8309656,Smoothie,3.0,4.0,12.0,Digital Wallet,Takeaway,2023-01-04,Winter
5308,TXN_7597276,Smoothie,4.0,4.0,16.0,Digital Wallet,Takeaway,2023-05-01,Spring
5309,TXN_4360906,Smoothie,2.0,4.0,8.0,Digital Wallet,In-store,2023-06-11,Summer
5310,TXN_6000890,Coffee,3.0,2.0,6.0,Digital Wallet,In-store,2023-01-06,Winter
5311,TXN_8917565,Coffee,1.0,2.0,2.0,Cash,Takeaway,2023-11-19,Autumn
5312,TXN_6264113,Coffee,4.0,2.0,8.0,Digital Wallet,Takeaway,2023-12-02,Winter
5313,TXN_3603434,Coffee,5.0,2.0,10.0,Digital Wallet,In-store,2023-01-05,Winter
5314,TXN_7976129,Coffee,3.0,3.0,9.0,Digital Wallet,In-store,2023-03-03,Spring
5315,TXN_7420434,Coffee,4.0,2.0,8.0,Credit Card,Takeaway,2023-07-16,Summer
5316,TXN_5818852,Coffee,2.0,3.0,6.0,Digital Wallet,Takeaway,2023-03-04,Spring
5317,TXN_9976598,Coffee,4.0,3.0,12.0,Digital Wallet,Takeaway,2023-01-10,Winter
5318,TXN_1556046,Smoothie,4.0,4.0,16.0,Credit Card,Takeaway,2023-04-09,Spring
5319,TXN_7129511,Coffee,5.0,2.0,10.0,Cash,Takeaway,2023-10-29,Autumn
5320,TXN_6324434,Coffee,4.0,2.0,8.0,Cash,Takeaway,2023-12-04,Winter
5321,TXN_2380352,Tea,3.0,1.5,4.5,Digital Wallet,Takeaway,2023-11-03,Autumn
5322,TXN_6455325,Coffee,4.0,3.0,12.0,Credit Card,In-store,2023-01-05,Winter
5323,TXN_6682253,Tea,5.0,1.5,7.5,Cash,In-store,2023-02-17,Winter
5324,TXN_8220657,Tea,2.0,1.5,3.0,Cash,Takeaway,2023-08-13,Summer
5325,TXN_7819240,Smoothie,5.0,4.0,20.0,Cash,In-store,2023-03-06,Spring
5326,TXN_4451380,Cookie,3.0,1.0,3.0,Digital Wallet,In-store,2023-07-10,Summer
5327,TXN_2482298,Salad,2.0,5.0,10.0,Digital Wallet,Takeaway,2023-06-15,Summer
5328,TXN_2606750,Tea,3.0,1.5,4.5,Cash,Takeaway,2023-06-20,Summer
5329,TXN_4493874,Cookie,5.0,1.0,5.0,Digital Wallet,In-store,2023-11-19,Autumn
5330,TXN_2705302,Salad,2.0,5.0,10.0,Credit Card,Takeaway,2023-01-18,Winter
5331,TXN_3706167,Smoothie,5.0,4.0,20.0,Digital Wallet,Takeaway,2023-10-02,Autumn
5332,TXN_7414587,Tea,3.0,1.5,4.5,Cash,Takeaway,2023-03-22,Spring
5333,TXN_3360649,Cookie,2.0,1.0,2.0,Digital Wallet,Takeaway,2023-09-10,Autumn
5334,TXN_6132245,Salad,2.0,5.0,10.0,Digital Wallet,Takeaway,2023-06-01,Summer
5335,TXN_2633322,Salad,4.0,5.0,20.0,Digital Wallet,Takeaway,2023-01-15,Winter
5336,TXN_9910333,Coffee,2.0,3.0,6.0,Digital Wallet,In-store,2023-09-15,Autumn
5337,TXN_7321479,Coffee,1.0,3.0,3.0,Digital Wallet,Takeaway,2023-10-31,Autumn
5338,TXN_4315166,Smoothie,2.0,4.0,8.0,Digital Wallet,Takeaway,2023-06-10,Summer
5339,TXN_7843112,Cookie,4.0,1.0,4.0,Digital Wallet,Takeaway,2023-01-25,Winter
5340,TXN_2879791,Smoothie,1.0,4.0,4.0,Digital Wallet,Takeaway,2023-07-10,Summer
5341,TXN_2503128,Coffee,1.0,3.0,3.0,Cash,In-store,2023-01-12,Winter
5342,TXN_3091574,Cookie,5.0,1.0,5.0,Digital Wallet,In-store,2023-07-29,Summer
5343,TXN_2371763,Smoothie,4.0,4.0,16.0,Cash,Takeaway,2023-05-17,Spring
5344,TXN_5726114,Smoothie,3.0,4.0,12.0,Digital Wallet,Takeaway,2023-07-14,Summer
5345,TXN_1079844,Salad,2.0,5.0,10.0,Digital Wallet,Takeaway,2023-10-27,Autumn
5347,TXN_1633337,Salad,5.0,5.0,25.0,Credit Card,Takeaway,2023-06-29,Summer
5348,TXN_5222176,Cookie,4.0,1.0,4.0,Digital Wallet,In-store,2023-01-11,Winter
5349,TXN_7480940,Coffee,2.0,2.0,4.0,Cash,In-store,2023-01-25,Winter
5350,TXN_2437508,Salad,2.0,5.0,10.0,Digital Wallet,Takeaway,2023-11-20,Autumn
5352,TXN_5036614,Smoothie,4.0,4.0,16.0,Digital Wallet,In-store,2023-10-10,Autumn
5353,TXN_9731164,Salad,1.0,5.0,5.0,Cash,Takeaway,2023-12-07,Winter
5354,TXN_1417291,Coffee,4.0,3.0,12.0,Digital Wallet,In-store,2023-05-11,Spring
5355,TXN_9792093,Smoothie,1.0,4.0,4.0,Digital Wallet,In-store,2023-09-28,Autumn
5356,TXN_9989239,Tea,5.0,1.5,7.5,Digital Wallet,In-store,2023-04-28,Spring
5357,TXN_6055570,Tea,3.0,1.5,4.5,Cash,Takeaway,2023-02-06,Winter
5358,TXN_1231531,Coffee,5.0,2.0,10.0,Digital Wallet,In-store,2023-07-24,Summer
5359,TXN_8843108,Coffee,5.0,3.0,15.0,Digital Wallet,Takeaway,2023-07-18,Summer
5360,TXN_4643305,Cookie,4.0,1.0,4.0,Digital Wallet,Takeaway,2023-04-12,Spring
5361,TXN_8754977,Smoothie,3.0,4.0,12.0,Digital Wallet,In-store,2023-10-24,Autumn
5362,TXN_2052060,Smoothie,3.0,4.0,12.0,Cash,Takeaway,2023-11-07,Autumn
5363,TXN_1275124,Coffee,3.0,2.0,6.0,Digital Wallet,Takeaway,2023-06-21,Summer
5364,TXN_3534536,Coffee,1.0,2.0,2.0,Credit Card,Takeaway,2023-02-02,Winter
5365,TXN_1779679,Coffee,5.0,2.0,10.0,Digital Wallet,In-store,2023-01-06,Winter
5366,TXN_4583908,Smoothie,1.0,4.0,4.0,Digital Wallet,Takeaway,2023-06-04,Summer
5367,TXN_6379692,Cookie,5.0,1.0,5.0,Digital Wallet,Takeaway,2023-11-05,Autumn
5368,TXN_3999862,Tea,4.0,1.5,6.0,Digital Wallet,In-store,2023-07-11,Summer
5369,TXN_7694326,Coffee,5.0,2.0,10.0,Digital Wallet,Takeaway,2023-02-19,Winter
5370,TXN_1171080,Smoothie,3.0,4.0,12.0,Credit Card,Takeaway,2023-07-29,Summer
5371,TXN_5658895,Coffee,2.0,3.0,6.0,Cash,Takeaway,2023-09-21,Autumn
5372,TXN_7704680,Salad,2.0,5.0,10.0,Credit Card,Takeaway,2023-08-06,Summer
5373,TXN_6395070,Smoothie,4.0,4.0,16.0,Credit Card,Takeaway,2023-12-10,Winter
5374,TXN_9576454,Coffee,1.0,3.0,3.0,Credit Card,In-store,2023-09-23,Autumn
5375,TXN_7907259,Coffee,1.0,3.0,3.0,Digital Wallet,Takeaway,2023-10-19,Autumn
5376,TXN_4487345,Smoothie,3.0,4.0,12.0,Digital Wallet,In-store,2023-05-10,Spring
5377,TXN_5929341,Coffee,2.0,3.0,6.0,Digital Wallet,Takeaway,2023-05-12,Spring
5378,TXN_6021173,Coffee,5.0,3.0,15.0,Cash,Takeaway,2023-12-16,Winter
5379,TXN_6272473,Coffee,4.0,2.0,8.0,Cash,Takeaway,2023-03-06,Spring
5380,TXN_5243032,Cookie,1.0,1.0,1.0,Cash,Takeaway,2023-08-24,Summer
5381,TXN_5863411,Cookie,3.0,1.0,3.0,Digital Wallet,In-store,2023-09-21,Autumn
5382,TXN_4087571,Cookie,2.0,1.0,2.0,Digital Wallet,Takeaway,2023-11-24,Autumn
5383,TXN_7680197,Cookie,5.0,1.0,5.0,Cash,Takeaway,2023-09-23,Autumn
5384,TXN_8773639,Coffee,3.0,2.0,6.0,Digital Wallet,Takeaway,2023-02-20,Winter
5385,TXN_5960979,Coffee,5.0,2.0,10.0,Digital Wallet,In-store,2023-05-03,Spring
5386,TXN_7894534,Tea,3.0,1.5,4.5,Credit Card,In-store,2023-03-16,Spring
5387,TXN_4890770,Coffee,4.0,2.0,8.0,Digital Wallet,Takeaway,2023-10-12,Autumn
5388,TXN_6079741,Cookie,4.0,1.0,4.0,Digital Wallet,Takeaway,2023-01-02,Winter
5389,TXN_4612930,Coffee,2.0,3.0,6.0,Digital Wallet,Takeaway,2023-08-13,Summer
5390,TXN_1124311,Cookie,1.0,1.0,1.0,Cash,Takeaway,2023-05-05,Spring
5391,TXN_6380636,Coffee,5.0,2.0,10.0,Digital Wallet,Takeaway,2023-01-10,Winter
5392,TXN_5720183,Cookie,5.0,1.0,5.0,Credit Card,Takeaway,2023-05-30,Spring
5393,TXN_6382322,Tea,3.0,1.5,4.5,Digital Wallet,In-store,2023-12-14,Winter
5394,TXN_8119542,Cookie,2.0,1.0,2.0,Digital Wallet,Takeaway,2023-12-12,Winter
5395,TXN_1674042,Coffee,5.0,2.0,10.0,Digital Wallet,Takeaway,2023-09-19,Autumn
5396,TXN_8398809,Tea,2.0,1.5,3.0,Digital Wallet,Takeaway,2023-11-25,Autumn
5397,TXN_7728415,Tea,5.0,1.5,7.5,Credit Card,In-store,2023-12-28,Winter
5398,TXN_5285171,Smoothie,5.0,4.0,20.0,Cash,Takeaway,2023-12-11,Winter
5399,TXN_2527007,Smoothie,1.0,4.0,4.0,Digital Wallet,Takeaway,2023-10-22,Autumn
5400,TXN_8331542,Salad,4.0,5.0,20.0,Digital Wallet,In-store,2023-12-23,Winter
5401,TXN_2999220,Smoothie,4.0,4.0,16.0,Digital Wallet,Takeaway,2023-02-23,Winter
5402,TXN_5108188,Coffee,2.0,3.0,6.0,Digital Wallet,Takeaway,2023-08-25,Summer
5403,TXN_6680963,Smoothie,2.0,4.0,8.0,Credit Card,Takeaway,2023-08-01,Summer
5404,TXN_2308317,Coffee,2.0,2.0,4.0,Digital Wallet,Takeaway,2023-11-13,Autumn
5405,TXN_8811902,Tea,5.0,1.5,7.5,Credit Card,Takeaway,2023-08-07,Summer
5406,TXN_7349134,Smoothie,1.0,4.0,4.0,Credit Card,In-store,2023-05-28,Spring
5407,TXN_1467546,Cookie,3.0,1.0,3.0,Digital Wallet,Takeaway,2023-07-20,Summer
5408,TXN_2276722,Salad,2.0,5.0,10.0,Cash,Takeaway,2023-12-21,Winter
5409,TXN_2519044,Salad,5.0,5.0,25.0,Digital Wallet,Takeaway,2023-05-20,Spring
5410,TXN_2851147,Salad,2.0,5.0,10.0,Digital Wallet,In-store,2023-06-24,Summer
5411,TXN_3349404,Coffee,3.0,2.0,6.0,Digital Wallet,Takeaway,2023-01-31,Winter
5412,TXN_7939011,Coffee,5.0,3.0,15.0,Digital Wallet,In-store,2023-04-07,Spring
5413,TXN_3877580,Salad,2.0,5.0,10.0,Digital Wallet,Takeaway,2023-05-30,Spring
5414,TXN_5220523,Coffee,3.0,3.0,9.0,Cash,Takeaway,2023-01-30,Winter
5415,TXN_5934526,Coffee,5.0,2.0,10.0,Credit Card,In-store,2023-05-27,Spring
5416,TXN_8935939,Tea,3.0,1.5,4.5,Digital Wallet,Takeaway,2023-03-27,Spring
5417,TXN_3586935,Salad,5.0,5.0,25.0,Cash,Takeaway,2023-05-21,Spring
5418,TXN_1781777,Salad,3.0,5.0,15.0,Credit Card,Takeaway,2023-10-26,Autumn
5420,TXN_1707251,Smoothie,2.0,4.0,8.0,Digital Wallet,Takeaway,2023-10-06,Autumn
5421,TXN_4493878,Coffee,5.0,2.0,10.0,Credit Card,In-store,2023-03-11,Spring
5422,TXN_2446874,Coffee,4.0,3.0,12.0,Credit Card,Takeaway,2023-07-22,Summer
5423,TXN_5747859,Coffee,1.0,3.0,3.0,Credit Card,Takeaway,2023-03-13,Spring
5424,TXN_8172333,Cookie,4.0,1.0,4.0,Credit Card,Takeaway,2023-12-25,Winter
5425,TXN_8600523,Tea,3.0,1.5,4.5,Digital Wallet,Takeaway,2023-12-29,Winter
5426,TXN_7471753,Smoothie,5.0,4.0,20.0,Cash,In-store,2023-03-13,Spring
5427,TXN_3884527,Smoothie,1.0,4.0,4.0,Digital Wallet,In-store,2023-06-06,Summer
5428,TXN_9072517,Smoothie,2.0,4.0,8.0,Credit Card,Takeaway,2023-01-09,Winter
5429,TXN_4378200,Tea,5.0,1.5,7.5,Credit Card,In-store,2023-09-04,Autumn
5430,TXN_3918998,Coffee,5.0,2.0,10.0,Digital Wallet,Takeaway,2023-12-18,Winter
5431,TXN_7674694,Tea,2.0,1.5,3.0,Digital Wallet,Takeaway,2023-03-30,Spring
5432,TXN_3875049,Tea,2.0,1.5,3.0,Digital Wallet,Takeaway,2023-09-15,Autumn
5433,TXN_5400266,Tea,3.0,1.5,4.5,Digital Wallet,Takeaway,2023-06-14,Summer
5434,TXN_2402978,Cookie,3.0,1.0,3.0,Credit Card,In-store,2023-01-21,Winter
5435,TXN_6188306,Salad,1.0,5.0,5.0,Digital Wallet,Takeaway,2023-10-26,Autumn
5436,TXN_1148874,Cookie,1.0,1.0,1.0,Credit Card,In-store,2023-09-18,Autumn
5437,TXN_1888708,Smoothie,4.0,4.0,16.0,Cash,Takeaway,2023-08-17,Summer
5438,TXN_8842592,Cookie,5.0,1.0,5.0,Digital Wallet,Takeaway,2023-07-10,Summer
5439,TXN_2761204,Coffee,3.0,3.0,9.0,Cash,Takeaway,2023-07-14,Summer
5440,TXN_9038745,Smoothie,3.0,4.0,12.0,Digital Wallet,Takeaway,2023-06-25,Summer
5441,TXN_1374424,Smoothie,5.0,4.0,20.0,Digital Wallet,Takeaway,2023-04-24,Spring
5442,TXN_7205840,Salad,3.0,5.0,15.0,Digital Wallet,Takeaway,2023-03-05,Spring
5443,TXN_7714378,Smoothie,2.0,4.0,8.0,Cash,Takeaway,2023-08-10,Summer
5444,TXN_7732813,Tea,2.0,1.5,3.0,Credit Card,Takeaway,2023-07-16,Summer
5445,TXN_6718205,Smoothie,2.0,4.0,8.0,Digital Wallet,Takeaway,2023-06-30,Summer
5447,TXN_6899576,Salad,2.0,5.0,10.0,Digital Wallet,Takeaway,2023-10-26,Autumn
5448,TXN_2761003,Smoothie,2.0,4.0,8.0,Digital Wallet,In-store,2023-11-08,Autumn
5449,TXN_6929413,Tea,1.0,1.5,1.5,Digital Wallet,Takeaway,2023-10-13,Autumn
5450,TXN_2350703,Coffee,4.0,3.0,12.0,Cash,In-store,2023-08-20,Summer
5451,TXN_1948437,Smoothie,2.0,4.0,8.0,Digital Wallet,Takeaway,2023-11-03,Autumn
5452,TXN_5901887,Smoothie,4.0,4.0,16.0,Digital Wallet,Takeaway,2023-08-31,Summer
5453,TXN_1072232,Smoothie,1.0,4.0,4.0,Digital Wallet,In-store,2023-01-07,Winter
5454,TXN_7469771,Coffee,5.0,3.0,15.0,Digital Wallet,Takeaway,2023-12-09,Winter
5455,TXN_7139053,Salad,4.0,5.0,20.0,Digital Wallet,Takeaway,2023-09-12,Autumn
5456,TXN_6028915,Smoothie,5.0,4.0,20.0,Cash,In-store,2023-12-24,Winter
5457,TXN_3622194,Coffee,1.0,3.0,3.0,Digital Wallet,Takeaway,2023-06-26,Summer
5458,TXN_6431215,Coffee,1.0,3.0,3.0,Digital Wallet,Takeaway,2023-08-27,Summer
5459,TXN_4385240,Cookie,4.0,1.0,4.0,Cash,Takeaway,2023-02-10,Winter
5460,TXN_3840523,Smoothie,2.0,4.0,8.0,Credit Card,Takeaway,2023-12-27,Winter
5461,TXN_5697778,Coffee,3.0,3.0,9.0,Cash,Takeaway,2023-03-08,Spring
5462,TXN_1749299,Smoothie,2.0,4.0,8.0,Digital Wallet,Takeaway,2023-10-28,Autumn
5463,TXN_6806024,Coffee,2.0,3.0,6.0,Credit Card,In-store,2023-04-14,Spring
5464,TXN_8352365,Coffee,5.0,2.0,10.0,Digital Wallet,Takeaway,2023-08-10,Summer
5465,TXN_7143535,Cookie,2.0,1.0,2.0,Digital Wallet,Takeaway,2023-05-21,Spring
5466,TXN_5090839,Smoothie,5.0,4.0,20.0,Cash,Takeaway,2023-03-06,Spring
5467,TXN_5743619,Salad,5.0,5.0,25.0,Digital Wallet,Takeaway,2023-11-07,Autumn
5468,TXN_8785432,Cookie,2.0,1.0,2.0,Cash,Takeaway,2023-08-14,Summer
5469,TXN_1086324,Coffee,3.0,3.0,9.0,Digital Wallet,In-store,2023-11-25,Autumn
5472,TXN_8211146,Smoothie,5.0,4.0,20.0,Digital Wallet,Takeaway,2023-04-30,Spring
5473,TXN_5826333,Cookie,1.0,1.0,1.0,Cash,Takeaway,2023-05-14,Spring
5474,TXN_1555314,Smoothie,1.0,4.0,4.0,Digital Wallet,Takeaway,2023-02-25,Winter
5475,TXN_4611673,Smoothie,5.0,4.0,20.0,Digital Wallet,Takeaway,2023-03-05,Spring
5476,TXN_8839045,Coffee,2.0,3.0,6.0,Digital Wallet,In-store,2023-06-13,Summer
5477,TXN_5183249,Smoothie,1.0,4.0,4.0,Digital Wallet,In-store,2023-07-02,Summer
5478,TXN_5104848,Tea,2.0,1.5,3.0,Digital Wallet,Takeaway,2023-01-22,Winter
5479,TXN_9943917,Smoothie,3.0,4.0,12.0,Credit Card,In-store,2023-01-16,Winter
5480,TXN_2490461,Salad,4.0,5.0,20.0,Digital Wallet,Takeaway,2023-09-22,Autumn
5481,TXN_5852244,Coffee,2.0,3.0,6.0,Credit Card,Takeaway,2023-10-15,Autumn
5482,TXN_9874775,Tea,1.0,1.5,1.5,Cash,Takeaway,2023-09-02,Autumn
5483,TXN_2586215,Coffee,2.0,3.0,6.0,Digital Wallet,Takeaway,2023-03-23,Spring
5484,TXN_7704229,Coffee,4.0,2.0,8.0,Cash,Takeaway,2023-07-15,Summer
5485,TXN_5444860,Tea,2.0,1.5,3.0,Digital Wallet,Takeaway,2023-04-28,Spring
5486,TXN_9391494,Coffee,1.0,2.0,2.0,Digital Wallet,Takeaway,2023-12-17,Winter
5487,TXN_3557583,Smoothie,5.0,4.0,20.0,Credit Card,Takeaway,2023-07-26,Summer
5488,TXN_8739878,Coffee,1.0,3.0,3.0,Digital Wallet,Takeaway,2023-09-27,Autumn
5489,TXN_5386352,Smoothie,1.0,4.0,4.0,Credit Card,Takeaway,2023-01-18,Winter
5490,TXN_8321887,Cookie,5.0,1.0,5.0,Digital Wallet,Takeaway,2023-03-21,Spring
5491,TXN_3995266,Smoothie,1.0,4.0,4.0,Credit Card,In-store,2023-04-21,Spring
5492,TXN_7326974,Coffee,4.0,3.0,12.0,Credit Card,Takeaway,2023-12-31,Winter
5493,TXN_7277750,Coffee,2.0,3.0,6.0,Digital Wallet,Takeaway,2023-09-29,Autumn
5494,TXN_8075323,Smoothie,1.0,4.0,4.0,Digital Wallet,Takeaway,2023-04-18,Spring
5495,TXN_4831345,Smoothie,5.0,4.0,20.0,Digital Wallet,In-store,2023-05-10,Spring
5497,TXN_1456374,Cookie,5.0,1.0,5.0,Cash,Takeaway,2023-02-15,Winter
5498,TXN_3263746,Coffee,1.0,2.0,2.0,Cash,Takeaway,2023-11-14,Autumn
5500,TXN_9502077,Smoothie,3.0,4.0,12.0,Digital Wallet,Takeaway,2023-12-21,Winter
5502,TXN_1671480,Cookie,5.0,1.0,5.0,Digital Wallet,Takeaway,2023-01-06,Winter
5503,TXN_7430227,Coffee,3.0,3.0,9.0,Cash,In-store,2023-07-24,Summer
5504,TXN_1516182,Cookie,1.0,1.0,1.0,Digital Wallet,Takeaway,2023-06-18,Summer
5505,TXN_8807199,Salad,5.0,5.0,25.0,Credit Card,Takeaway,2023-05-30,Spring
5506,TXN_8700466,Coffee,4.0,2.0,8.0,Digital Wallet,In-store,2023-04-29,Spring
5507,TXN_2190325,Smoothie,4.0,4.0,16.0,Credit Card,In-store,2023-03-10,Spring
5508,TXN_4150495,Cookie,2.0,1.0,2.0,Cash,Takeaway,2023-04-12,Spring
5509,TXN_3794410,Coffee,4.0,3.0,12.0,Credit Card,Takeaway,2023-12-06,Winter
5510,TXN_5677869,Coffee,5.0,3.0,15.0,Cash,In-store,2023-11-19,Autumn
5511,TXN_3436462,Salad,2.0,5.0,10.0,Credit Card,In-store,2023-06-29,Summer
5512,TXN_7493740,Coffee,1.0,3.0,3.0,Digital Wallet,Takeaway,2023-05-18,Spring
5513,TXN_7388752,Salad,1.0,5.0,5.0,Credit Card,Takeaway,2023-08-28,Summer
5515,TXN_8655424,Cookie,2.0,1.0,2.0,Digital Wallet,In-store,2023-11-26,Autumn
5516,TXN_9720012,Smoothie,5.0,4.0,20.0,Cash,In-store,2023-09-25,Autumn
5517,TXN_6609572,Smoothie,4.0,4.0,16.0,Cash,In-store,2023-06-15,Summer
5518,TXN_9390188,Tea,1.0,1.5,1.5,Digital Wallet,Takeaway,2023-06-20,Summer
5519,TXN_1952465,Coffee,2.0,3.0,6.0,Digital Wallet,Takeaway,2023-06-11,Summer
5520,TXN_7605154,Coffee,5.0,3.0,15.0,Cash,In-store,2023-09-09,Autumn
5521,TXN_2684400,Coffee,3.0,2.0,6.0,Digital Wallet,In-store,2023-03-30,Spring
5522,TXN_4702378,Coffee,2.0,3.0,6.0,Cash,Takeaway,2023-08-28,Summer
5523,TXN_6312755,Smoothie,2.0,4.0,8.0,Credit Card,Takeaway,2023-02-11,Winter
5524,TXN_7584025,Tea,4.0,1.5,6.0,Digital Wallet,In-store,2023-09-18,Autumn
5525,TXN_7533540,Smoothie,5.0,4.0,20.0,Digital Wallet,In-store,2023-11-01,Autumn
5526,TXN_4425164,Coffee,4.0,3.0,12.0,Digital Wallet,Takeaway,2023-01-13,Winter
5527,TXN_4325648,Coffee,3.0,3.0,9.0,Digital Wallet,Takeaway,2023-05-04,Spring
5528,TXN_7151374,Tea,4.0,1.5,6.0,Credit Card,In-store,2023-07-30,Summer
5529,TXN_6413250,Salad,4.0,5.0,20.0,Cash,Takeaway,2023-12-02,Winter
5530,TXN_6496506,Coffee,1.0,3.0,3.0,Digital Wallet,In-store,2023-01-11,Winter
5531,TXN_2695546,Tea,1.0,1.5,1.5,Credit Card,Takeaway,2023-08-26,Summer
5532,TXN_4823513,Cookie,5.0,1.0,5.0,Cash,Takeaway,2023-07-02,Summer
5534,TXN_3222677,Smoothie,1.0,4.0,4.0,Digital Wallet,Takeaway,2023-12-16,Winter
5535,TXN_9942517,Coffee,4.0,2.0,8.0,Digital Wallet,In-store,2023-04-29,Spring
5536,TXN_8735418,Coffee,5.0,2.0,10.0,Digital Wallet,Takeaway,2023-03-03,Spring
5537,TXN_7799794,Cookie,4.0,1.0,4.0,Digital Wallet,In-store,2023-08-22,Summer
5538,TXN_6347670,Tea,2.0,1.5,3.0,Digital Wallet,In-store,2023-06-24,Summer
5539,TXN_9180345,Smoothie,4.0,4.0,16.0,Digital Wallet,Takeaway,2023-06-13,Summer
5540,TXN_9632482,Coffee,2.0,3.0,6.0,Credit Card,Takeaway,2023-08-27,Summer
5541,TXN_4642770,Tea,4.0,1.5,6.0,Digital Wallet,Takeaway,2023-09-22,Autumn
5542,TXN_5356324,Smoothie,1.0,4.0,4.0,Digital Wallet,Takeaway,2023-02-26,Winter
5543,TXN_5148730,Coffee,1.0,3.0,3.0,Cash,Takeaway,2023-12-12,Winter
5544,TXN_8848847,Cookie,3.0,1.0,3.0,Cash,Takeaway,2023-08-15,Summer
5545,TXN_3686848,Tea,3.0,1.5,4.5,Digital Wallet,Takeaway,2023-04-06,Spring
5546,TXN_2328896,Smoothie,4.0,4.0,16.0,Cash,Takeaway,2023-10-20,Autumn
5547,TXN_6361856,Cookie,5.0,1.0,5.0,Digital Wallet,Takeaway,2023-05-11,Spring
5548,TXN_5942011,Tea,1.0,1.5,1.5,Cash,Takeaway,2023-10-08,Autumn
5549,TXN_7137364,Salad,5.0,5.0,25.0,Cash,Takeaway,2023-08-09,Summer
5550,TXN_9904042,Smoothie,4.0,4.0,16.0,Credit Card,Takeaway,2023-06-09,Summer
5551,TXN_1510406,Salad,3.0,5.0,15.0,Digital Wallet,In-store,2023-01-12,Winter
5552,TXN_8176812,Smoothie,5.0,4.0,20.0,Digital Wallet,Takeaway,2023-06-21,Summer
5553,TXN_1360872,Coffee,2.0,2.0,4.0,Credit Card,In-store,2023-11-04,Autumn
5554,TXN_4413776,Coffee,5.0,2.0,10.0,Cash,Takeaway,2023-07-21,Summer
5555,TXN_1811953,Cookie,2.0,1.0,2.0,Digital Wallet,Takeaway,2023-06-26,Summer
5556,TXN_9382596,Smoothie,5.0,4.0,20.0,Credit Card,Takeaway,2023-11-18,Autumn
5557,TXN_9480564,Cookie,4.0,1.0,4.0,Cash,In-store,2023-06-12,Summer
5558,TXN_1094479,Coffee,3.0,3.0,9.0,Digital Wallet,In-store,2023-06-08,Summer
5559,TXN_8301190,Coffee,1.0,2.0,2.0,Cash,Takeaway,2023-04-01,Spring
5560,TXN_7653946,Smoothie,4.0,4.0,16.0,Cash,Takeaway,2023-09-19,Autumn
5561,TXN_1348274,Coffee,5.0,3.0,15.0,Digital Wallet,Takeaway,2023-11-14,Autumn
5562,TXN_2855149,Smoothie,2.0,4.0,8.0,Cash,In-store,2023-07-16,Summer
5563,TXN_9320167,Coffee,5.0,3.0,15.0,Credit Card,Takeaway,2023-11-12,Autumn
5564,TXN_1135215,Smoothie,3.0,4.0,12.0,Digital Wallet,In-store,2023-04-10,Spring
5565,TXN_6158518,Cookie,5.0,1.0,5.0,Cash,Takeaway,2023-09-28,Autumn
5566,TXN_5734442,Cookie,4.0,1.0,4.0,Credit Card,Takeaway,2023-10-01,Autumn
5567,TXN_5748083,Salad,2.0,5.0,10.0,Digital Wallet,Takeaway,2023-04-08,Spring
5568,TXN_1804335,Coffee,3.0,3.0,9.0,Credit Card,Takeaway,2023-10-05,Autumn
5569,TXN_3644269,Cookie,5.0,1.0,5.0,Credit Card,Takeaway,2023-09-26,Autumn
5570,TXN_5611239,Cookie,4.0,1.0,4.0,Cash,Takeaway,2023-11-18,Autumn
5571,TXN_4020100,Cookie,1.0,1.0,1.0,Cash,In-store,2023-08-09,Summer
5572,TXN_1643870,Salad,4.0,5.0,20.0,Digital Wallet,Takeaway,2023-10-07,Autumn
5573,TXN_4734216,Salad,3.0,5.0,15.0,Digital Wallet,In-store,2023-11-30,Autumn
5574,TXN_4060538,Coffee,2.0,3.0,6.0,Digital Wallet,Takeaway,2023-09-08,Autumn
5575,TXN_4788388,Coffee,3.0,3.0,9.0,Digital Wallet,Takeaway,2023-06-29,Summer
5576,TXN_9348280,Smoothie,2.0,4.0,8.0,Credit Card,In-store,2023-03-28,Spring
5577,TXN_5173628,Tea,3.0,1.5,4.5,Digital Wallet,Takeaway,2023-05-30,Spring
5578,TXN_9040196,Coffee,3.0,3.0,9.0,Cash,Takeaway,2023-06-28,Summer
5579,TXN_1853983,Tea,1.0,1.5,1.5,Cash,In-store,2023-12-04,Winter
5580,TXN_6154823,Smoothie,5.0,4.0,20.0,Digital Wallet,Takeaway,2023-11-16,Autumn
5581,TXN_1936915,Salad,3.0,5.0,15.0,Digital Wallet,In-store,2023-01-24,Winter
5582,TXN_8693747,Smoothie,4.0,4.0,16.0,Digital Wallet,Takeaway,2023-02-13,Winter
5583,TXN_2911864,Cookie,3.0,1.0,3.0,Digital Wallet,Takeaway,2023-03-21,Spring
5584,TXN_2336921,Coffee,3.0,3.0,9.0,Digital Wallet,Takeaway,2023-05-01,Spring
5585,TXN_3275800,Coffee,3.0,2.0,6.0,Digital Wallet,Takeaway,2023-05-27,Spring
5586,TXN_6472656,Tea,3.0,1.5,4.5,Cash,Takeaway,2023-11-25,Autumn
5587,TXN_3494191,Smoothie,2.0,4.0,8.0,Credit Card,In-store,2023-01-08,Winter
5588,TXN_4177717,Cookie,1.0,1.0,1.0,Digital Wallet,Takeaway,2023-01-07,Winter
5589,TXN_7313328,Coffee,1.0,3.0,3.0,Digital Wallet,Takeaway,2023-01-03,Winter
5590,TXN_4019047,Coffee,2.0,2.0,4.0,Digital Wallet,Takeaway,2023-09-14,Autumn
5591,TXN_6832697,Salad,3.0,5.0,15.0,Credit Card,Takeaway,2023-01-21,Winter
5592,TXN_2919225,Coffee,4.0,2.0,8.0,Credit Card,Takeaway,2023-02-14,Winter
5593,TXN_4937344,Smoothie,1.0,4.0,4.0,Credit Card,In-store,2023-02-12,Winter
5594,TXN_6444366,Coffee,1.0,2.0,2.0,Digital Wallet,Takeaway,2023-08-19,Summer
5595,TXN_7448158,Coffee,2.0,3.0,6.0,Digital Wallet,Takeaway,2023-09-28,Autumn
5596,TXN_7630601,Tea,1.0,1.5,1.5,Digital Wallet,Takeaway,2023-08-22,Summer
5597,TXN_7366807,Salad,3.0,5.0,15.0,Digital Wallet,Takeaway,2023-10-22,Autumn
5598,TXN_5762127,Coffee,2.0,2.0,4.0,Digital Wallet,Takeaway,2023-11-10,Autumn
5599,TXN_1856153,Coffee,5.0,2.0,10.0,Credit Card,Takeaway,2023-12-02,Winter
5600,TXN_4908458,Tea,4.0,1.5,6.0,Digital Wallet,Takeaway,2023-10-06,Autumn
5601,TXN_4214066,Coffee,2.0,3.0,6.0,Digital Wallet,In-store,2023-07-23,Summer
5602,TXN_8252793,Cookie,4.0,1.0,4.0,Digital Wallet,Takeaway,2023-07-28,Summer
5603,TXN_1313643,Coffee,4.0,3.0,12.0,Digital Wallet,Takeaway,2023-02-11,Winter
5604,TXN_2941227,Cookie,3.0,1.0,3.0,Cash,In-store,2023-08-29,Summer
5605,TXN_1206585,Tea,2.0,1.5,3.0,Cash,Takeaway,2023-06-29,Summer
5606,TXN_9580673,Coffee,2.0,3.0,6.0,Digital Wallet,In-store,2023-06-25,Summer
5607,TXN_9874192,Smoothie,3.0,4.0,12.0,Digital Wallet,Takeaway,2023-11-30,Autumn
5608,TXN_4475487,Smoothie,3.0,4.0,12.0,Cash,In-store,2023-06-01,Summer
5609,TXN_8876663,Salad,2.0,5.0,10.0,Digital Wallet,Takeaway,2023-03-23,Spring
5610,TXN_3858126,Smoothie,2.0,4.0,8.0,Digital Wallet,In-store,2023-08-25,Summer
5611,TXN_3524464,Smoothie,4.0,4.0,16.0,Credit Card,Takeaway,2023-08-31,Summer
5612,TXN_6242107,Coffee,3.0,2.0,6.0,Cash,Takeaway,2023-11-14,Autumn
5613,TXN_2352246,Smoothie,4.0,4.0,16.0,Credit Card,Takeaway,2023-06-20,Summer
5614,TXN_9523335,Cookie,4.0,1.0,4.0,Credit Card,Takeaway,2023-01-29,Winter
5615,TXN_4475412,Smoothie,3.0,4.0,12.0,Digital Wallet,Takeaway,2023-10-31,Autumn
5616,TXN_2656162,Coffee,1.0,2.0,2.0,Digital Wallet,In-store,2023-04-11,Spring
5617,TXN_7517241,Smoothie,2.0,4.0,8.0,Digital Wallet,Takeaway,2023-01-18,Winter
5619,TXN_2435218,Coffee,5.0,2.0,10.0,Digital Wallet,In-store,2023-05-02,Spring
5620,TXN_9022617,Coffee,1.0,2.0,2.0,Credit Card,In-store,2023-01-23,Winter
5621,TXN_1031802,Cookie,4.0,1.0,4.0,Digital Wallet,Takeaway,2023-06-27,Summer
5622,TXN_2346296,Coffee,4.0,3.0,12.0,Digital Wallet,Takeaway,2023-10-04,Autumn
5623,TXN_8219210,Smoothie,5.0,4.0,20.0,Cash,Takeaway,2023-01-12,Winter
5624,TXN_4541981,Smoothie,4.0,4.0,16.0,Credit Card,In-store,2023-01-14,Winter
5625,TXN_8522571,Coffee,2.0,3.0,6.0,Credit Card,Takeaway,2023-09-19,Autumn
5626,TXN_6752476,Tea,4.0,1.5,6.0,Digital Wallet,Takeaway,2023-08-28,Summer
5627,TXN_1894142,Smoothie,4.0,4.0,16.0,Cash,In-store,2023-09-13,Autumn
5628,TXN_3766378,Coffee,1.0,3.0,3.0,Cash,Takeaway,2023-08-18,Summer
5629,TXN_8885727,Tea,2.0,1.5,3.0,Cash,Takeaway,2023-10-05,Autumn
5630,TXN_1422305,Smoothie,4.0,4.0,16.0,Digital Wallet,In-store,2023-03-09,Spring
5631,TXN_4625165,Salad,3.0,5.0,15.0,Credit Card,Takeaway,2023-03-02,Spring
5633,TXN_9323215,Cookie,3.0,1.0,3.0,Digital Wallet,Takeaway,2023-01-27,Winter
5634,TXN_6824743,Smoothie,2.0,4.0,8.0,Digital Wallet,Takeaway,2023-11-08,Autumn
5635,TXN_9384397,Smoothie,2.0,4.0,8.0,Cash,Takeaway,2023-10-31,Autumn
5636,TXN_1034067,Smoothie,3.0,4.0,12.0,Digital Wallet,Takeaway,2023-01-07,Winter
5637,TXN_3265085,Cookie,5.0,1.0,5.0,Digital Wallet,In-store,2023-09-05,Autumn
5638,TXN_3061498,Salad,5.0,5.0,25.0,Digital Wallet,Takeaway,2023-11-14,Autumn
5640,TXN_7374304,Tea,5.0,1.5,7.5,Digital Wallet,In-store,2023-05-10,Spring
5641,TXN_9447946,Smoothie,2.0,4.0,8.0,Credit Card,In-store,2023-10-21,Autumn
5642,TXN_2102561,Cookie,2.0,1.0,2.0,Digital Wallet,In-store,2023-04-05,Spring
5644,TXN_8223689,Salad,5.0,5.0,25.0,Digital Wallet,In-store,2023-09-08,Autumn
5645,TXN_3207254,Coffee,1.0,3.0,3.0,Digital Wallet,Takeaway,2023-04-25,Spring
5646,TXN_2579242,Coffee,5.0,3.0,15.0,Digital Wallet,In-store,2023-09-11,Autumn
5647,TXN_2187911,Coffee,3.0,2.0,6.0,Credit Card,Takeaway,2023-04-20,Spring
5648,TXN_2594056,Salad,4.0,5.0,20.0,Cash,Takeaway,2023-03-11,Spring
5649,TXN_6591736,Coffee,4.0,2.0,8.0,Digital Wallet,Takeaway,2023-06-21,Summer
5650,TXN_1267753,Tea,3.0,1.5,4.5,Credit Card,Takeaway,2023-06-28,Summer
5651,TXN_4615235,Coffee,4.0,3.0,12.0,Cash,Takeaway,2023-01-08,Winter
5652,TXN_4824519,Smoothie,5.0,4.0,20.0,Digital Wallet,Takeaway,2023-12-27,Winter
5653,TXN_4677415,Coffee,2.0,3.0,6.0,Digital Wallet,Takeaway,2023-12-12,Winter
5654,TXN_3548788,Salad,4.0,5.0,20.0,Digital Wallet,Takeaway,2023-02-22,Winter
5655,TXN_2503245,Smoothie,3.0,4.0,12.0,Digital Wallet,Takeaway,2023-04-15,Spring
5656,TXN_8855046,Coffee,3.0,3.0,9.0,Digital Wallet,Takeaway,2023-12-05,Winter
5657,TXN_9287659,Coffee,1.0,3.0,3.0,Digital Wallet,In-store,2023-05-13,Spring
5658,TXN_2417402,Smoothie,3.0,4.0,12.0,Digital Wallet,Takeaway,2023-05-09,Spring
5659,TXN_6266017,Cookie,4.0,1.0,4.0,Digital Wallet,In-store,2023-09-28,Autumn
5660,TXN_4619018,Coffee,5.0,3.0,15.0,Digital Wallet,Takeaway,2023-12-19,Winter
5661,TXN_8352748,Smoothie,5.0,4.0,20.0,Cash,In-store,2023-05-01,Spring
5662,TXN_2221447,Cookie,1.0,1.0,1.0,Credit Card,In-store,2023-12-06,Winter
5663,TXN_3564954,Smoothie,4.0,4.0,16.0,Cash,Takeaway,2023-03-09,Spring
5664,TXN_8464222,Coffee,4.0,3.0,12.0,Cash,In-store,2023-08-17,Summer
5665,TXN_6815753,Cookie,4.0,1.0,4.0,Digital Wallet,Takeaway,2023-10-27,Autumn
5666,TXN_6738716,Coffee,5.0,3.0,15.0,Digital Wallet,Takeaway,2023-04-21,Spring
5667,TXN_9477892,Coffee,3.0,3.0,9.0,Credit Card,Takeaway,2023-08-21,Summer
5669,TXN_3136701,Smoothie,2.0,4.0,8.0,Digital Wallet,In-store,2023-12-18,Winter
5670,TXN_4644671,Coffee,3.0,2.0,6.0,Digital Wallet,Takeaway,2023-04-20,Spring
5671,TXN_1634534,Coffee,5.0,3.0,15.0,Digital Wallet,Takeaway,2023-12-03,Winter
5672,TXN_7809121,Coffee,4.0,3.0,12.0,Digital Wallet,Takeaway,2023-05-15,Spring
5673,TXN_1350239,Smoothie,5.0,4.0,20.0,Cash,Takeaway,2023-11-18,Autumn
5674,TXN_5145906,Tea,4.0,1.5,6.0,Digital Wallet,Takeaway,2023-01-30,Winter
5675,TXN_9603912,Coffee,5.0,3.0,15.0,Digital Wallet,Takeaway,2023-12-23,Winter
5676,TXN_1205610,Cookie,2.0,1.0,2.0,Digital Wallet,In-store,2023-07-19,Summer
5677,TXN_8969428,Salad,3.0,5.0,15.0,Digital Wallet,Takeaway,2023-03-08,Spring
5678,TXN_5269634,Coffee,5.0,3.0,15.0,Digital Wallet,In-store,2023-04-07,Spring
5679,TXN_3043982,Smoothie,5.0,4.0,20.0,Cash,In-store,2023-01-10,Winter
5680,TXN_6310896,Smoothie,1.0,4.0,4.0,Digital Wallet,In-store,2023-05-01,Spring
5681,TXN_5496282,Smoothie,2.0,4.0,8.0,Digital Wallet,Takeaway,2023-03-03,Spring
5682,TXN_3947201,Cookie,5.0,1.0,5.0,Digital Wallet,Takeaway,2023-06-17,Summer
5683,TXN_3666951,Coffee,2.0,3.0,6.0,Digital Wallet,In-store,2023-01-06,Winter
5684,TXN_7254494,Coffee,5.0,2.0,10.0,Credit Card,Takeaway,2023-03-16,Spring
5685,TXN_3157867,Salad,2.0,5.0,10.0,Digital Wallet,Takeaway,2023-11-02,Autumn
5686,TXN_6164035,Cookie,1.0,1.0,1.0,Credit Card,Takeaway,2023-03-30,Spring
5687,TXN_6234838,Coffee,5.0,3.0,15.0,Digital Wallet,In-store,2023-10-30,Autumn
5688,TXN_5671075,Tea,5.0,1.5,7.5,Cash,In-store,2023-12-25,Winter
5689,TXN_5004986,Smoothie,3.0,4.0,12.0,Digital Wallet,Takeaway,2023-01-23,Winter
5690,TXN_4856575,Salad,3.0,5.0,15.0,Digital Wallet,In-store,2023-09-10,Autumn
5691,TXN_6064400,Smoothie,5.0,4.0,20.0,Digital Wallet,Takeaway,2023-07-06,Summer
5692,TXN_8512136,Coffee,1.0,3.0,3.0,Cash,Takeaway,2023-08-26,Summer
5693,TXN_1868529,Salad,1.0,5.0,5.0,Credit Card,Takeaway,2023-01-25,Winter
5694,TXN_3129441,Coffee,3.0,3.0,9.0,Credit Card,In-store,2023-05-31,Spring
5695,TXN_1652596,Smoothie,5.0,4.0,20.0,Digital Wallet,Takeaway,2023-10-04,Autumn
5696,TXN_3487896,Coffee,5.0,2.0,10.0,Credit Card,Takeaway,2023-01-09,Winter
5697,TXN_1429858,Cookie,4.0,1.0,4.0,Credit Card,Takeaway,2023-03-15,Spring
5698,TXN_1721242,Smoothie,5.0,4.0,20.0,Digital Wallet,In-store,2023-11-23,Autumn
5699,TXN_3472707,Smoothie,2.0,4.0,8.0,Cash,Takeaway,2023-03-26,Spring
5700,TXN_5348750,Salad,5.0,5.0,25.0,Credit Card,Takeaway,2023-07-15,Summer
5701,TXN_3819085,Smoothie,1.0,4.0,4.0,Digital Wallet,Takeaway,2023-11-23,Autumn
5702,TXN_2181920,Smoothie,3.0,4.0,12.0,Cash,Takeaway,2023-02-11,Winter
5703,TXN_1173155,Coffee,1.0,2.0,2.0,Cash,In-store,2023-03-14,Spring
5704,TXN_4913079,Smoothie,3.0,4.0,12.0,Digital Wallet,Takeaway,2023-08-19,Summer
5705,TXN_1476711,Tea,2.0,1.5,3.0,Digital Wallet,Takeaway,2023-01-26,Winter
5706,TXN_5341644,Coffee,4.0,3.0,12.0,Cash,Takeaway,2023-01-24,Winter
5707,TXN_4548274,Coffee,5.0,3.0,15.0,Digital Wallet,Takeaway,2023-05-09,Spring
5708,TXN_8008815,Salad,2.0,5.0,10.0,Digital Wallet,Takeaway,2023-03-16,Spring
5709,TXN_3639760,Coffee,5.0,3.0,15.0,Credit Card,Takeaway,2023-01-29,Winter
5710,TXN_8159727,Salad,5.0,5.0,25.0,Digital Wallet,Takeaway,2023-04-24,Spring
5711,TXN_5061028,Cookie,1.0,1.0,1.0,Credit Card,Takeaway,2023-05-17,Spring
5712,TXN_6962671,Coffee,2.0,3.0,6.0,Digital Wallet,Takeaway,2023-01-20,Winter
5713,TXN_4791072,Coffee,3.0,2.0,6.0,Digital Wallet,Takeaway,2023-11-13,Autumn
5714,TXN_7263939,Smoothie,1.0,4.0,4.0,Digital Wallet,Takeaway,2023-08-08,Summer
5715,TXN_4775791,Smoothie,4.0,4.0,16.0,Credit Card,Takeaway,2023-04-13,Spring
5716,TXN_6724554,Tea,3.0,1.5,4.5,Digital Wallet,Takeaway,2023-03-22,Spring
5717,TXN_6897608,Coffee,2.0,2.0,4.0,Credit Card,Takeaway,2023-06-28,Summer
5719,TXN_4226572,Cookie,3.0,1.0,3.0,Digital Wallet,Takeaway,2023-05-16,Spring
5720,TXN_6833530,Coffee,4.0,3.0,12.0,Digital Wallet,In-store,2023-11-05,Autumn
5722,TXN_4321368,Coffee,4.0,2.0,8.0,Digital Wallet,Takeaway,2023-12-09,Winter
5723,TXN_3434549,Smoothie,5.0,4.0,20.0,Credit Card,Takeaway,2023-05-25,Spring
5724,TXN_7918317,Tea,1.0,1.5,1.5,Credit Card,Takeaway,2023-07-27,Summer
5725,TXN_3467985,Smoothie,3.0,4.0,12.0,Cash,Takeaway,2023-12-10,Winter
5726,TXN_3526095,Smoothie,3.0,4.0,12.0,Cash,Takeaway,2023-08-30,Summer
5727,TXN_8316915,Cookie,5.0,1.0,5.0,Digital Wallet,In-store,2023-05-30,Spring
5728,TXN_4876685,Tea,1.0,1.5,1.5,Digital Wallet,Takeaway,2023-07-14,Summer
5729,TXN_7505290,Salad,4.0,5.0,20.0,Digital Wallet,Takeaway,2023-10-21,Autumn
5730,TXN_5709834,Coffee,4.0,3.0,12.0,Digital Wallet,Takeaway,2023-03-24,Spring
5731,TXN_9626624,Smoothie,3.0,4.0,12.0,Cash,In-store,2023-10-10,Autumn
5732,TXN_4563526,Smoothie,4.0,4.0,16.0,Credit Card,Takeaway,2023-06-30,Summer
5733,TXN_5512533,Coffee,4.0,2.0,8.0,Digital Wallet,Takeaway,2023-06-13,Summer
5734,TXN_9399452,Coffee,4.0,3.0,12.0,Credit Card,In-store,2023-12-03,Winter
5735,TXN_3451212,Coffee,3.0,3.0,9.0,Digital Wallet,Takeaway,2023-01-29,Winter
5736,TXN_1934166,Smoothie,5.0,4.0,20.0,Cash,In-store,2023-03-06,Spring
5737,TXN_5594695,Coffee,3.0,3.0,9.0,Credit Card,In-store,2023-01-18,Winter
5738,TXN_8379868,Coffee,3.0,3.0,9.0,Cash,In-store,2023-01-16,Winter
5739,TXN_3708535,Coffee,5.0,2.0,10.0,Digital Wallet,In-store,2023-05-02,Spring
5740,TXN_5299440,Coffee,2.0,3.0,6.0,Credit Card,In-store,2023-10-21,Autumn
5741,TXN_4107706,Salad,1.0,5.0,5.0,Digital Wallet,In-store,2023-11-23,Autumn
5742,TXN_6059878,Salad,3.0,5.0,15.0,Digital Wallet,Takeaway,2023-01-23,Winter
5743,TXN_6476204,Smoothie,5.0,4.0,20.0,Digital Wallet,Takeaway,2023-12-22,Winter
5744,TXN_5777542,Smoothie,2.0,4.0,8.0,Digital Wallet,Takeaway,2023-10-22,Autumn
5745,TXN_3919225,Coffee,2.0,3.0,6.0,Cash,In-store,2023-03-26,Spring
5746,TXN_5598744,Smoothie,4.0,4.0,16.0,Digital Wallet,Takeaway,2023-10-17,Autumn
5747,TXN_7355326,Cookie,1.0,1.0,1.0,Digital Wallet,Takeaway,2023-01-03,Winter
5748,TXN_4071945,Coffee,1.0,3.0,3.0,Cash,Takeaway,2023-07-17,Summer
5749,TXN_6732096,Smoothie,2.0,4.0,8.0,Digital Wallet,In-store,2023-04-02,Spring
5750,TXN_4392519,Cookie,2.0,1.0,2.0,Digital Wallet,Takeaway,2023-09-20,Autumn
5751,TXN_1716710,Coffee,2.0,2.0,4.0,Digital Wallet,Takeaway,2023-02-23,Winter
5753,TXN_9655021,Coffee,3.0,2.0,6.0,Digital Wallet,Takeaway,2023-04-22,Spring
5754,TXN_3868402,Coffee,3.0,2.0,6.0,Cash,In-store,2023-01-21,Winter
5755,TXN_4624591,Salad,2.0,5.0,10.0,Credit Card,In-store,2023-08-03,Summer
5756,TXN_9640865,Cookie,2.0,1.0,2.0,Cash,Takeaway,2023-03-18,Spring
5757,TXN_6456008,Salad,5.0,5.0,25.0,Credit Card,In-store,2023-03-26,Spring
5758,TXN_9547654,Cookie,2.0,1.0,2.0,Digital Wallet,In-store,2023-11-19,Autumn
5759,TXN_4986668,Coffee,3.0,3.0,9.0,Digital Wallet,Takeaway,2023-11-30,Autumn
5760,TXN_6235329,Salad,2.0,5.0,10.0,Digital Wallet,In-store,2023-10-11,Autumn
5761,TXN_8536578,Coffee,5.0,3.0,15.0,Digital Wallet,In-store,2023-11-11,Autumn
5762,TXN_4545512,Coffee,1.0,2.0,2.0,Digital Wallet,Takeaway,2023-12-18,Winter
5763,TXN_2156128,Smoothie,1.0,4.0,4.0,Digital Wallet,In-store,2023-07-21,Summer
5764,TXN_9188172,Coffee,3.0,3.0,9.0,Digital Wallet,In-store,2023-08-27,Summer
5765,TXN_5893283,Coffee,3.0,3.0,9.0,Cash,In-store,2023-08-15,Summer
5766,TXN_6408024,Cookie,3.0,1.0,3.0,Digital Wallet,In-store,2023-11-29,Autumn
5767,TXN_4788748,Smoothie,4.0,4.0,16.0,Credit Card,In-store,2023-04-30,Spring
5768,TXN_6460409,Salad,3.0,5.0,15.0,Cash,Takeaway,2023-01-03,Winter
5769,TXN_1067052,Tea,4.0,1.5,6.0,Digital Wallet,Takeaway,2023-02-18,Winter
5770,TXN_8776634,Coffee,5.0,3.0,15.0,Digital Wallet,In-store,2023-06-02,Summer
5771,TXN_2534831,Tea,5.0,1.5,7.5,Cash,Takeaway,2023-08-19,Summer
5772,TXN_9941872,Salad,3.0,5.0,15.0,Digital Wallet,Takeaway,2023-04-08,Spring
5773,TXN_2055898,Tea,4.0,1.5,6.0,Digital Wallet,Takeaway,2023-12-01,Winter
5774,TXN_2007418,Smoothie,4.0,4.0,16.0,Cash,Takeaway,2023-06-16,Summer
5775,TXN_6451043,Cookie,2.0,1.0,2.0,Digital Wallet,In-store,2023-02-06,Winter
5776,TXN_2632916,Coffee,3.0,3.0,9.0,Credit Card,Takeaway,2023-06-17,Summer
5777,TXN_1926794,Smoothie,1.0,4.0,4.0,Digital Wallet,In-store,2023-01-14,Winter
5778,TXN_3201783,Coffee,3.0,3.0,9.0,Digital Wallet,Takeaway,2023-12-03,Winter
5779,TXN_2374950,Coffee,5.0,3.0,15.0,Digital Wallet,Takeaway,2023-04-28,Spring
5780,TXN_5962196,Smoothie,2.0,4.0,8.0,Cash,Takeaway,2023-11-29,Autumn
5781,TXN_4342098,Smoothie,4.0,4.0,16.0,Cash,In-store,2023-05-24,Spring
5782,TXN_7367134,Smoothie,4.0,4.0,16.0,Digital Wallet,Takeaway,2023-10-03,Autumn
5783,TXN_3651743,Coffee,5.0,3.0,15.0,Cash,In-store,2023-04-24,Spring
5784,TXN_4411007,Cookie,5.0,1.0,5.0,Digital Wallet,Takeaway,2023-05-17,Spring
5785,TXN_6026451,Coffee,2.0,3.0,6.0,Cash,In-store,2023-11-06,Autumn
5787,TXN_5093312,Cookie,4.0,1.0,4.0,Credit Card,Takeaway,2023-08-12,Summer
5788,TXN_6685570,Tea,1.0,1.5,1.5,Credit Card,In-store,2023-03-14,Spring
5789,TXN_7905853,Cookie,4.0,1.0,4.0,Digital Wallet,Takeaway,2023-07-25,Summer
5790,TXN_3020475,Salad,4.0,5.0,20.0,Digital Wallet,Takeaway,2023-09-13,Autumn
5791,TXN_7665695,Tea,3.0,1.5,4.5,Digital Wallet,In-store,2023-10-21,Autumn
5792,TXN_2355099,Salad,5.0,5.0,25.0,Cash,Takeaway,2023-03-18,Spring
5793,TXN_6071866,Tea,4.0,1.5,6.0,Digital Wallet,Takeaway,2023-10-14,Autumn
5794,TXN_4548715,Smoothie,2.0,4.0,8.0,Digital Wallet,Takeaway,2023-02-16,Winter
5796,TXN_8344035,Smoothie,2.0,4.0,8.0,Cash,Takeaway,2023-08-23,Summer
5797,TXN_7332192,Coffee,1.0,2.0,2.0,Credit Card,Takeaway,2023-11-17,Autumn
5799,TXN_4713356,Smoothie,5.0,4.0,20.0,Digital Wallet,In-store,2023-05-08,Spring
5800,TXN_6400461,Coffee,4.0,2.0,8.0,Digital Wallet,Takeaway,2023-01-18,Winter
5801,TXN_9262504,Smoothie,3.0,4.0,12.0,Credit Card,Takeaway,2023-12-01,Winter
5802,TXN_6225305,Coffee,1.0,3.0,3.0,Cash,Takeaway,2023-05-05,Spring
5803,TXN_1266278,Smoothie,1.0,4.0,4.0,Digital Wallet,Takeaway,2023-11-03,Autumn
5805,TXN_2797871,Cookie,2.0,1.0,2.0,Digital Wallet,Takeaway,2023-09-21,Autumn
5807,TXN_4947561,Salad,3.0,5.0,15.0,Digital Wallet,Takeaway,2023-06-06,Summer
5808,TXN_3881824,Coffee,2.0,3.0,6.0,Credit Card,Takeaway,2023-12-30,Winter
5809,TXN_7606965,Coffee,5.0,3.0,15.0,Digital Wallet,In-store,2023-12-08,Winter
5810,TXN_5516374,Smoothie,2.0,4.0,8.0,Digital Wallet,In-store,2023-07-25,Summer
5811,TXN_8059034,Coffee,1.0,2.0,2.0,Digital Wallet,Takeaway,2023-01-10,Winter
5812,TXN_2238287,Salad,3.0,5.0,15.0,Digital Wallet,In-store,2023-05-22,Spring
5813,TXN_2086896,Coffee,4.0,3.0,12.0,Cash,Takeaway,2023-11-25,Autumn
5814,TXN_9667721,Tea,5.0,1.5,7.5,Credit Card,Takeaway,2023-04-29,Spring
5815,TXN_6317991,Cookie,5.0,1.0,5.0,Digital Wallet,In-store,2023-03-03,Spring
5816,TXN_7866723,Smoothie,2.0,4.0,8.0,Credit Card,In-store,2023-03-26,Spring
5817,TXN_7954064,Coffee,5.0,3.0,15.0,Credit Card,In-store,2023-08-31,Summer
5818,TXN_5251180,Cookie,1.0,1.0,1.0,Digital Wallet,Takeaway,2023-06-25,Summer
5819,TXN_5891724,Salad,5.0,5.0,25.0,Credit Card,Takeaway,2023-12-10,Winter
5820,TXN_9564495,Coffee,4.0,3.0,12.0,Digital Wallet,Takeaway,2023-08-01,Summer
5821,TXN_5092646,Smoothie,2.0,4.0,8.0,Digital Wallet,Takeaway,2023-05-08,Spring
5822,TXN_5261036,Coffee,5.0,3.0,15.0,Cash,Takeaway,2023-10-03,Autumn
5823,TXN_2638434,Coffee,5.0,3.0,15.0,Credit Card,In-store,2023-09-18,Autumn
5824,TXN_5651620,Smoothie,2.0,4.0,8.0,Digital Wallet,Takeaway,2023-05-16,Spring
5825,TXN_5452210,Tea,5.0,1.5,7.5,Digital Wallet,In-store,2023-04-17,Spring
5826,TXN_5337566,Cookie,5.0,1.0,5.0,Cash,Takeaway,2023-03-08,Spring
5827,TXN_3341779,Tea,3.0,1.5,4.5,Cash,Takeaway,2023-07-30,Summer
5828,TXN_7977951,Coffee,5.0,3.0,15.0,Digital Wallet,Takeaway,2023-12-22,Winter
5829,TXN_8226985,Coffee,2.0,2.0,4.0,Digital Wallet,Takeaway,2023-03-08,Spring
5830,TXN_7604622,Coffee,4.0,3.0,12.0,Credit Card,Takeaway,2023-12-22,Winter
5831,TXN_6875870,Salad,5.0,5.0,25.0,Digital Wallet,Takeaway,2023-09-07,Autumn
5832,TXN_9086163,Cookie,2.0,1.0,2.0,Digital Wallet,Takeaway,2023-07-31,Summer
5833,TXN_5061600,Coffee,3.0,3.0,9.0,Digital Wallet,In-store,2023-11-23,Autumn
5834,TXN_9987017,Cookie,5.0,1.0,5.0,Cash,Takeaway,2023-03-14,Spring
5835,TXN_6533576,Salad,5.0,5.0,25.0,Cash,In-store,2023-08-14,Summer
5836,TXN_5229351,Coffee,3.0,2.0,6.0,Digital Wallet,Takeaway,2023-08-14,Summer
5837,TXN_5318263,Smoothie,1.0,4.0,4.0,Credit Card,Takeaway,2023-06-12,Summer
5838,TXN_8866088,Tea,4.0,1.5,6.0,Digital Wallet,Takeaway,2023-07-11,Summer
5840,TXN_2601923,Coffee,4.0,3.0,12.0,Cash,Takeaway,2023-07-24,Summer
5843,TXN_7434172,Cookie,2.0,1.0,2.0,Digital Wallet,Takeaway,2023-11-14,Autumn
5844,TXN_1849406,Smoothie,5.0,4.0,20.0,Cash,In-store,2023-11-30,Autumn
5846,TXN_6289180,Coffee,1.0,3.0,3.0,Cash,In-store,2023-03-14,Spring
5847,TXN_3974663,Coffee,3.0,3.0,9.0,Cash,Takeaway,2023-10-02,Autumn
5848,TXN_9041537,Smoothie,4.0,4.0,16.0,Digital Wallet,Takeaway,2023-08-28,Summer
5849,TXN_2798069,Tea,5.0,1.5,7.5,Digital Wallet,Takeaway,2023-09-02,Autumn
5850,TXN_7601706,Coffee,2.0,3.0,6.0,Credit Card,In-store,2023-11-15,Autumn
5852,TXN_3145515,Smoothie,4.0,4.0,16.0,Cash,Takeaway,2023-03-31,Spring
5853,TXN_6711224,Coffee,1.0,3.0,3.0,Digital Wallet,Takeaway,2023-03-26,Spring
5854,TXN_4035164,Coffee,5.0,3.0,15.0,Digital Wallet,In-store,2023-11-26,Autumn
5855,TXN_1815061,Coffee,3.0,3.0,9.0,Digital Wallet,In-store,2023-01-20,Winter
5856,TXN_9522690,Cookie,4.0,1.0,4.0,Credit Card,In-store,2023-07-23,Summer
5857,TXN_2858635,Smoothie,1.0,4.0,4.0,Digital Wallet,In-store,2023-09-28,Autumn
5858,TXN_5492825,Salad,2.0,5.0,10.0,Digital Wallet,In-store,2023-02-25,Winter
5859,TXN_2083119,Cookie,2.0,1.0,2.0,Digital Wallet,In-store,2023-06-11,Summer
5860,TXN_7030681,Coffee,1.0,3.0,3.0,Cash,Takeaway,2023-10-01,Autumn
5861,TXN_7738316,Cookie,4.0,1.0,4.0,Digital Wallet,Takeaway,2023-02-04,Winter
5862,TXN_6817358,Smoothie,2.0,4.0,8.0,Credit Card,Takeaway,2023-12-22,Winter
5863,TXN_4430474,Coffee,2.0,3.0,6.0,Digital Wallet,Takeaway,2023-06-08,Summer
5864,TXN_2329938,Smoothie,3.0,4.0,12.0,Credit Card,Takeaway,2023-03-29,Spring
5865,TXN_7020104,Tea,5.0,1.5,7.5,Digital Wallet,Takeaway,2023-01-23,Winter
5866,TXN_3642052,Coffee,1.0,3.0,3.0,Digital Wallet,Takeaway,2023-07-19,Summer
5867,TXN_6655913,Cookie,1.0,1.0,1.0,Credit Card,In-store,2023-04-02,Spring
5869,TXN_1617594,Smoothie,1.0,4.0,4.0,Digital Wallet,In-store,2023-04-23,Spring
5870,TXN_7136372,Coffee,3.0,3.0,9.0,Credit Card,Takeaway,2023-09-22,Autumn
5871,TXN_7648238,Cookie,1.0,1.0,1.0,Cash,Takeaway,2023-05-12,Spring
5872,TXN_1277813,Coffee,5.0,3.0,15.0,Digital Wallet,Takeaway,2023-09-11,Autumn
5873,TXN_7251969,Cookie,2.0,1.0,2.0,Digital Wallet,In-store,2023-08-14,Summer
5874,TXN_5790695,Tea,5.0,1.5,7.5,Credit Card,Takeaway,2023-04-24,Spring
5875,TXN_7101802,Coffee,4.0,2.0,8.0,Digital Wallet,Takeaway,2023-03-19,Spring
5876,TXN_3277936,Tea,2.0,1.5,3.0,Digital Wallet,Takeaway,2023-06-21,Summer
5877,TXN_3233221,Coffee,5.0,3.0,15.0,Digital Wallet,Takeaway,2023-06-15,Summer
5878,TXN_6200423,Cookie,1.0,1.0,1.0,Digital Wallet,In-store,2023-02-03,Winter
5879,TXN_1522176,Smoothie,1.0,4.0,4.0,Digital Wallet,Takeaway,2023-04-29,Spring
5880,TXN_6728574,Coffee,3.0,3.0,9.0,Cash,Takeaway,2023-05-24,Spring
5882,TXN_5968705,Smoothie,3.0,4.0,12.0,Credit Card,Takeaway,2023-12-16,Winter
5883,TXN_9657902,Coffee,1.0,3.0,3.0,Digital Wallet,Takeaway,2023-10-30,Autumn
5884,TXN_8640383,Coffee,2.0,3.0,6.0,Digital Wallet,Takeaway,2023-10-08,Autumn
5885,TXN_3889213,Coffee,1.0,3.0,3.0,Credit Card,Takeaway,2023-10-13,Autumn
5886,TXN_2252244,Coffee,2.0,3.0,6.0,Credit Card,Takeaway,2023-03-10,Spring
5887,TXN_2561071,Coffee,5.0,3.0,15.0,Digital Wallet,In-store,2023-01-30,Winter
5888,TXN_6543164,Tea,2.0,1.5,3.0,Digital Wallet,Takeaway,2023-07-10,Summer
5889,TXN_3209025,Salad,2.0,5.0,10.0,Cash,Takeaway,2023-10-12,Autumn
5890,TXN_9975079,Smoothie,2.0,4.0,8.0,Cash,Takeaway,2023-08-26,Summer
5891,TXN_9618962,Coffee,3.0,2.0,6.0,Credit Card,Takeaway,2023-11-08,Autumn
5892,TXN_5949517,Smoothie,5.0,4.0,20.0,Digital Wallet,In-store,2023-12-31,Winter
5893,TXN_4103665,Coffee,4.0,2.0,8.0,Digital Wallet,In-store,2023-04-30,Spring
5894,TXN_8499618,Coffee,2.0,3.0,6.0,Digital Wallet,Takeaway,2023-05-23,Spring
5895,TXN_6183513,Coffee,3.0,3.0,9.0,Digital Wallet,Takeaway,2023-12-22,Winter
5896,TXN_3919672,Cookie,2.0,1.0,2.0,Credit Card,Takeaway,2023-11-05,Autumn
5897,TXN_7592199,Tea,3.0,1.5,4.5,Digital Wallet,Takeaway,2023-09-14,Autumn
5898,TXN_8888249,Coffee,5.0,2.0,10.0,Digital Wallet,Takeaway,2023-10-17,Autumn
5899,TXN_8494571,Cookie,5.0,1.0,5.0,Digital Wallet,Takeaway,2023-02-06,Winter
5900,TXN_7749759,Tea,1.0,1.5,1.5,Digital Wallet,In-store,2023-12-26,Winter
5901,TXN_7556108,Cookie,5.0,1.0,5.0,Digital Wallet,Takeaway,2023-01-17,Winter
5902,TXN_9360886,Smoothie,1.0,4.0,4.0,Digital Wallet,Takeaway,2023-07-25,Summer
5903,TXN_5303464,Coffee,4.0,3.0,12.0,Cash,Takeaway,2023-10-26,Autumn
5904,TXN_5324330,Salad,3.0,5.0,15.0,Digital Wallet,Takeaway,2023-11-20,Autumn
5905,TXN_5862289,Coffee,4.0,3.0,12.0,Digital Wallet,Takeaway,2023-01-05,Winter
5906,TXN_8203190,Tea,2.0,1.5,3.0,Digital Wallet,In-store,2023-06-16,Summer
5907,TXN_9699948,Coffee,5.0,2.0,10.0,Cash,In-store,2023-04-18,Spring
5908,TXN_8187087,Coffee,3.0,2.0,6.0,Digital Wallet,Takeaway,2023-01-31,Winter
5909,TXN_5409141,Coffee,5.0,2.0,10.0,Cash,Takeaway,2023-02-02,Winter
5910,TXN_9928409,Smoothie,4.0,4.0,16.0,Credit Card,Takeaway,2023-06-17,Summer
5912,TXN_9952479,Smoothie,1.0,4.0,4.0,Digital Wallet,Takeaway,2023-12-06,Winter
5913,TXN_7207901,Smoothie,2.0,4.0,8.0,Digital Wallet,In-store,2023-12-11,Winter
5915,TXN_4321091,Smoothie,2.0,4.0,8.0,Cash,In-store,2023-06-15,Summer
5916,TXN_2721997,Coffee,3.0,3.0,9.0,Digital Wallet,Takeaway,2023-05-20,Spring
5917,TXN_6738137,Coffee,4.0,2.0,8.0,Digital Wallet,Takeaway,2023-07-20,Summer
5918,TXN_5365699,Smoothie,5.0,4.0,20.0,Digital Wallet,Takeaway,2023-05-22,Spring
5919,TXN_4807459,Smoothie,1.0,4.0,4.0,Digital Wallet,Takeaway,2023-08-11,Summer
5920,TXN_2790608,Coffee,1.0,3.0,3.0,Cash,In-store,2023-12-18,Winter
5921,TXN_2035137,Tea,2.0,1.5,3.0,Digital Wallet,Takeaway,2023-03-12,Spring
5922,TXN_7603919,Cookie,2.0,1.0,2.0,Digital Wallet,Takeaway,2023-09-25,Autumn
5923,TXN_7429032,Smoothie,2.0,4.0,8.0,Digital Wallet,Takeaway,2023-08-18,Summer
5924,TXN_5241723,Coffee,3.0,2.0,6.0,Cash,Takeaway,2023-07-18,Summer
5925,TXN_5151706,Smoothie,1.0,4.0,4.0,Digital Wallet,Takeaway,2023-03-01,Spring
5926,TXN_6231475,Salad,2.0,5.0,10.0,Credit Card,In-store,2023-03-18,Spring
5927,TXN_6144244,Coffee,3.0,3.0,9.0,Cash,Takeaway,2023-01-08,Winter
5928,TXN_3442435,Smoothie,2.0,4.0,8.0,Digital Wallet,In-store,2023-04-01,Spring
5929,TXN_2631423,Cookie,3.0,1.0,3.0,Cash,Takeaway,2023-01-07,Winter
5930,TXN_1616810,Cookie,2.0,1.0,2.0,Digital Wallet,In-store,2023-09-05,Autumn
5931,TXN_6505914,Coffee,3.0,3.0,9.0,Digital Wallet,Takeaway,2023-01-27,Winter
5932,TXN_1958614,Smoothie,2.0,4.0,8.0,Digital Wallet,Takeaway,2023-07-02,Summer
5933,TXN_6890737,Smoothie,4.0,4.0,16.0,Digital Wallet,Takeaway,2023-05-22,Spring
5934,TXN_6702416,Coffee,1.0,3.0,3.0,Digital Wallet,Takeaway,2023-09-14,Autumn
5935,TXN_5649204,Smoothie,1.0,4.0,4.0,Cash,In-store,2023-03-05,Spring
5936,TXN_4084177,Cookie,3.0,1.0,3.0,Credit Card,In-store,2023-08-13,Summer
5937,TXN_2066115,Salad,4.0,5.0,20.0,Credit Card,In-store,2023-08-18,Summer
5938,TXN_5029643,Tea,2.0,1.5,3.0,Digital Wallet,In-store,2023-12-23,Winter
5939,TXN_7986904,Cookie,3.0,1.0,3.0,Credit Card,Takeaway,2023-08-11,Summer
5940,TXN_4633457,Salad,1.0,5.0,5.0,Credit Card,Takeaway,2023-05-21,Spring
5941,TXN_9368550,Coffee,3.0,3.0,9.0,Digital Wallet,Takeaway,2023-09-26,Autumn
5942,TXN_8049058,Coffee,2.0,3.0,6.0,Cash,Takeaway,2023-04-08,Spring
5943,TXN_5131404,Smoothie,4.0,4.0,16.0,Credit Card,Takeaway,2023-06-18,Summer
5944,TXN_3480562,Coffee,5.0,2.0,10.0,Digital Wallet,Takeaway,2023-12-24,Winter
5945,TXN_6219454,Tea,1.0,1.5,1.5,Cash,In-store,2023-11-14,Autumn
5946,TXN_2551378,Tea,2.0,1.5,3.0,Digital Wallet,Takeaway,2023-10-27,Autumn
5947,TXN_9024388,Salad,1.0,5.0,5.0,Cash,Takeaway,2023-02-27,Winter
5948,TXN_3478329,Tea,3.0,1.5,4.5,Digital Wallet,In-store,2023-10-29,Autumn
5949,TXN_6308974,Cookie,4.0,1.0,4.0,Digital Wallet,In-store,2023-10-02,Autumn
5950,TXN_5571904,Salad,5.0,5.0,25.0,Digital Wallet,Takeaway,2023-08-05,Summer
5951,TXN_6979356,Salad,2.0,5.0,10.0,Digital Wallet,In-store,2023-09-21,Autumn
5952,TXN_9171458,Coffee,2.0,3.0,6.0,Digital Wallet,Takeaway,2023-03-29,Spring
5953,TXN_5537621,Coffee,4.0,3.0,12.0,Digital Wallet,Takeaway,2023-02-28,Winter
5954,TXN_9288156,Coffee,3.0,2.0,6.0,Digital Wallet,Takeaway,2023-11-05,Autumn
5955,TXN_8626720,Coffee,4.0,3.0,12.0,Cash,Takeaway,2023-06-02,Summer
5956,TXN_9181129,Smoothie,5.0,4.0,20.0,Digital Wallet,In-store,2023-09-25,Autumn
5957,TXN_5908362,Smoothie,5.0,4.0,20.0,Digital Wallet,Takeaway,2023-10-03,Autumn
5958,TXN_2086841,Salad,4.0,5.0,20.0,Credit Card,In-store,2023-03-16,Spring
5959,TXN_9944141,Coffee,5.0,3.0,15.0,Credit Card,Takeaway,2023-07-18,Summer
5960,TXN_2438638,Coffee,2.0,3.0,6.0,Credit Card,Takeaway,2023-08-12,Summer
5961,TXN_4644790,Smoothie,1.0,4.0,4.0,Credit Card,Takeaway,2023-09-19,Autumn
5962,TXN_9216933,Cookie,4.0,1.0,4.0,Digital Wallet,Takeaway,2023-05-29,Spring
5963,TXN_8308356,Smoothie,1.0,4.0,4.0,Digital Wallet,Takeaway,2023-11-21,Autumn
5964,TXN_7933500,Tea,3.0,1.5,4.5,Digital Wallet,In-store,2023-09-21,Autumn
5965,TXN_1602123,Coffee,1.0,2.0,2.0,Cash,Takeaway,2023-04-11,Spring
5966,TXN_3321395,Tea,1.0,1.5,1.5,Digital Wallet,Takeaway,2023-07-08,Summer
5967,TXN_7563589,Smoothie,5.0,4.0,20.0,Cash,Takeaway,2023-09-19,Autumn
5968,TXN_7864482,Smoothie,1.0,4.0,4.0,Credit Card,Takeaway,2023-01-28,Winter
5969,TXN_7942343,Cookie,4.0,1.0,4.0,Digital Wallet,Takeaway,2023-06-15,Summer
5970,TXN_1585329,Smoothie,4.0,4.0,16.0,Credit Card,Takeaway,2023-07-16,Summer
5971,TXN_6550460,Smoothie,5.0,4.0,20.0,Digital Wallet,Takeaway,2023-03-15,Spring
5972,TXN_3416466,Coffee,2.0,3.0,6.0,Digital Wallet,Takeaway,2023-09-13,Autumn
5973,TXN_5125759,Coffee,3.0,2.0,6.0,Digital Wallet,Takeaway,2023-06-15,Summer
5974,TXN_7321946,Coffee,3.0,3.0,9.0,Cash,Takeaway,2023-02-12,Winter
5975,TXN_4336291,Salad,5.0,5.0,25.0,Cash,In-store,2023-03-25,Spring
5976,TXN_5240229,Salad,1.0,5.0,5.0,Digital Wallet,In-store,2023-06-10,Summer
5977,TXN_7854253,Coffee,4.0,2.0,8.0,Cash,Takeaway,2023-07-26,Summer
5978,TXN_1971201,Smoothie,2.0,4.0,8.0,Digital Wallet,Takeaway,2023-11-07,Autumn
5979,TXN_2673104,Tea,1.0,1.5,1.5,Digital Wallet,Takeaway,2023-06-23,Summer
5980,TXN_7479695,Smoothie,5.0,4.0,20.0,Credit Card,Takeaway,2023-12-12,Winter
5981,TXN_1084222,Coffee,4.0,2.0,8.0,Digital Wallet,In-store,2023-06-03,Summer
5982,TXN_1723062,Salad,1.0,5.0,5.0,Digital Wallet,In-store,2023-09-21,Autumn
5983,TXN_4987205,Tea,2.0,1.5,3.0,Digital Wallet,Takeaway,2023-06-24,Summer
5984,TXN_8025478,Smoothie,4.0,4.0,16.0,Cash,Takeaway,2023-01-24,Winter
5985,TXN_7529735,Coffee,3.0,2.0,6.0,Digital Wallet,In-store,2023-08-12,Summer
5986,TXN_1598214,Coffee,1.0,3.0,3.0,Credit Card,Takeaway,2023-01-07,Winter
5987,TXN_7872478,Coffee,4.0,3.0,12.0,Credit Card,In-store,2023-04-25,Spring
5988,TXN_9464398,Coffee,4.0,3.0,12.0,Credit Card,Takeaway,2023-09-25,Autumn
5989,TXN_9319656,Tea,5.0,1.5,7.5,Digital Wallet,Takeaway,2023-12-22,Winter
5990,TXN_9212052,Salad,4.0,5.0,20.0,Cash,Takeaway,2023-10-15,Autumn
5991,TXN_2913107,Coffee,4.0,2.0,8.0,Digital Wallet,In-store,2023-05-20,Spring
5992,TXN_2550923,Coffee,2.0,3.0,6.0,Cash,Takeaway,2023-08-26,Summer
5993,TXN_3352028,Cookie,4.0,1.0,4.0,Credit Card,In-store,2023-08-26,Summer
5994,TXN_2682803,Coffee,5.0,3.0,15.0,Credit Card,Takeaway,2023-04-09,Spring
5995,TXN_1745182,Cookie,2.0,1.0,2.0,Digital Wallet,Takeaway,2023-09-26,Autumn
5996,TXN_7608637,Salad,1.0,5.0,5.0,Digital Wallet,Takeaway,2023-04-08,Spring
5998,TXN_4335735,Coffee,2.0,2.0,4.0,Digital Wallet,Takeaway,2023-04-07,Spring
5999,TXN_9264301,Coffee,1.0,2.0,2.0,Digital Wallet,In-store,2023-10-24,Autumn
6000,TXN_6547896,Coffee,3.0,2.0,6.0,Digital Wallet,Takeaway,2023-03-02,Spring
6002,TXN_9868114,Smoothie,2.0,4.0,8.0,Credit Card,In-store,2023-11-12,Autumn
6003,TXN_6127474,Cookie,5.0,1.0,5.0,Cash,In-store,2023-09-17,Autumn
6004,TXN_5549557,Coffee,2.0,3.0,6.0,Cash,In-store,2023-02-27,Winter
6005,TXN_4668762,Smoothie,3.0,4.0,12.0,Digital Wallet,Takeaway,2023-03-10,Spring
6006,TXN_1058466,Cookie,3.0,1.0,3.0,Digital Wallet,Takeaway,2023-12-07,Winter
6007,TXN_8892230,Coffee,5.0,2.0,10.0,Digital Wallet,Takeaway,2023-03-02,Spring
6008,TXN_3332915,Cookie,2.0,1.0,2.0,Digital Wallet,Takeaway,2023-01-19,Winter
6009,TXN_9596023,Coffee,5.0,2.0,10.0,Digital Wallet,Takeaway,2023-11-30,Autumn
6010,TXN_6122423,Salad,4.0,5.0,20.0,Digital Wallet,In-store,2023-09-28,Autumn
6011,TXN_8934637,Smoothie,1.0,4.0,4.0,Digital Wallet,In-store,2023-01-07,Winter
6012,TXN_4846406,Cookie,3.0,1.0,3.0,Cash,In-store,2023-05-22,Spring
6013,TXN_8917300,Cookie,1.0,1.0,1.0,Cash,Takeaway,2023-03-04,Spring
6014,TXN_7742182,Tea,2.0,1.5,3.0,Digital Wallet,Takeaway,2023-11-09,Autumn
6015,TXN_8131533,Coffee,1.0,3.0,3.0,Cash,In-store,2023-07-18,Summer
6016,TXN_1836754,Tea,1.0,1.5,1.5,Credit Card,In-store,2023-09-10,Autumn
6017,TXN_2531878,Salad,3.0,5.0,15.0,Digital Wallet,Takeaway,2023-01-06,Winter
6018,TXN_8126586,Smoothie,5.0,4.0,20.0,Digital Wallet,In-store,2023-11-19,Autumn
6019,TXN_4522292,Cookie,1.0,1.0,1.0,Digital Wallet,In-store,2023-07-12,Summer
6021,TXN_4209377,Salad,2.0,5.0,10.0,Digital Wallet,Takeaway,2023-02-07,Winter
6022,TXN_9097321,Coffee,2.0,3.0,6.0,Credit Card,Takeaway,2023-10-02,Autumn
6023,TXN_8258400,Salad,5.0,5.0,25.0,Digital Wallet,Takeaway,2023-10-09,Autumn
6024,TXN_3267393,Smoothie,2.0,4.0,8.0,Digital Wallet,In-store,2023-02-24,Winter
6025,TXN_2389110,Smoothie,2.0,4.0,8.0,Cash,In-store,2023-05-30,Spring
6026,TXN_2704452,Salad,2.0,5.0,10.0,Credit Card,Takeaway,2023-09-05,Autumn
6027,TXN_4892165,Coffee,3.0,3.0,9.0,Cash,In-store,2023-07-27,Summer
6028,TXN_6588156,Coffee,4.0,3.0,12.0,Digital Wallet,In-store,2023-04-14,Spring
6029,TXN_4721830,Smoothie,3.0,4.0,12.0,Digital Wallet,Takeaway,2023-11-15,Autumn
6030,TXN_6941542,Smoothie,3.0,4.0,12.0,Digital Wallet,In-store,2023-09-27,Autumn
6031,TXN_5214986,Cookie,5.0,1.0,5.0,Credit Card,In-store,2023-09-21,Autumn
6032,TXN_3635874,Smoothie,2.0,4.0,8.0,Cash,Takeaway,2023-03-16,Spring
6033,TXN_1721910,Coffee,4.0,3.0,12.0,Digital Wallet,Takeaway,2023-03-21,Spring
6035,TXN_1120969,Coffee,2.0,2.0,4.0,Credit Card,Takeaway,2023-04-15,Spring
6036,TXN_4246000,Cookie,2.0,1.0,2.0,Credit Card,Takeaway,2023-07-09,Summer
6037,TXN_9253541,Tea,1.0,1.5,1.5,Digital Wallet,Takeaway,2023-06-04,Summer
6038,TXN_9699174,Smoothie,3.0,4.0,12.0,Digital Wallet,Takeaway,2023-01-03,Winter
6039,TXN_6036409,Tea,5.0,1.5,7.5,Cash,Takeaway,2023-02-16,Winter
6040,TXN_5927258,Tea,5.0,1.5,7.5,Digital Wallet,In-store,2023-10-18,Autumn
6041,TXN_6027031,Coffee,5.0,3.0,15.0,Credit Card,In-store,2023-11-15,Autumn
6042,TXN_4449992,Cookie,3.0,1.0,3.0,Digital Wallet,Takeaway,2023-01-09,Winter
6044,TXN_1900906,Coffee,5.0,2.0,10.0,Cash,Takeaway,2023-01-31,Winter
6045,TXN_7171590,Coffee,3.0,2.0,6.0,Credit Card,In-store,2023-04-24,Spring
6046,TXN_5746203,Tea,5.0,1.5,7.5,Cash,Takeaway,2023-07-08,Summer
6047,TXN_1696300,Cookie,1.0,1.0,1.0,Digital Wallet,In-store,2023-05-28,Spring
6048,TXN_1255476,Smoothie,1.0,4.0,4.0,Digital Wallet,Takeaway,2023-08-28,Summer
6049,TXN_9403115,Tea,1.0,1.5,1.5,Digital Wallet,Takeaway,2023-04-17,Spring
6050,TXN_4476539,Salad,2.0,5.0,10.0,Cash,Takeaway,2023-04-19,Spring
6051,TXN_5263133,Coffee,2.0,3.0,6.0,Digital Wallet,Takeaway,2023-05-22,Spring
6052,TXN_8473362,Coffee,3.0,3.0,9.0,Digital Wallet,Takeaway,2023-11-22,Autumn
6053,TXN_8402606,Cookie,3.0,1.0,3.0,Digital Wallet,Takeaway,2023-05-09,Spring
6054,TXN_6857799,Cookie,4.0,1.0,4.0,Cash,Takeaway,2023-01-08,Winter
6055,TXN_9362993,Coffee,3.0,2.0,6.0,Cash,In-store,2023-10-22,Autumn
6056,TXN_7458568,Smoothie,5.0,4.0,20.0,Digital Wallet,Takeaway,2023-05-09,Spring
6058,TXN_1959082,Coffee,5.0,3.0,15.0,Credit Card,Takeaway,2023-06-08,Summer
6059,TXN_9630958,Smoothie,5.0,4.0,20.0,Digital Wallet,In-store,2023-12-26,Winter
6060,TXN_4290475,Smoothie,1.0,4.0,4.0,Digital Wallet,Takeaway,2023-04-20,Spring
6061,TXN_4561296,Salad,5.0,5.0,25.0,Cash,In-store,2023-11-22,Autumn
6062,TXN_6422545,Coffee,2.0,3.0,6.0,Credit Card,Takeaway,2023-11-03,Autumn
6063,TXN_6012728,Coffee,4.0,3.0,12.0,Credit Card,In-store,2023-05-09,Spring
6064,TXN_8886678,Tea,5.0,1.5,7.5,Cash,Takeaway,2023-03-27,Spring
6065,TXN_5424622,Tea,4.0,1.5,6.0,Digital Wallet,In-store,2023-07-12,Summer
6066,TXN_1204426,Smoothie,3.0,4.0,12.0,Credit Card,Takeaway,2023-01-16,Winter
6067,TXN_1885495,Coffee,4.0,2.0,8.0,Cash,Takeaway,2023-03-04,Spring
6068,TXN_3646359,Salad,2.0,5.0,10.0,Credit Card,Takeaway,2023-07-23,Summer
6069,TXN_3284157,Tea,4.0,1.5,6.0,Digital Wallet,Takeaway,2023-05-17,Spring
6070,TXN_4533186,Tea,3.0,1.5,4.5,Digital Wallet,Takeaway,2023-04-19,Spring
6071,TXN_3046567,Salad,2.0,5.0,10.0,Credit Card,In-store,2023-01-07,Winter
6072,TXN_3594827,Coffee,5.0,3.0,15.0,Digital Wallet,In-store,2023-03-09,Spring
6073,TXN_2883054,Coffee,4.0,3.0,12.0,Cash,In-store,2023-11-17,Autumn
6074,TXN_1744319,Smoothie,3.0,4.0,12.0,Cash,Takeaway,2023-03-24,Spring
6075,TXN_6182856,Coffee,4.0,3.0,12.0,Credit Card,Takeaway,2023-04-02,Spring
6076,TXN_7341998,Coffee,3.0,3.0,9.0,Digital Wallet,Takeaway,2023-02-18,Winter
6077,TXN_5438422,Smoothie,3.0,4.0,12.0,Digital Wallet,In-store,2023-09-25,Autumn
6078,TXN_7187128,Tea,5.0,1.5,7.5,Digital Wallet,Takeaway,2023-08-24,Summer
6079,TXN_6499084,Coffee,4.0,3.0,12.0,Credit Card,Takeaway,2023-03-15,Spring
6080,TXN_5738243,Salad,5.0,5.0,25.0,Credit Card,Takeaway,2023-08-30,Summer
6081,TXN_8946752,Tea,4.0,1.5,6.0,Cash,Takeaway,2023-06-08,Summer
6082,TXN_5453217,Coffee,1.0,2.0,2.0,Credit Card,In-store,2023-07-11,Summer
6083,TXN_9340973,Cookie,4.0,1.0,4.0,Cash,Takeaway,2023-03-07,Spring
6084,TXN_8562684,Tea,5.0,1.5,7.5,Digital Wallet,Takeaway,2023-06-25,Summer
6086,TXN_2030078,Smoothie,1.0,4.0,4.0,Digital Wallet,Takeaway,2023-04-10,Spring
6087,TXN_9490465,Smoothie,3.0,4.0,12.0,Digital Wallet,Takeaway,2023-05-06,Spring
6088,TXN_6603668,Coffee,4.0,2.0,8.0,Credit Card,Takeaway,2023-03-07,Spring
6089,TXN_7077961,Tea,4.0,1.5,6.0,Digital Wallet,Takeaway,2023-09-19,Autumn
6090,TXN_3343585,Coffee,1.0,3.0,3.0,Cash,In-store,2023-09-17,Autumn
6091,TXN_7896831,Coffee,5.0,2.0,10.0,Cash,Takeaway,2023-04-01,Spring
6092,TXN_2510233,Smoothie,2.0,4.0,8.0,Credit Card,In-store,2023-11-04,Autumn
6093,TXN_3541337,Cookie,4.0,1.0,4.0,Digital Wallet,Takeaway,2023-09-01,Autumn
6094,TXN_2140056,Cookie,1.0,1.0,1.0,Digital Wallet,Takeaway,2023-12-07,Winter
6095,TXN_9629256,Coffee,4.0,3.0,12.0,Digital Wallet,In-store,2023-11-07,Autumn
6096,TXN_8419985,Coffee,3.0,3.0,9.0,Digital Wallet,Takeaway,2023-08-26,Summer
6097,TXN_6349916,Salad,1.0,5.0,5.0,Cash,Takeaway,2023-07-09,Summer
6098,TXN_6568254,Salad,2.0,5.0,10.0,Credit Card,In-store,2023-02-09,Winter
6099,TXN_1730385,Coffee,2.0,3.0,6.0,Credit Card,Takeaway,2023-03-01,Spring
6100,TXN_7800576,Smoothie,4.0,4.0,16.0,Digital Wallet,Takeaway,2023-07-13,Summer
6101,TXN_6935600,Coffee,3.0,2.0,6.0,Digital Wallet,Takeaway,2023-01-02,Winter
6102,TXN_1851725,Coffee,5.0,3.0,15.0,Cash,Takeaway,2023-02-19,Winter
6103,TXN_5691112,Coffee,5.0,3.0,15.0,Digital Wallet,Takeaway,2023-03-24,Spring
6104,TXN_9514836,Coffee,3.0,2.0,6.0,Digital Wallet,In-store,2023-03-29,Spring
6105,TXN_4172649,Salad,4.0,5.0,20.0,Digital Wallet,Takeaway,2023-05-19,Spring
6106,TXN_6504096,Salad,5.0,5.0,25.0,Cash,Takeaway,2023-09-10,Autumn
6107,TXN_9921708,Coffee,1.0,3.0,3.0,Cash,Takeaway,2023-07-20,Summer
6108,TXN_6361661,Smoothie,2.0,4.0,8.0,Cash,Takeaway,2023-11-05,Autumn
6109,TXN_4329116,Coffee,3.0,3.0,9.0,Credit Card,In-store,2023-09-29,Autumn
6110,TXN_4142781,Smoothie,5.0,4.0,20.0,Digital Wallet,Takeaway,2023-01-30,Winter
6111,TXN_6055428,Salad,5.0,5.0,25.0,Cash,Takeaway,2023-02-25,Winter
6112,TXN_4359885,Cookie,2.0,1.0,2.0,Credit Card,In-store,2023-01-16,Winter
6113,TXN_4255116,Coffee,4.0,3.0,12.0,Credit Card,In-store,2023-12-24,Winter
6114,TXN_6511482,Tea,3.0,1.5,4.5,Credit Card,Takeaway,2023-03-17,Spring
6115,TXN_9672367,Cookie,2.0,1.0,2.0,Digital Wallet,In-store,2023-12-21,Winter
6116,TXN_1514364,Coffee,5.0,2.0,10.0,Digital Wallet,In-store,2023-01-21,Winter
6117,TXN_1643122,Coffee,3.0,3.0,9.0,Digital Wallet,In-store,2023-05-15,Spring
6118,TXN_2252586,Tea,3.0,1.5,4.5,Cash,Takeaway,2023-09-08,Autumn
6119,TXN_8853027,Smoothie,5.0,4.0,20.0,Credit Card,In-store,2023-06-21,Summer
6120,TXN_1489200,Coffee,1.0,3.0,3.0,Digital Wallet,Takeaway,2023-03-27,Spring
6121,TXN_2351890,Tea,4.0,1.5,6.0,Digital Wallet,In-store,2023-02-27,Winter
6122,TXN_1026050,Coffee,1.0,3.0,3.0,Digital Wallet,Takeaway,2023-04-23,Spring
6123,TXN_3882139,Smoothie,4.0,4.0,16.0,Digital Wallet,Takeaway,2023-12-28,Winter
6125,TXN_6149247,Smoothie,3.0,4.0,12.0,Digital Wallet,Takeaway,2023-09-21,Autumn
6126,TXN_3371429,Salad,2.0,5.0,10.0,Credit Card,Takeaway,2023-11-01,Autumn
6127,TXN_5136479,Smoothie,1.0,4.0,4.0,Digital Wallet,In-store,2023-01-04,Winter
6128,TXN_5722175,Tea,2.0,1.5,3.0,Digital Wallet,Takeaway,2023-03-01,Spring
6129,TXN_4075198,Salad,5.0,5.0,25.0,Cash,Takeaway,2023-08-27,Summer
6130,TXN_3865627,Coffee,4.0,2.0,8.0,Digital Wallet,In-store,2023-02-16,Winter
6131,TXN_2136226,Coffee,2.0,3.0,6.0,Digital Wallet,In-store,2023-12-12,Winter
6132,TXN_2920551,Smoothie,4.0,4.0,16.0,Credit Card,Takeaway,2023-11-27,Autumn
6133,TXN_9206923,Smoothie,1.0,4.0,4.0,Digital Wallet,Takeaway,2023-11-16,Autumn
6134,TXN_6335909,Salad,4.0,5.0,20.0,Digital Wallet,In-store,2023-06-21,Summer
6135,TXN_8107970,Coffee,2.0,2.0,4.0,Credit Card,Takeaway,2023-06-03,Summer
6137,TXN_8079747,Salad,2.0,5.0,10.0,Digital Wallet,Takeaway,2023-03-18,Spring
6138,TXN_2135358,Coffee,5.0,3.0,15.0,Credit Card,Takeaway,2023-05-28,Spring
6139,TXN_1313701,Cookie,2.0,1.0,2.0,Digital Wallet,Takeaway,2023-10-03,Autumn
6140,TXN_4035669,Coffee,3.0,3.0,9.0,Cash,Takeaway,2023-04-21,Spring
6142,TXN_4037502,Coffee,2.0,2.0,4.0,Cash,Takeaway,2023-08-10,Summer
6143,TXN_6879752,Tea,1.0,1.5,1.5,Digital Wallet,In-store,2023-10-07,Autumn
6144,TXN_8708666,Coffee,4.0,3.0,12.0,Digital Wallet,Takeaway,2023-01-10,Winter
6145,TXN_5535579,Coffee,5.0,2.0,10.0,Cash,In-store,2023-12-21,Winter
6146,TXN_2449402,Smoothie,5.0,4.0,20.0,Cash,Takeaway,2023-01-29,Winter
6147,TXN_6097759,Smoothie,4.0,4.0,16.0,Cash,In-store,2023-06-18,Summer
6148,TXN_9579740,Coffee,3.0,3.0,9.0,Digital Wallet,Takeaway,2023-03-05,Spring
6149,TXN_3026936,Coffee,5.0,3.0,15.0,Digital Wallet,Takeaway,2023-05-19,Spring
6150,TXN_2532519,Coffee,2.0,3.0,6.0,Digital Wallet,Takeaway,2023-04-10,Spring
6151,TXN_9959765,Coffee,4.0,3.0,12.0,Cash,Takeaway,2023-02-19,Winter
6152,TXN_9514996,Smoothie,2.0,4.0,8.0,Credit Card,Takeaway,2023-07-25,Summer
6153,TXN_6757560,Coffee,4.0,3.0,12.0,Cash,Takeaway,2023-08-12,Summer
6154,TXN_2222893,Coffee,4.0,2.0,8.0,Digital Wallet,Takeaway,2023-12-20,Winter
6155,TXN_4346607,Salad,2.0,5.0,10.0,Digital Wallet,Takeaway,2023-03-17,Spring
6156,TXN_2586830,Coffee,1.0,3.0,3.0,Digital Wallet,In-store,2023-02-12,Winter
6157,TXN_2706461,Salad,3.0,5.0,15.0,Credit Card,Takeaway,2023-12-13,Winter
6158,TXN_1829391,Coffee,4.0,3.0,12.0,Credit Card,Takeaway,2023-10-06,Autumn
6159,TXN_5022805,Smoothie,1.0,4.0,4.0,Credit Card,Takeaway,2023-12-17,Winter
6160,TXN_6815801,Cookie,1.0,1.0,1.0,Digital Wallet,Takeaway,2023-03-15,Spring
6161,TXN_2541441,Coffee,1.0,3.0,3.0,Cash,Takeaway,2023-09-21,Autumn
6162,TXN_5189465,Cookie,4.0,1.0,4.0,Digital Wallet,Takeaway,2023-10-04,Autumn
6163,TXN_1217810,Cookie,1.0,1.0,1.0,Digital Wallet,Takeaway,2023-07-06,Summer
6164,TXN_4894647,Salad,2.0,5.0,10.0,Cash,Takeaway,2023-12-26,Winter
6165,TXN_7622855,Smoothie,2.0,4.0,8.0,Credit Card,Takeaway,2023-07-10,Summer
6166,TXN_3215610,Coffee,2.0,3.0,6.0,Digital Wallet,Takeaway,2023-06-14,Summer
6167,TXN_9931637,Coffee,2.0,3.0,6.0,Cash,Takeaway,2023-09-17,Autumn
6168,TXN_6625294,Smoothie,2.0,4.0,8.0,Digital Wallet,Takeaway,2023-03-05,Spring
6169,TXN_4577368,Coffee,4.0,3.0,12.0,Cash,Takeaway,2023-05-29,Spring
6170,TXN_4158904,Coffee,2.0,3.0,6.0,Digital Wallet,In-store,2023-01-31,Winter
6171,TXN_3444569,Smoothie,1.0,4.0,4.0,Credit Card,Takeaway,2023-10-07,Autumn
6172,TXN_1208926,Cookie,4.0,1.0,4.0,Credit Card,In-store,2023-12-07,Winter
6173,TXN_8090361,Coffee,1.0,2.0,2.0,Digital Wallet,Takeaway,2023-03-12,Spring
6174,TXN_8363628,Salad,1.0,5.0,5.0,Digital Wallet,Takeaway,2023-04-07,Spring
6175,TXN_4761088,Coffee,4.0,3.0,12.0,Digital Wallet,Takeaway,2023-08-27,Summer
6176,TXN_2672126,Cookie,3.0,1.0,3.0,Cash,Takeaway,2023-07-07,Summer
6177,TXN_3232279,Smoothie,4.0,4.0,16.0,Digital Wallet,Takeaway,2023-05-30,Spring
6178,TXN_8526941,Smoothie,5.0,4.0,20.0,Digital Wallet,Takeaway,2023-03-16,Spring
6179,TXN_2453194,Coffee,4.0,3.0,12.0,Digital Wallet,Takeaway,2023-11-18,Autumn
6180,TXN_9970195,Coffee,2.0,2.0,4.0,Digital Wallet,Takeaway,2023-11-10,Autumn
6181,TXN_4458848,Cookie,2.0,1.0,2.0,Digital Wallet,In-store,2023-10-30,Autumn
6182,TXN_1606273,Coffee,1.0,2.0,2.0,Digital Wallet,Takeaway,2023-11-02,Autumn
6183,TXN_8053946,Tea,1.0,1.5,1.5,Digital Wallet,Takeaway,2023-09-18,Autumn
6184,TXN_7963189,Cookie,4.0,1.0,4.0,Digital Wallet,Takeaway,2023-03-24,Spring
6185,TXN_9151273,Tea,2.0,1.5,3.0,Cash,Takeaway,2023-04-09,Spring
6186,TXN_4702345,Salad,4.0,5.0,20.0,Digital Wallet,Takeaway,2023-01-08,Winter
6187,TXN_7972349,Coffee,4.0,3.0,12.0,Digital Wallet,In-store,2023-04-19,Spring
6188,TXN_4832452,Tea,5.0,1.5,7.5,Cash,Takeaway,2023-02-05,Winter
6189,TXN_9314690,Salad,2.0,5.0,10.0,Credit Card,Takeaway,2023-12-11,Winter
6190,TXN_3852141,Coffee,5.0,3.0,15.0,Credit Card,In-store,2023-08-04,Summer
6191,TXN_4723529,Smoothie,2.0,4.0,8.0,Digital Wallet,Takeaway,2023-03-25,Spring
6192,TXN_9537106,Smoothie,3.0,4.0,12.0,Digital Wallet,Takeaway,2023-10-11,Autumn
6193,TXN_6039321,Salad,2.0,5.0,10.0,Credit Card,Takeaway,2023-02-15,Winter
6194,TXN_5797307,Tea,5.0,1.5,7.5,Digital Wallet,In-store,2023-03-16,Spring
6196,TXN_2262398,Tea,1.0,1.5,1.5,Credit Card,Takeaway,2023-09-12,Autumn
6197,TXN_9813095,Coffee,2.0,3.0,6.0,Cash,Takeaway,2023-06-12,Summer
6198,TXN_8627869,Coffee,1.0,3.0,3.0,Digital Wallet,Takeaway,2023-10-31,Autumn
6199,TXN_1123346,Tea,3.0,1.5,4.5,Digital Wallet,Takeaway,2023-07-31,Summer
6200,TXN_6729852,Cookie,4.0,1.0,4.0,Digital Wallet,Takeaway,2023-06-29,Summer
6201,TXN_9300618,Tea,3.0,1.5,4.5,Credit Card,Takeaway,2023-03-06,Spring
6202,TXN_7832527,Coffee,3.0,3.0,9.0,Cash,In-store,2023-01-26,Winter
6203,TXN_4703100,Smoothie,1.0,4.0,4.0,Digital Wallet,Takeaway,2023-01-26,Winter
6204,TXN_1650385,Smoothie,1.0,4.0,4.0,Digital Wallet,Takeaway,2023-07-24,Summer
6205,TXN_3632068,Coffee,2.0,3.0,6.0,Cash,Takeaway,2023-08-29,Summer
6206,TXN_2132434,Salad,4.0,5.0,20.0,Digital Wallet,In-store,2023-06-03,Summer
6207,TXN_3847176,Smoothie,3.0,4.0,12.0,Digital Wallet,Takeaway,2023-05-07,Spring
6208,TXN_9691955,Coffee,3.0,3.0,9.0,Credit Card,In-store,2023-11-03,Autumn
6209,TXN_4985415,Tea,4.0,1.5,6.0,Digital Wallet,Takeaway,2023-08-01,Summer
6210,TXN_1172121,Coffee,5.0,2.0,10.0,Cash,Takeaway,2023-08-26,Summer
6211,TXN_2521185,Smoothie,2.0,4.0,8.0,Cash,Takeaway,2023-03-20,Spring
6212,TXN_6233021,Coffee,5.0,3.0,15.0,Digital Wallet,Takeaway,2023-12-22,Winter
6213,TXN_7498795,Cookie,2.0,1.0,2.0,Cash,Takeaway,2023-03-11,Spring
6214,TXN_6730130,Tea,2.0,1.5,3.0,Digital Wallet,Takeaway,2023-10-16,Autumn
6215,TXN_8810855,Smoothie,4.0,4.0,16.0,Digital Wallet,Takeaway,2023-04-30,Spring
6216,TXN_1599516,Coffee,3.0,3.0,9.0,Cash,In-store,2023-05-11,Spring
6217,TXN_6888839,Tea,3.0,1.5,4.5,Digital Wallet,Takeaway,2023-11-19,Autumn
6218,TXN_5970304,Salad,4.0,5.0,20.0,Credit Card,Takeaway,2023-07-14,Summer
6219,TXN_4559065,Coffee,1.0,3.0,3.0,Cash,In-store,2023-05-03,Spring
6220,TXN_7637325,Cookie,4.0,1.0,4.0,Digital Wallet,Takeaway,2023-05-03,Spring
6221,TXN_9685491,Coffee,4.0,2.0,8.0,Cash,Takeaway,2023-09-20,Autumn
6222,TXN_1767321,Smoothie,1.0,4.0,4.0,Digital Wallet,In-store,2023-03-24,Spring
6223,TXN_9046415,Smoothie,2.0,4.0,8.0,Digital Wallet,Takeaway,2023-06-06,Summer
6224,TXN_3785168,Coffee,3.0,3.0,9.0,Digital Wallet,Takeaway,2023-05-01,Spring
6226,TXN_2696377,Coffee,4.0,3.0,12.0,Digital Wallet,In-store,2023-04-11,Spring
6227,TXN_7754382,Smoothie,4.0,4.0,16.0,Credit Card,Takeaway,2023-06-28,Summer
6228,TXN_4602865,Cookie,5.0,1.0,5.0,Digital Wallet,Takeaway,2023-09-27,Autumn
6229,TXN_5966765,Coffee,5.0,3.0,15.0,Credit Card,Takeaway,2023-11-09,Autumn
6230,TXN_4328228,Smoothie,5.0,4.0,20.0,Digital Wallet,Takeaway,2023-01-08,Winter
6231,TXN_2462604,Tea,5.0,1.5,7.5,Credit Card,Takeaway,2023-07-13,Summer
6232,TXN_2897354,Coffee,4.0,3.0,12.0,Digital Wallet,In-store,2023-06-22,Summer
6233,TXN_5280256,Cookie,5.0,1.0,5.0,Digital Wallet,In-store,2023-07-12,Summer
6234,TXN_3283631,Smoothie,2.0,4.0,8.0,Credit Card,In-store,2023-03-15,Spring
6235,TXN_8929329,Coffee,4.0,3.0,12.0,Digital Wallet,Takeaway,2023-10-29,Autumn
6236,TXN_1328953,Smoothie,3.0,4.0,12.0,Digital Wallet,Takeaway,2023-12-28,Winter
6237,TXN_4852852,Smoothie,2.0,4.0,8.0,Digital Wallet,Takeaway,2023-10-06,Autumn
6239,TXN_3344089,Smoothie,4.0,4.0,16.0,Cash,In-store,2023-08-10,Summer
6240,TXN_2909634,Smoothie,1.0,4.0,4.0,Digital Wallet,Takeaway,2023-10-02,Autumn
6241,TXN_7551280,Cookie,4.0,1.0,4.0,Credit Card,Takeaway,2023-04-14,Spring
6242,TXN_5390533,Smoothie,3.0,4.0,12.0,Digital Wallet,In-store,2023-11-18,Autumn
6243,TXN_8487216,Tea,1.0,1.5,1.5,Cash,Takeaway,2023-07-01,Summer
6244,TXN_3863163,Cookie,3.0,1.0,3.0,Digital Wallet,Takeaway,2023-10-12,Autumn
6245,TXN_4260865,Smoothie,4.0,4.0,16.0,Digital Wallet,Takeaway,2023-02-25,Winter
6246,TXN_7922471,Coffee,3.0,3.0,9.0,Cash,Takeaway,2023-04-18,Spring
6248,TXN_3653560,Coffee,4.0,2.0,8.0,Digital Wallet,Takeaway,2023-07-01,Summer
6249,TXN_4075817,Cookie,2.0,1.0,2.0,Cash,Takeaway,2023-03-18,Spring
6250,TXN_3715065,Salad,3.0,5.0,15.0,Credit Card,Takeaway,2023-03-17,Spring
6251,TXN_9549208,Coffee,1.0,2.0,2.0,Digital Wallet,In-store,2023-10-30,Autumn
6252,TXN_2919952,Coffee,5.0,3.0,15.0,Digital Wallet,In-store,2023-02-17,Winter
6253,TXN_2670824,Coffee,2.0,3.0,6.0,Digital Wallet,Takeaway,2023-03-03,Spring
6254,TXN_7455953,Coffee,2.0,2.0,4.0,Digital Wallet,Takeaway,2023-05-01,Spring
6255,TXN_5926432,Smoothie,4.0,4.0,16.0,Cash,In-store,2023-06-29,Summer
6256,TXN_8235381,Cookie,3.0,1.0,3.0,Digital Wallet,In-store,2023-03-01,Spring
6257,TXN_6206679,Tea,1.0,1.5,1.5,Digital Wallet,In-store,2023-05-01,Spring
6258,TXN_2954630,Salad,2.0,5.0,10.0,Credit Card,Takeaway,2023-09-30,Autumn
6259,TXN_1402641,Tea,3.0,1.5,4.5,Credit Card,Takeaway,2023-09-12,Autumn
6260,TXN_6405489,Smoothie,3.0,4.0,12.0,Credit Card,Takeaway,2023-05-04,Spring
6261,TXN_3003311,Coffee,5.0,3.0,15.0,Digital Wallet,In-store,2023-08-01,Summer
6262,TXN_3273540,Coffee,1.0,3.0,3.0,Credit Card,Takeaway,2023-08-21,Summer
6263,TXN_4570881,Coffee,1.0,2.0,2.0,Digital Wallet,Takeaway,2023-09-14,Autumn
6264,TXN_3421404,Smoothie,4.0,4.0,16.0,Credit Card,Takeaway,2023-05-05,Spring
6265,TXN_8468509,Smoothie,3.0,4.0,12.0,Credit Card,Takeaway,2023-06-13,Summer
6266,TXN_9436342,Coffee,4.0,3.0,12.0,Digital Wallet,In-store,2023-11-26,Autumn
6267,TXN_3110245,Coffee,5.0,3.0,15.0,Cash,Takeaway,2023-04-21,Spring
6268,TXN_1999100,Smoothie,3.0,4.0,12.0,Digital Wallet,Takeaway,2023-11-08,Autumn
6269,TXN_3654203,Coffee,1.0,2.0,2.0,Digital Wallet,Takeaway,2023-04-21,Spring
6270,TXN_2406283,Coffee,4.0,3.0,12.0,Digital Wallet,In-store,2023-02-24,Winter
6271,TXN_8964166,Coffee,5.0,3.0,15.0,Cash,Takeaway,2023-11-10,Autumn
6272,TXN_1354464,Coffee,5.0,3.0,15.0,Digital Wallet,In-store,2023-03-18,Spring
6273,TXN_5582443,Salad,3.0,5.0,15.0,Credit Card,In-store,2023-04-13,Spring
6274,TXN_6204081,Coffee,1.0,3.0,3.0,Digital Wallet,Takeaway,2023-07-12,Summer
6276,TXN_8647048,Smoothie,2.0,4.0,8.0,Credit Card,In-store,2023-11-03,Autumn
6277,TXN_1689024,Coffee,5.0,2.0,10.0,Credit Card,In-store,2023-04-17,Spring
6278,TXN_5422928,Tea,4.0,1.5,6.0,Digital Wallet,Takeaway,2023-09-20,Autumn
6279,TXN_9855567,Cookie,3.0,1.0,3.0,Credit Card,Takeaway,2023-05-25,Spring
6280,TXN_3311860,Coffee,1.0,3.0,3.0,Digital Wallet,In-store,2023-11-21,Autumn
6281,TXN_4147675,Tea,2.0,1.5,3.0,Credit Card,In-store,2023-01-04,Winter
6282,TXN_7560178,Cookie,5.0,1.0,5.0,Digital Wallet,In-store,2023-08-17,Summer
6283,TXN_4677478,Coffee,4.0,3.0,12.0,Digital Wallet,In-store,2023-07-09,Summer
6284,TXN_3930990,Tea,4.0,1.5,6.0,Digital Wallet,Takeaway,2023-02-27,Winter
6285,TXN_8675922,Salad,4.0,5.0,20.0,Digital Wallet,Takeaway,2023-03-31,Spring
6286,TXN_6621596,Salad,2.0,5.0,10.0,Credit Card,Takeaway,2023-09-25,Autumn
6287,TXN_8076942,Cookie,2.0,1.0,2.0,Cash,Takeaway,2023-04-29,Spring
6288,TXN_4367689,Cookie,2.0,1.0,2.0,Cash,Takeaway,2023-09-30,Autumn
6289,TXN_2941800,Salad,5.0,5.0,25.0,Cash,Takeaway,2023-04-25,Spring
6290,TXN_7072581,Cookie,2.0,1.0,2.0,Credit Card,Takeaway,2023-08-12,Summer
6291,TXN_7809506,Salad,2.0,5.0,10.0,Digital Wallet,Takeaway,2023-06-05,Summer
6292,TXN_6884558,Coffee,1.0,3.0,3.0,Cash,In-store,2023-08-14,Summer
6293,TXN_6864420,Cookie,2.0,1.0,2.0,Credit Card,Takeaway,2023-06-18,Summer
6294,TXN_3109057,Tea,4.0,1.5,6.0,Cash,Takeaway,2023-11-26,Autumn
6295,TXN_2257337,Cookie,4.0,1.0,4.0,Cash,Takeaway,2023-07-24,Summer
6296,TXN_9417344,Tea,3.0,1.5,4.5,Digital Wallet,Takeaway,2023-11-09,Autumn
6297,TXN_6503884,Coffee,1.0,3.0,3.0,Cash,In-store,2023-05-28,Spring
6299,TXN_2206639,Coffee,4.0,2.0,8.0,Cash,Takeaway,2023-06-29,Summer
6300,TXN_9337894,Tea,2.0,1.5,3.0,Digital Wallet,Takeaway,2023-12-30,Winter
6301,TXN_7068361,Coffee,5.0,3.0,15.0,Credit Card,Takeaway,2023-12-25,Winter
6302,TXN_1405124,Smoothie,3.0,4.0,12.0,Digital Wallet,Takeaway,2023-08-03,Summer
6303,TXN_2395608,Tea,3.0,1.5,4.5,Cash,In-store,2023-03-16,Spring
6304,TXN_5423024,Smoothie,1.0,4.0,4.0,Digital Wallet,In-store,2023-04-30,Spring
6305,TXN_2802630,Cookie,4.0,1.0,4.0,Digital Wallet,Takeaway,2023-06-18,Summer
6306,TXN_3134595,Coffee,3.0,3.0,9.0,Credit Card,Takeaway,2023-02-25,Winter
6307,TXN_2251128,Smoothie,3.0,4.0,12.0,Credit Card,In-store,2023-06-07,Summer
6308,TXN_4213071,Salad,1.0,5.0,5.0,Digital Wallet,Takeaway,2023-04-10,Spring
6309,TXN_6220280,Tea,1.0,1.5,1.5,Credit Card,Takeaway,2023-02-15,Winter
6310,TXN_4832163,Coffee,4.0,3.0,12.0,Cash,Takeaway,2023-11-17,Autumn
6311,TXN_6663451,Coffee,1.0,3.0,3.0,Cash,Takeaway,2023-08-05,Summer
6312,TXN_1443928,Coffee,4.0,3.0,12.0,Cash,Takeaway,2023-12-03,Winter
6313,TXN_1670597,Coffee,2.0,2.0,4.0,Cash,Takeaway,2023-05-21,Spring
6314,TXN_3854210,Smoothie,1.0,4.0,4.0,Cash,Takeaway,2023-12-30,Winter
6315,TXN_2165745,Coffee,4.0,2.0,8.0,Credit Card,In-store,2023-01-31,Winter
6316,TXN_3082888,Tea,1.0,1.5,1.5,Cash,In-store,2023-09-20,Autumn
6317,TXN_2294397,Coffee,5.0,2.0,10.0,Digital Wallet,In-store,2023-02-25,Winter
6318,TXN_4160784,Cookie,5.0,1.0,5.0,Digital Wallet,In-store,2023-05-20,Spring
6319,TXN_7248594,Coffee,3.0,2.0,6.0,Credit Card,In-store,2023-03-26,Spring
6320,TXN_5031020,Coffee,5.0,2.0,10.0,Digital Wallet,Takeaway,2023-11-25,Autumn
6321,TXN_3059966,Smoothie,1.0,4.0,4.0,Digital Wallet,In-store,2023-12-24,Winter
6322,TXN_9287780,Smoothie,2.0,4.0,8.0,Cash,In-store,2023-09-02,Autumn
6323,TXN_1022220,Coffee,3.0,3.0,9.0,Digital Wallet,Takeaway,2023-08-03,Summer
6324,TXN_7144740,Coffee,4.0,3.0,12.0,Digital Wallet,Takeaway,2023-07-24,Summer
6325,TXN_7666945,Tea,5.0,1.5,7.5,Digital Wallet,Takeaway,2023-07-07,Summer
6326,TXN_7880000,Salad,3.0,5.0,15.0,Credit Card,In-store,2023-01-28,Winter
6327,TXN_4900574,Coffee,3.0,3.0,9.0,Digital Wallet,Takeaway,2023-05-06,Spring
6328,TXN_7838576,Coffee,3.0,2.0,6.0,Digital Wallet,In-store,2023-11-11,Autumn
6329,TXN_1419188,Coffee,5.0,3.0,15.0,Credit Card,Takeaway,2023-11-26,Autumn
6330,TXN_1767201,Salad,5.0,5.0,25.0,Credit Card,Takeaway,2023-07-12,Summer
6331,TXN_2964794,Coffee,2.0,3.0,6.0,Digital Wallet,Takeaway,2023-03-09,Spring
6332,TXN_3936162,Cookie,1.0,1.0,1.0,Digital Wallet,Takeaway,2023-02-26,Winter
6333,TXN_4432082,Coffee,5.0,3.0,15.0,Digital Wallet,Takeaway,2023-04-20,Spring
6334,TXN_9496791,Salad,4.0,5.0,20.0,Credit Card,In-store,2023-07-19,Summer
6335,TXN_4194115,Tea,5.0,1.5,7.5,Digital Wallet,Takeaway,2023-08-17,Summer
6336,TXN_7741707,Salad,3.0,5.0,15.0,Digital Wallet,Takeaway,2023-05-09,Spring
6338,TXN_4216055,Cookie,5.0,1.0,5.0,Digital Wallet,Takeaway,2023-12-27,Winter
6339,TXN_2320493,Smoothie,1.0,4.0,4.0,Digital Wallet,In-store,2023-03-22,Spring
6340,TXN_4835929,Coffee,2.0,2.0,4.0,Digital Wallet,In-store,2023-10-03,Autumn
6341,TXN_6755791,Coffee,2.0,2.0,4.0,Cash,Takeaway,2023-04-01,Spring
6342,TXN_9861432,Cookie,2.0,1.0,2.0,Digital Wallet,Takeaway,2023-12-09,Winter
6343,TXN_8271278,Tea,1.0,1.5,1.5,Digital Wallet,Takeaway,2023-07-01,Summer
6344,TXN_2005032,Cookie,2.0,1.0,2.0,Digital Wallet,Takeaway,2023-11-30,Autumn
6345,TXN_4208919,Smoothie,3.0,4.0,12.0,Digital Wallet,Takeaway,2023-05-30,Spring
6346,TXN_9699083,Smoothie,1.0,4.0,4.0,Cash,In-store,2023-02-12,Winter
6347,TXN_5714767,Salad,4.0,5.0,20.0,Digital Wallet,Takeaway,2023-03-02,Spring
6348,TXN_5844851,Smoothie,5.0,4.0,20.0,Digital Wallet,Takeaway,2023-02-15,Winter
6350,TXN_8141558,Coffee,5.0,3.0,15.0,Credit Card,Takeaway,2023-12-05,Winter
6351,TXN_4314314,Coffee,4.0,3.0,12.0,Cash,Takeaway,2023-01-02,Winter
6352,TXN_4155001,Smoothie,1.0,4.0,4.0,Digital Wallet,Takeaway,2023-11-30,Autumn
6353,TXN_1072678,Coffee,2.0,3.0,6.0,Cash,Takeaway,2023-05-30,Spring
6354,TXN_7981162,Coffee,3.0,3.0,9.0,Credit Card,Takeaway,2023-05-30,Spring
6355,TXN_2316206,Cookie,1.0,1.0,1.0,Credit Card,In-store,2023-01-23,Winter
6356,TXN_7343342,Cookie,2.0,1.0,2.0,Cash,Takeaway,2023-12-21,Winter
6357,TXN_4573096,Coffee,1.0,2.0,2.0,Digital Wallet,In-store,2023-08-13,Summer
6358,TXN_3577482,Coffee,4.0,3.0,12.0,Digital Wallet,Takeaway,2023-06-01,Summer
6359,TXN_6370625,Smoothie,3.0,4.0,12.0,Credit Card,In-store,2023-08-26,Summer
6360,TXN_7580803,Coffee,4.0,3.0,12.0,Cash,In-store,2023-04-06,Spring
6361,TXN_8306028,Salad,1.0,5.0,5.0,Digital Wallet,Takeaway,2023-02-27,Winter
6362,TXN_7530692,Coffee,1.0,2.0,2.0,Credit Card,Takeaway,2023-06-30,Summer
6363,TXN_4383002,Coffee,1.0,2.0,2.0,Digital Wallet,In-store,2023-12-18,Winter
6364,TXN_2939069,Smoothie,5.0,4.0,20.0,Credit Card,Takeaway,2023-09-06,Autumn
6365,TXN_2301001,Smoothie,1.0,4.0,4.0,Digital Wallet,Takeaway,2023-01-06,Winter
6366,TXN_5009924,Coffee,3.0,3.0,9.0,Digital Wallet,Takeaway,2023-09-08,Autumn
6367,TXN_9988801,Smoothie,5.0,4.0,20.0,Cash,Takeaway,2023-10-20,Autumn
6368,TXN_7895514,Coffee,4.0,3.0,12.0,Digital Wallet,Takeaway,2023-08-06,Summer
6369,TXN_8432045,Coffee,3.0,3.0,9.0,Credit Card,Takeaway,2023-11-09,Autumn
6370,TXN_8127433,Smoothie,3.0,4.0,12.0,Digital Wallet,Takeaway,2023-07-11,Summer
6371,TXN_7640914,Salad,1.0,5.0,5.0,Credit Card,Takeaway,2023-02-12,Winter
6372,TXN_4374963,Coffee,1.0,3.0,3.0,Cash,In-store,2023-07-04,Summer
6373,TXN_3212317,Salad,5.0,5.0,25.0,Digital Wallet,Takeaway,2023-05-25,Spring
6374,TXN_7744874,Coffee,1.0,2.0,2.0,Cash,Takeaway,2023-06-28,Summer
6375,TXN_7768350,Cookie,1.0,1.0,1.0,Cash,In-store,2023-08-19,Summer
6376,TXN_9128859,Coffee,2.0,2.0,4.0,Digital Wallet,Takeaway,2023-11-28,Autumn
6377,TXN_9375649,Cookie,4.0,1.0,4.0,Digital Wallet,In-store,2023-03-06,Spring
6378,TXN_4401563,Coffee,5.0,3.0,15.0,Digital Wallet,Takeaway,2023-09-20,Autumn
6379,TXN_8502946,Smoothie,3.0,4.0,12.0,Digital Wallet,In-store,2023-09-15,Autumn
6380,TXN_8687294,Smoothie,3.0,4.0,12.0,Credit Card,Takeaway,2023-08-01,Summer
6381,TXN_2176821,Salad,3.0,5.0,15.0,Digital Wallet,Takeaway,2023-05-05,Spring
6383,TXN_8443384,Smoothie,5.0,4.0,20.0,Digital Wallet,In-store,2023-02-13,Winter
6384,TXN_5053064,Salad,3.0,5.0,15.0,Digital Wallet,Takeaway,2023-06-19,Summer
6385,TXN_7824739,Cookie,3.0,1.0,3.0,Digital Wallet,Takeaway,2023-07-17,Summer
6386,TXN_7226406,Coffee,1.0,3.0,3.0,Credit Card,Takeaway,2023-02-11,Winter
6387,TXN_9793806,Tea,3.0,1.5,4.5,Digital Wallet,Takeaway,2023-04-25,Spring
6388,TXN_8195843,Cookie,4.0,1.0,4.0,Digital Wallet,Takeaway,2023-06-02,Summer
6389,TXN_6027923,Salad,1.0,5.0,5.0,Digital Wallet,Takeaway,2023-07-23,Summer
6390,TXN_5438652,Smoothie,4.0,4.0,16.0,Cash,Takeaway,2023-03-17,Spring
6391,TXN_8385625,Tea,4.0,1.5,6.0,Digital Wallet,Takeaway,2023-12-23,Winter
6392,TXN_7814715,Cookie,5.0,1.0,5.0,Cash,Takeaway,2023-04-24,Spring
6393,TXN_6532452,Smoothie,5.0,4.0,20.0,Cash,Takeaway,2023-02-24,Winter
6394,TXN_9706608,Smoothie,1.0,4.0,4.0,Cash,Takeaway,2023-05-22,Spring
6395,TXN_5963749,Coffee,1.0,3.0,3.0,Digital Wallet,In-store,2023-11-04,Autumn
6396,TXN_6885218,Salad,1.0,5.0,5.0,Digital Wallet,In-store,2023-10-23,Autumn
6397,TXN_3845871,Smoothie,1.0,4.0,4.0,Digital Wallet,In-store,2023-10-29,Autumn
6398,TXN_5767392,Coffee,5.0,3.0,15.0,Credit Card,Takeaway,2023-10-24,Autumn
6400,TXN_8685281,Tea,1.0,1.5,1.5,Digital Wallet,In-store,2023-07-30,Summer
6401,TXN_3205079,Coffee,5.0,3.0,15.0,Credit Card,Takeaway,2023-11-07,Autumn
6402,TXN_1523626,Coffee,4.0,3.0,12.0,Digital Wallet,Takeaway,2023-07-21,Summer
6403,TXN_8944202,Smoothie,3.0,4.0,12.0,Credit Card,Takeaway,2023-06-08,Summer
6404,TXN_2402993,Cookie,5.0,1.0,5.0,Cash,Takeaway,2023-06-11,Summer
6405,TXN_1340358,Smoothie,3.0,4.0,12.0,Cash,Takeaway,2023-06-09,Summer
6406,TXN_6959328,Smoothie,3.0,4.0,12.0,Credit Card,Takeaway,2023-04-23,Spring
6407,TXN_1613996,Coffee,2.0,3.0,6.0,Digital Wallet,In-store,2023-10-12,Autumn
6408,TXN_9285475,Tea,5.0,1.5,7.5,Digital Wallet,Takeaway,2023-11-14,Autumn
6409,TXN_8077929,Tea,3.0,1.5,4.5,Digital Wallet,Takeaway,2023-08-06,Summer
6410,TXN_7899009,Coffee,1.0,2.0,2.0,Cash,Takeaway,2023-03-08,Spring
6411,TXN_9213505,Smoothie,2.0,4.0,8.0,Digital Wallet,Takeaway,2023-11-01,Autumn
6412,TXN_8724602,Coffee,4.0,3.0,12.0,Credit Card,Takeaway,2023-06-26,Summer
6413,TXN_9067597,Salad,4.0,5.0,20.0,Cash,Takeaway,2023-11-02,Autumn
6414,TXN_9714116,Smoothie,4.0,4.0,16.0,Digital Wallet,In-store,2023-11-17,Autumn
6415,TXN_8987697,Cookie,5.0,1.0,5.0,Cash,Takeaway,2023-12-19,Winter
6416,TXN_1940778,Tea,2.0,1.5,3.0,Cash,In-store,2023-02-01,Winter
6418,TXN_4271502,Coffee,2.0,3.0,6.0,Digital Wallet,Takeaway,2023-07-03,Summer
6419,TXN_8124795,Salad,5.0,5.0,25.0,Digital Wallet,In-store,2023-08-11,Summer
6420,TXN_7860953,Smoothie,1.0,4.0,4.0,Digital Wallet,Takeaway,2023-09-10,Autumn
6421,TXN_8164119,Tea,3.0,1.5,4.5,Credit Card,Takeaway,2023-01-07,Winter
6423,TXN_7809290,Coffee,1.0,3.0,3.0,Cash,Takeaway,2023-10-14,Autumn
6424,TXN_5332538,Coffee,3.0,2.0,6.0,Digital Wallet,Takeaway,2023-01-15,Winter
6425,TXN_7375024,Cookie,1.0,1.0,1.0,Cash,In-store,2023-12-10,Winter
6426,TXN_5675095,Smoothie,4.0,4.0,16.0,Digital Wallet,Takeaway,2023-05-18,Spring
6427,TXN_4197851,Salad,3.0,5.0,15.0,Digital Wallet,In-store,2023-02-05,Winter
6428,TXN_7931086,Smoothie,3.0,4.0,12.0,Credit Card,Takeaway,2023-06-25,Summer
6429,TXN_2536573,Smoothie,2.0,4.0,8.0,Cash,In-store,2023-06-24,Summer
6430,TXN_3374262,Tea,2.0,1.5,3.0,Digital Wallet,In-store,2023-04-14,Spring
6431,TXN_9110336,Cookie,5.0,1.0,5.0,Digital Wallet,Takeaway,2023-04-06,Spring
6432,TXN_3901665,Coffee,1.0,3.0,3.0,Credit Card,Takeaway,2023-10-19,Autumn
6433,TXN_9211917,Smoothie,4.0,4.0,16.0,Digital Wallet,In-store,2023-12-17,Winter
6434,TXN_7893709,Coffee,4.0,3.0,12.0,Credit Card,Takeaway,2023-03-14,Spring
6435,TXN_4296023,Tea,5.0,1.5,7.5,Digital Wallet,In-store,2023-10-08,Autumn
6436,TXN_3403409,Coffee,2.0,3.0,6.0,Digital Wallet,Takeaway,2023-02-22,Winter
6437,TXN_1398511,Coffee,5.0,2.0,10.0,Digital Wallet,Takeaway,2023-12-19,Winter
6438,TXN_4350854,Cookie,2.0,1.0,2.0,Cash,In-store,2023-01-31,Winter
6439,TXN_1867158,Cookie,4.0,1.0,4.0,Digital Wallet,Takeaway,2023-05-16,Spring
6440,TXN_2662711,Coffee,1.0,3.0,3.0,Digital Wallet,Takeaway,2023-11-02,Autumn
6441,TXN_4439660,Coffee,3.0,2.0,6.0,Digital Wallet,Takeaway,2023-02-06,Winter
6442,TXN_9417252,Smoothie,2.0,4.0,8.0,Credit Card,Takeaway,2023-08-17,Summer
6443,TXN_7502558,Coffee,5.0,3.0,15.0,Digital Wallet,In-store,2023-02-23,Winter
6444,TXN_8453282,Cookie,3.0,1.0,3.0,Cash,Takeaway,2023-03-08,Spring
6445,TXN_5921766,Smoothie,3.0,4.0,12.0,Digital Wallet,In-store,2023-11-06,Autumn
6446,TXN_7688029,Coffee,5.0,3.0,15.0,Credit Card,In-store,2023-05-30,Spring
6447,TXN_2000331,Smoothie,3.0,4.0,12.0,Digital Wallet,Takeaway,2023-03-30,Spring
6448,TXN_3420633,Salad,4.0,5.0,20.0,Digital Wallet,Takeaway,2023-04-11,Spring
6449,TXN_3431892,Coffee,2.0,3.0,6.0,Digital Wallet,In-store,2023-07-18,Summer
6450,TXN_5220527,Cookie,4.0,1.0,4.0,Digital Wallet,Takeaway,2023-08-06,Summer
6451,TXN_1205773,Salad,5.0,5.0,25.0,Cash,Takeaway,2023-01-27,Winter
6452,TXN_3061405,Smoothie,5.0,4.0,20.0,Digital Wallet,Takeaway,2023-12-01,Winter
6453,TXN_8696857,Coffee,1.0,2.0,2.0,Digital Wallet,Takeaway,2023-10-01,Autumn
6454,TXN_9668265,Cookie,3.0,1.0,3.0,Credit Card,Takeaway,2023-06-20,Summer
6456,TXN_7463102,Smoothie,5.0,4.0,20.0,Cash,Takeaway,2023-11-27,Autumn
6458,TXN_4547294,Tea,1.0,1.5,1.5,Digital Wallet,Takeaway,2023-09-30,Autumn
6459,TXN_8430882,Smoothie,2.0,4.0,8.0,Digital Wallet,Takeaway,2023-06-17,Summer
6460,TXN_9114647,Salad,5.0,5.0,25.0,Digital Wallet,In-store,2023-11-19,Autumn
6462,TXN_5413433,Coffee,4.0,3.0,12.0,Digital Wallet,In-store,2023-06-03,Summer
6463,TXN_9388222,Cookie,1.0,1.0,1.0,Digital Wallet,In-store,2023-04-21,Spring
6464,TXN_6618750,Smoothie,5.0,4.0,20.0,Credit Card,Takeaway,2023-03-07,Spring
6465,TXN_6712087,Coffee,2.0,3.0,6.0,Digital Wallet,In-store,2023-06-06,Summer
6466,TXN_1862184,Coffee,4.0,2.0,8.0,Digital Wallet,In-store,2023-01-21,Winter
6467,TXN_6149800,Smoothie,4.0,4.0,16.0,Digital Wallet,Takeaway,2023-05-05,Spring
6468,TXN_6433525,Smoothie,2.0,4.0,8.0,Digital Wallet,Takeaway,2023-09-02,Autumn
6469,TXN_2642834,Salad,2.0,5.0,10.0,Cash,Takeaway,2023-11-13,Autumn
6470,TXN_6745398,Tea,4.0,1.5,6.0,Digital Wallet,Takeaway,2023-02-28,Winter
6471,TXN_5660949,Cookie,3.0,1.0,3.0,Credit Card,In-store,2023-01-10,Winter
6472,TXN_9540340,Smoothie,2.0,4.0,8.0,Cash,Takeaway,2023-11-15,Autumn
6473,TXN_5200292,Salad,4.0,5.0,20.0,Cash,Takeaway,2023-01-12,Winter
6474,TXN_4118960,Smoothie,5.0,4.0,20.0,Credit Card,Takeaway,2023-09-24,Autumn
6475,TXN_2265543,Salad,3.0,5.0,15.0,Digital Wallet,Takeaway,2023-02-19,Winter
6476,TXN_7360979,Smoothie,1.0,4.0,4.0,Digital Wallet,In-store,2023-08-16,Summer
6477,TXN_1849597,Smoothie,2.0,4.0,8.0,Cash,Takeaway,2023-11-01,Autumn
6478,TXN_3214521,Tea,4.0,1.5,6.0,Digital Wallet,Takeaway,2023-06-30,Summer
6479,TXN_5107249,Smoothie,4.0,4.0,16.0,Cash,Takeaway,2023-03-20,Spring
6480,TXN_1941099,Cookie,5.0,1.0,5.0,Cash,Takeaway,2023-04-14,Spring
6481,TXN_3228646,Cookie,5.0,1.0,5.0,Credit Card,Takeaway,2023-09-19,Autumn
6482,TXN_3295578,Coffee,1.0,3.0,3.0,Digital Wallet,In-store,2023-05-04,Spring
6483,TXN_3717422,Salad,2.0,5.0,10.0,Cash,Takeaway,2023-06-15,Summer
6484,TXN_5350735,Tea,2.0,1.5,3.0,Cash,Takeaway,2023-04-08,Spring
6485,TXN_1128577,Smoothie,1.0,4.0,4.0,Digital Wallet,In-store,2023-11-23,Autumn
6486,TXN_6533267,Tea,3.0,1.5,4.5,Cash,In-store,2023-07-14,Summer
6487,TXN_1413310,Smoothie,3.0,4.0,12.0,Digital Wallet,Takeaway,2023-04-06,Spring
6488,TXN_4166020,Coffee,4.0,3.0,12.0,Digital Wallet,In-store,2023-08-18,Summer
6489,TXN_9496018,Tea,5.0,1.5,7.5,Digital Wallet,Takeaway,2023-01-05,Winter
6490,TXN_5609139,Tea,2.0,1.5,3.0,Digital Wallet,Takeaway,2023-10-13,Autumn
6491,TXN_5087453,Tea,3.0,1.5,4.5,Cash,Takeaway,2023-04-09,Spring
6492,TXN_3312088,Coffee,1.0,3.0,3.0,Digital Wallet,Takeaway,2023-08-17,Summer
6493,TXN_2049313,Tea,4.0,1.5,6.0,Credit Card,Takeaway,2023-12-25,Winter
6494,TXN_4001774,Tea,5.0,1.5,7.5,Digital Wallet,Takeaway,2023-02-10,Winter
6495,TXN_9627891,Coffee,2.0,2.0,4.0,Credit Card,In-store,2023-01-09,Winter
6496,TXN_5584275,Smoothie,1.0,4.0,4.0,Credit Card,In-store,2023-07-10,Summer
6497,TXN_1873800,Smoothie,3.0,4.0,12.0,Digital Wallet,In-store,2023-02-01,Winter
6498,TXN_3602823,Coffee,4.0,2.0,8.0,Digital Wallet,Takeaway,2023-08-26,Summer
6499,TXN_5528426,Smoothie,4.0,4.0,16.0,Cash,Takeaway,2023-06-01,Summer
6500,TXN_7626322,Coffee,4.0,3.0,12.0,Cash,Takeaway,2023-12-21,Winter
6501,TXN_4432546,Coffee,2.0,2.0,4.0,Digital Wallet,Takeaway,2023-11-29,Autumn
6502,TXN_6372031,Coffee,3.0,3.0,9.0,Digital Wallet,In-store,2023-08-11,Summer
6503,TXN_6874059,Salad,4.0,5.0,20.0,Digital Wallet,Takeaway,2023-01-12,Winter
6504,TXN_3843111,Smoothie,2.0,4.0,8.0,Digital Wallet,Takeaway,2023-09-15,Autumn
6505,TXN_8916446,Cookie,2.0,1.0,2.0,Cash,Takeaway,2023-07-19,Summer
6506,TXN_1823906,Salad,3.0,5.0,15.0,Digital Wallet,In-store,2023-06-26,Summer
6507,TXN_2927941,Smoothie,4.0,4.0,16.0,Credit Card,Takeaway,2023-08-29,Summer
6508,TXN_5972836,Smoothie,3.0,4.0,12.0,Cash,Takeaway,2023-02-14,Winter
6509,TXN_7484638,Smoothie,3.0,4.0,12.0,Digital Wallet,In-store,2023-10-17,Autumn
6510,TXN_2073647,Smoothie,3.0,4.0,12.0,Digital Wallet,In-store,2023-09-01,Autumn
6511,TXN_1610137,Coffee,3.0,2.0,6.0,Cash,Takeaway,2023-04-02,Spring
6512,TXN_9094628,Coffee,2.0,2.0,4.0,Digital Wallet,In-store,2023-02-13,Winter
6513,TXN_2262195,Smoothie,3.0,4.0,12.0,Cash,Takeaway,2023-10-13,Autumn
6514,TXN_8047234,Coffee,3.0,3.0,9.0,Credit Card,Takeaway,2023-08-29,Summer
6515,TXN_7108012,Tea,1.0,1.5,1.5,Digital Wallet,Takeaway,2023-12-31,Winter
6516,TXN_3272946,Salad,3.0,5.0,15.0,Credit Card,In-store,2023-09-06,Autumn
6517,TXN_6896663,Coffee,3.0,3.0,9.0,Digital Wallet,In-store,2023-05-16,Spring
6518,TXN_7308096,Tea,2.0,1.5,3.0,Cash,Takeaway,2023-08-13,Summer
6519,TXN_3607778,Smoothie,2.0,4.0,8.0,Cash,Takeaway,2023-11-20,Autumn
6520,TXN_7105069,Coffee,1.0,2.0,2.0,Cash,Takeaway,2023-12-06,Winter
6521,TXN_7461544,Cookie,4.0,1.0,4.0,Credit Card,Takeaway,2023-08-22,Summer
6522,TXN_5853281,Coffee,4.0,2.0,8.0,Digital Wallet,Takeaway,2023-08-29,Summer
6523,TXN_5488764,Coffee,4.0,2.0,8.0,Digital Wallet,Takeaway,2023-06-30,Summer
6524,TXN_4268746,Coffee,5.0,3.0,15.0,Credit Card,In-store,2023-01-12,Winter
6525,TXN_1767872,Salad,2.0,5.0,10.0,Credit Card,In-store,2023-01-05,Winter
6526,TXN_9684822,Coffee,1.0,3.0,3.0,Digital Wallet,Takeaway,2023-11-18,Autumn
6527,TXN_7208983,Salad,1.0,5.0,5.0,Digital Wallet,In-store,2023-09-28,Autumn
6528,TXN_8704128,Coffee,5.0,3.0,15.0,Digital Wallet,Takeaway,2023-02-25,Winter
6529,TXN_7971660,Cookie,3.0,1.0,3.0,Cash,Takeaway,2023-10-02,Autumn
6530,TXN_6179190,Coffee,1.0,2.0,2.0,Digital Wallet,Takeaway,2023-07-23,Summer
6531,TXN_9271577,Coffee,2.0,3.0,6.0,Credit Card,In-store,2023-04-13,Spring
6532,TXN_3016203,Salad,1.0,5.0,5.0,Cash,In-store,2023-06-16,Summer
6533,TXN_6440555,Smoothie,1.0,4.0,4.0,Cash,In-store,2023-07-11,Summer
6534,TXN_5635779,Coffee,5.0,3.0,15.0,Cash,In-store,2023-07-01,Summer
6536,TXN_9839214,Coffee,1.0,3.0,3.0,Digital Wallet,Takeaway,2023-12-25,Winter
6537,TXN_7368194,Smoothie,2.0,4.0,8.0,Credit Card,In-store,2023-10-29,Autumn
6538,TXN_1328230,Smoothie,5.0,4.0,20.0,Cash,Takeaway,2023-02-03,Winter
6539,TXN_9789310,Smoothie,4.0,4.0,16.0,Credit Card,In-store,2023-05-09,Spring
6540,TXN_6425706,Coffee,1.0,3.0,3.0,Digital Wallet,Takeaway,2023-12-09,Winter
6541,TXN_5996973,Smoothie,5.0,4.0,20.0,Digital Wallet,In-store,2023-05-02,Spring
6542,TXN_2561970,Smoothie,3.0,4.0,12.0,Digital Wallet,In-store,2023-03-16,Spring
6543,TXN_7137256,Smoothie,2.0,4.0,8.0,Cash,Takeaway,2023-06-22,Summer
6544,TXN_5926982,Coffee,4.0,2.0,8.0,Digital Wallet,Takeaway,2023-05-16,Spring
6545,TXN_3398611,Smoothie,5.0,4.0,20.0,Cash,Takeaway,2023-10-01,Autumn
6546,TXN_4539758,Smoothie,3.0,4.0,12.0,Digital Wallet,In-store,2023-06-01,Summer
6547,TXN_6259087,Smoothie,2.0,4.0,8.0,Digital Wallet,In-store,2023-12-27,Winter
6549,TXN_2987590,Smoothie,5.0,4.0,20.0,Digital Wallet,In-store,2023-02-17,Winter
6550,TXN_6687029,Smoothie,2.0,4.0,8.0,Credit Card,In-store,2023-08-23,Summer
6551,TXN_1199898,Smoothie,1.0,4.0,4.0,Credit Card,Takeaway,2023-10-26,Autumn
6552,TXN_4787990,Cookie,3.0,1.0,3.0,Digital Wallet,Takeaway,2023-02-04,Winter
6553,TXN_9606045,Tea,2.0,1.5,3.0,Digital Wallet,Takeaway,2023-10-14,Autumn
6554,TXN_1569248,Tea,1.0,1.5,1.5,Credit Card,Takeaway,2023-11-14,Autumn
6555,TXN_1151605,Coffee,1.0,2.0,2.0,Digital Wallet,Takeaway,2023-05-02,Spring
6556,TXN_4602430,Smoothie,3.0,4.0,12.0,Credit Card,In-store,2023-01-31,Winter
6557,TXN_3232043,Tea,2.0,1.5,3.0,Digital Wallet,In-store,2023-07-05,Summer
6558,TXN_3251340,Salad,4.0,5.0,20.0,Digital Wallet,In-store,2023-06-18,Summer
6559,TXN_7412782,Cookie,2.0,1.0,2.0,Digital Wallet,Takeaway,2023-03-28,Spring
6560,TXN_5663260,Smoothie,4.0,4.0,16.0,Digital Wallet,Takeaway,2023-10-08,Autumn
6561,TXN_5570967,Coffee,1.0,2.0,2.0,Credit Card,In-store,2023-12-12,Winter
6562,TXN_8271541,Smoothie,2.0,4.0,8.0,Digital Wallet,Takeaway,2023-09-07,Autumn
6563,TXN_2238658,Tea,3.0,1.5,4.5,Digital Wallet,Takeaway,2023-08-11,Summer
6564,TXN_2564718,Salad,5.0,5.0,25.0,Digital Wallet,Takeaway,2023-10-10,Autumn
6565,TXN_9050127,Smoothie,5.0,4.0,20.0,Credit Card,Takeaway,2023-02-26,Winter
6566,TXN_6533450,Smoothie,1.0,4.0,4.0,Digital Wallet,In-store,2023-11-22,Autumn
6567,TXN_8046891,Coffee,1.0,2.0,2.0,Credit Card,Takeaway,2023-02-24,Winter
6568,TXN_7770487,Smoothie,1.0,4.0,4.0,Cash,In-store,2023-08-09,Summer
6569,TXN_2279313,Cookie,2.0,1.0,2.0,Digital Wallet,In-store,2023-08-23,Summer
6570,TXN_9943050,Tea,1.0,1.5,1.5,Digital Wallet,Takeaway,2023-05-16,Spring
6571,TXN_2694605,Cookie,2.0,1.0,2.0,Credit Card,Takeaway,2023-11-09,Autumn
6572,TXN_2161957,Cookie,2.0,1.0,2.0,Digital Wallet,Takeaway,2023-05-19,Spring
6573,TXN_3647474,Coffee,4.0,2.0,8.0,Digital Wallet,Takeaway,2023-05-05,Spring
6574,TXN_4877601,Cookie,2.0,1.0,2.0,Digital Wallet,Takeaway,2023-07-14,Summer
6575,TXN_7868470,Coffee,3.0,3.0,9.0,Digital Wallet,Takeaway,2023-04-14,Spring
6576,TXN_1927704,Salad,2.0,5.0,10.0,Digital Wallet,In-store,2023-01-05,Winter
6577,TXN_4819416,Salad,3.0,5.0,15.0,Digital Wallet,Takeaway,2023-06-01,Summer
6578,TXN_8076152,Tea,4.0,1.5,6.0,Digital Wallet,Takeaway,2023-12-18,Winter
6579,TXN_9409405,Coffee,3.0,2.0,6.0,Digital Wallet,In-store,2023-02-11,Winter
6580,TXN_4055876,Salad,3.0,5.0,15.0,Credit Card,In-store,2023-10-15,Autumn
6581,TXN_1929398,Smoothie,1.0,4.0,4.0,Digital Wallet,In-store,2023-02-23,Winter
6582,TXN_2131494,Salad,2.0,5.0,10.0,Cash,Takeaway,2023-02-27,Winter
6583,TXN_3093284,Coffee,4.0,2.0,8.0,Digital Wallet,In-store,2023-01-01,Winter
6584,TXN_3679245,Smoothie,4.0,4.0,16.0,Digital Wallet,In-store,2023-09-16,Autumn
6585,TXN_2276426,Coffee,5.0,3.0,15.0,Credit Card,In-store,2023-10-21,Autumn
6586,TXN_9608095,Coffee,1.0,2.0,2.0,Credit Card,In-store,2023-12-07,Winter
6587,TXN_9587704,Coffee,5.0,3.0,15.0,Cash,Takeaway,2023-07-29,Summer
6588,TXN_9863114,Coffee,5.0,3.0,15.0,Digital Wallet,Takeaway,2023-02-01,Winter
6589,TXN_2372348,Coffee,2.0,3.0,6.0,Digital Wallet,Takeaway,2023-01-05,Winter
6590,TXN_6660602,Salad,4.0,5.0,20.0,Digital Wallet,Takeaway,2023-05-20,Spring
6591,TXN_3386311,Coffee,1.0,3.0,3.0,Cash,In-store,2023-11-30,Autumn
6592,TXN_7049149,Smoothie,4.0,4.0,16.0,Digital Wallet,Takeaway,2023-08-27,Summer
6593,TXN_4112230,Smoothie,5.0,4.0,20.0,Digital Wallet,Takeaway,2023-11-19,Autumn
6594,TXN_1675510,Smoothie,3.0,4.0,12.0,Digital Wallet,Takeaway,2023-09-09,Autumn
6595,TXN_5853158,Smoothie,4.0,4.0,16.0,Cash,Takeaway,2023-09-25,Autumn
6596,TXN_4187673,Coffee,2.0,3.0,6.0,Digital Wallet,Takeaway,2023-04-02,Spring
6597,TXN_3017494,Tea,1.0,1.5,1.5,Digital Wallet,Takeaway,2023-11-21,Autumn
6598,TXN_8086161,Smoothie,2.0,4.0,8.0,Cash,In-store,2023-03-10,Spring
6599,TXN_5729112,Coffee,1.0,2.0,2.0,Credit Card,Takeaway,2023-06-30,Summer
6600,TXN_4613595,Salad,3.0,5.0,15.0,Credit Card,Takeaway,2023-07-07,Summer
6601,TXN_4152991,Smoothie,5.0,4.0,20.0,Digital Wallet,Takeaway,2023-12-17,Winter
6602,TXN_1196324,Tea,4.0,1.5,6.0,Credit Card,In-store,2023-09-26,Autumn
6603,TXN_5944318,Cookie,1.0,1.0,1.0,Cash,Takeaway,2023-01-23,Winter
6604,TXN_5148823,Coffee,1.0,3.0,3.0,Digital Wallet,Takeaway,2023-03-27,Spring
6605,TXN_2887528,Coffee,2.0,3.0,6.0,Digital Wallet,Takeaway,2023-04-23,Spring
6606,TXN_7312736,Cookie,2.0,1.0,2.0,Digital Wallet,Takeaway,2023-12-02,Winter
6607,TXN_5775717,Tea,3.0,1.5,4.5,Digital Wallet,Takeaway,2023-08-02,Summer
6608,TXN_4442095,Salad,4.0,5.0,20.0,Digital Wallet,Takeaway,2023-02-18,Winter
6609,TXN_6621007,Coffee,2.0,3.0,6.0,Digital Wallet,Takeaway,2023-03-05,Spring
6610,TXN_6740691,Tea,1.0,1.5,1.5,Cash,Takeaway,2023-07-06,Summer
6612,TXN_4359568,Coffee,3.0,2.0,6.0,Digital Wallet,Takeaway,2023-12-21,Winter
6613,TXN_3941164,Coffee,4.0,2.0,8.0,Digital Wallet,Takeaway,2023-04-16,Spring
6614,TXN_5244931,Coffee,1.0,2.0,2.0,Digital Wallet,Takeaway,2023-09-30,Autumn
6615,TXN_8181326,Tea,5.0,1.5,7.5,Cash,Takeaway,2023-02-28,Winter
6616,TXN_8912589,Smoothie,3.0,4.0,12.0,Cash,Takeaway,2023-10-19,Autumn
6617,TXN_1234390,Coffee,2.0,3.0,6.0,Digital Wallet,Takeaway,2023-06-02,Summer
6618,TXN_5336437,Tea,5.0,1.5,7.5,Credit Card,Takeaway,2023-05-07,Spring
6619,TXN_6271633,Coffee,2.0,3.0,6.0,Digital Wallet,In-store,2023-03-07,Spring
6620,TXN_4805204,Tea,5.0,1.5,7.5,Digital Wallet,In-store,2023-04-25,Spring
6621,TXN_3094786,Smoothie,4.0,4.0,16.0,Credit Card,Takeaway,2023-01-16,Winter
6622,TXN_7082667,Salad,4.0,5.0,20.0,Cash,In-store,2023-08-03,Summer
6623,TXN_4807049,Cookie,1.0,1.0,1.0,Credit Card,Takeaway,2023-06-07,Summer
6624,TXN_1840584,Coffee,5.0,3.0,15.0,Digital Wallet,Takeaway,2023-05-28,Spring
6625,TXN_8030379,Salad,4.0,5.0,20.0,Cash,In-store,2023-07-21,Summer
6626,TXN_7746634,Coffee,5.0,3.0,15.0,Digital Wallet,In-store,2023-07-04,Summer
6627,TXN_2361290,Salad,4.0,5.0,20.0,Cash,Takeaway,2023-07-16,Summer
6629,TXN_3654299,Coffee,1.0,2.0,2.0,Cash,Takeaway,2023-09-19,Autumn
6630,TXN_8811945,Salad,1.0,5.0,5.0,Digital Wallet,Takeaway,2023-02-18,Winter
6631,TXN_8659963,Coffee,4.0,3.0,12.0,Cash,Takeaway,2023-01-21,Winter
6632,TXN_3676131,Coffee,3.0,2.0,6.0,Digital Wallet,Takeaway,2023-09-11,Autumn
6633,TXN_2935758,Smoothie,1.0,4.0,4.0,Credit Card,In-store,2023-09-03,Autumn
6634,TXN_1711730,Coffee,5.0,3.0,15.0,Digital Wallet,Takeaway,2023-06-01,Summer
6635,TXN_8659575,Tea,2.0,1.5,3.0,Digital Wallet,Takeaway,2023-12-17,Winter
6636,TXN_5360210,Tea,5.0,1.5,7.5,Cash,Takeaway,2023-06-29,Summer
6637,TXN_7970325,Coffee,2.0,3.0,6.0,Digital Wallet,Takeaway,2023-03-13,Spring
6638,TXN_8521037,Smoothie,1.0,4.0,4.0,Digital Wallet,In-store,2023-11-21,Autumn
6639,TXN_5473680,Coffee,3.0,2.0,6.0,Credit Card,Takeaway,2023-12-24,Winter
6640,TXN_6830192,Coffee,3.0,3.0,9.0,Digital Wallet,Takeaway,2023-08-02,Summer
6641,TXN_5999810,Smoothie,4.0,4.0,16.0,Credit Card,Takeaway,2023-06-19,Summer
6642,TXN_6677631,Tea,5.0,1.5,7.5,Digital Wallet,In-store,2023-12-14,Winter
6643,TXN_9775900,Coffee,4.0,3.0,12.0,Digital Wallet,In-store,2023-08-29,Summer
6645,TXN_2408143,Coffee,2.0,2.0,4.0,Digital Wallet,Takeaway,2023-11-15,Autumn
6646,TXN_6383779,Coffee,1.0,2.0,2.0,Digital Wallet,Takeaway,2023-11-29,Autumn
6647,TXN_1342359,Coffee,4.0,3.0,12.0,Cash,Takeaway,2023-07-14,Summer
6648,TXN_6975499,Coffee,1.0,2.0,2.0,Digital Wallet,In-store,2023-07-03,Summer
6649,TXN_9861083,Smoothie,5.0,4.0,20.0,Credit Card,In-store,2023-01-21,Winter
6650,TXN_8100384,Smoothie,1.0,4.0,4.0,Cash,Takeaway,2023-11-08,Autumn
6651,TXN_3762778,Coffee,5.0,2.0,10.0,Digital Wallet,Takeaway,2023-06-14,Summer
6652,TXN_4548698,Salad,2.0,5.0,10.0,Cash,Takeaway,2023-03-04,Spring
6653,TXN_8735820,Tea,2.0,1.5,3.0,Credit Card,Takeaway,2023-12-08,Winter
6654,TXN_8803798,Smoothie,4.0,4.0,16.0,Digital Wallet,Takeaway,2023-07-14,Summer
6655,TXN_1950008,Smoothie,4.0,4.0,16.0,Digital Wallet,In-store,2023-07-24,Summer
6656,TXN_3894173,Smoothie,5.0,4.0,20.0,Digital Wallet,Takeaway,2023-10-07,Autumn
6657,TXN_3630892,Cookie,4.0,1.0,4.0,Digital Wallet,Takeaway,2023-01-31,Winter
6658,TXN_7436097,Coffee,5.0,2.0,10.0,Digital Wallet,Takeaway,2023-10-25,Autumn
6659,TXN_4307602,Cookie,4.0,1.0,4.0,Cash,In-store,2023-12-30,Winter
6660,TXN_2394502,Cookie,4.0,1.0,4.0,Digital Wallet,In-store,2023-12-22,Winter
6662,TXN_5929797,Smoothie,1.0,4.0,4.0,Credit Card,In-store,2023-05-12,Spring
6663,TXN_1228927,Tea,2.0,1.5,3.0,Credit Card,Takeaway,2023-11-28,Autumn
6664,TXN_6486912,Tea,2.0,1.5,3.0,Digital Wallet,Takeaway,2023-05-10,Spring
6665,TXN_3447069,Coffee,2.0,3.0,6.0,Credit Card,Takeaway,2023-03-11,Spring
6666,TXN_8219298,Coffee,5.0,3.0,15.0,Credit Card,Takeaway,2023-09-01,Autumn
6667,TXN_1010950,Cookie,1.0,1.0,1.0,Digital Wallet,Takeaway,2023-01-07,Winter
6668,TXN_6376329,Coffee,1.0,3.0,3.0,Digital Wallet,Takeaway,2023-03-30,Spring
6669,TXN_1897783,Smoothie,3.0,4.0,12.0,Cash,Takeaway,2023-02-02,Winter
6670,TXN_4831525,Cookie,3.0,1.0,3.0,Digital Wallet,Takeaway,2023-08-05,Summer
6671,TXN_2767034,Salad,4.0,5.0,20.0,Cash,Takeaway,2023-08-12,Summer
6672,TXN_9365766,Coffee,4.0,3.0,12.0,Digital Wallet,In-store,2023-02-13,Winter
6673,TXN_5680396,Smoothie,2.0,4.0,8.0,Digital Wallet,Takeaway,2023-12-21,Winter
6675,TXN_6205234,Coffee,5.0,3.0,15.0,Digital Wallet,Takeaway,2023-04-09,Spring
6676,TXN_4489757,Smoothie,5.0,4.0,20.0,Credit Card,Takeaway,2023-05-03,Spring
6677,TXN_8362750,Salad,4.0,5.0,20.0,Digital Wallet,In-store,2023-04-01,Spring
6678,TXN_2422584,Tea,1.0,1.5,1.5,Cash,In-store,2023-11-28,Autumn
6679,TXN_3966911,Tea,3.0,1.5,4.5,Credit Card,Takeaway,2023-07-16,Summer
6680,TXN_6880338,Coffee,3.0,3.0,9.0,Digital Wallet,Takeaway,2023-11-06,Autumn
6681,TXN_9362958,Coffee,1.0,3.0,3.0,Cash,In-store,2023-07-19,Summer
6682,TXN_6815741,Smoothie,2.0,4.0,8.0,Digital Wallet,Takeaway,2023-03-13,Spring
6683,TXN_4032956,Coffee,5.0,2.0,10.0,Credit Card,Takeaway,2023-03-15,Spring
6684,TXN_7894069,Coffee,2.0,3.0,6.0,Digital Wallet,In-store,2023-11-20,Autumn
6685,TXN_5296578,Coffee,1.0,2.0,2.0,Credit Card,Takeaway,2023-04-15,Spring
6686,TXN_2522047,Salad,1.0,5.0,5.0,Digital Wallet,Takeaway,2023-12-05,Winter
6687,TXN_8211303,Salad,5.0,5.0,25.0,Digital Wallet,Takeaway,2023-08-26,Summer
6688,TXN_8472252,Smoothie,1.0,4.0,4.0,Digital Wallet,Takeaway,2023-02-04,Winter
6689,TXN_2435025,Coffee,1.0,3.0,3.0,Cash,In-store,2023-10-08,Autumn
6690,TXN_5179156,Coffee,5.0,2.0,10.0,Digital Wallet,In-store,2023-10-25,Autumn
6691,TXN_4197090,Coffee,3.0,3.0,9.0,Credit Card,Takeaway,2023-11-17,Autumn
6692,TXN_4209626,Smoothie,5.0,4.0,20.0,Credit Card,Takeaway,2023-07-04,Summer
6693,TXN_8639995,Smoothie,3.0,4.0,12.0,Cash,Takeaway,2023-04-18,Spring
6694,TXN_1777171,Coffee,2.0,2.0,4.0,Digital Wallet,In-store,2023-08-17,Summer
6695,TXN_5706734,Coffee,1.0,3.0,3.0,Cash,Takeaway,2023-09-09,Autumn
6696,TXN_6228847,Smoothie,3.0,4.0,12.0,Cash,Takeaway,2023-01-13,Winter
6697,TXN_6479368,Smoothie,2.0,4.0,8.0,Credit Card,Takeaway,2023-09-08,Autumn
6698,TXN_6991528,Cookie,3.0,1.0,3.0,Digital Wallet,Takeaway,2023-08-17,Summer
6699,TXN_2154866,Tea,2.0,1.5,3.0,Credit Card,Takeaway,2023-08-11,Summer
6700,TXN_1333524,Coffee,2.0,3.0,6.0,Credit Card,Takeaway,2023-05-05,Spring
6701,TXN_4367044,Smoothie,1.0,4.0,4.0,Cash,Takeaway,2023-05-02,Spring
6702,TXN_8903514,Salad,4.0,5.0,20.0,Digital Wallet,Takeaway,2023-09-14,Autumn
6703,TXN_5762828,Tea,2.0,1.5,3.0,Digital Wallet,Takeaway,2023-03-23,Spring
6704,TXN_2099497,Coffee,1.0,3.0,3.0,Digital Wallet,Takeaway,2023-02-27,Winter
6705,TXN_5679935,Coffee,2.0,2.0,4.0,Credit Card,Takeaway,2023-07-19,Summer
6706,TXN_5236861,Coffee,4.0,2.0,8.0,Cash,Takeaway,2023-10-27,Autumn
6707,TXN_9433035,Smoothie,1.0,4.0,4.0,Cash,In-store,2023-03-26,Spring
6708,TXN_4239051,Coffee,2.0,3.0,6.0,Cash,Takeaway,2023-09-30,Autumn
6709,TXN_2970600,Salad,1.0,5.0,5.0,Credit Card,In-store,2023-08-18,Summer
6710,TXN_6226412,Coffee,3.0,3.0,9.0,Digital Wallet,Takeaway,2023-03-20,Spring
6711,TXN_2634805,Cookie,4.0,1.0,4.0,Digital Wallet,Takeaway,2023-06-25,Summer
6713,TXN_2571835,Salad,3.0,5.0,15.0,Digital Wallet,In-store,2023-03-03,Spring
6715,TXN_3984842,Tea,4.0,1.5,6.0,Credit Card,Takeaway,2023-03-22,Spring
6716,TXN_1191068,Salad,1.0,5.0,5.0,Digital Wallet,Takeaway,2023-05-19,Spring
6717,TXN_9154713,Coffee,4.0,2.0,8.0,Credit Card,In-store,2023-03-13,Spring
6718,TXN_2897727,Smoothie,5.0,4.0,20.0,Credit Card,Takeaway,2023-02-15,Winter
6719,TXN_3801179,Coffee,2.0,3.0,6.0,Cash,In-store,2023-12-07,Winter
6720,TXN_7116267,Smoothie,4.0,4.0,16.0,Digital Wallet,Takeaway,2023-07-29,Summer
6721,TXN_9878237,Coffee,1.0,3.0,3.0,Credit Card,Takeaway,2023-10-06,Autumn
6722,TXN_2153838,Tea,4.0,1.5,6.0,Digital Wallet,In-store,2023-12-19,Winter
6723,TXN_7835785,Salad,1.0,5.0,5.0,Cash,In-store,2023-10-12,Autumn
6724,TXN_5335079,Coffee,1.0,3.0,3.0,Cash,In-store,2023-02-20,Winter
6725,TXN_7521634,Cookie,3.0,1.0,3.0,Digital Wallet,Takeaway,2023-01-22,Winter
6726,TXN_2174821,Coffee,1.0,2.0,2.0,Digital Wallet,Takeaway,2023-11-08,Autumn
6727,TXN_5951573,Salad,3.0,5.0,15.0,Cash,Takeaway,2023-12-22,Winter
6728,TXN_4612146,Coffee,3.0,3.0,9.0,Cash,Takeaway,2023-12-31,Winter
6729,TXN_7954368,Coffee,3.0,3.0,9.0,Credit Card,Takeaway,2023-10-06,Autumn
6730,TXN_7898391,Salad,4.0,5.0,20.0,Credit Card,Takeaway,2023-02-26,Winter
6731,TXN_5746800,Coffee,4.0,2.0,8.0,Credit Card,Takeaway,2023-07-04,Summer
6732,TXN_4630658,Smoothie,1.0,4.0,4.0,Cash,Takeaway,2023-07-10,Summer
6733,TXN_6096492,Smoothie,5.0,4.0,20.0,Digital Wallet,Takeaway,2023-12-23,Winter
6734,TXN_8918905,Cookie,5.0,1.0,5.0,Digital Wallet,In-store,2023-06-05,Summer
6735,TXN_5906365,Cookie,1.0,1.0,1.0,Digital Wallet,Takeaway,2023-03-13,Spring
6736,TXN_3956062,Coffee,3.0,2.0,6.0,Digital Wallet,Takeaway,2023-06-04,Summer
6737,TXN_6610487,Coffee,5.0,2.0,10.0,Digital Wallet,Takeaway,2023-09-18,Autumn
6739,TXN_7821658,Coffee,5.0,2.0,10.0,Digital Wallet,In-store,2023-09-03,Autumn
6740,TXN_6396940,Cookie,2.0,1.0,2.0,Credit Card,Takeaway,2023-02-26,Winter
6741,TXN_2556368,Smoothie,1.0,4.0,4.0,Digital Wallet,Takeaway,2023-10-26,Autumn
6742,TXN_7655838,Coffee,3.0,3.0,9.0,Digital Wallet,Takeaway,2023-01-22,Winter
6744,TXN_2807590,Smoothie,4.0,4.0,16.0,Cash,Takeaway,2023-09-05,Autumn
6745,TXN_7252860,Cookie,3.0,1.0,3.0,Digital Wallet,Takeaway,2023-06-18,Summer
6746,TXN_5381129,Cookie,5.0,1.0,5.0,Digital Wallet,Takeaway,2023-04-20,Spring
6747,TXN_1474329,Smoothie,2.0,4.0,8.0,Digital Wallet,Takeaway,2023-03-02,Spring
6748,TXN_5935394,Coffee,4.0,2.0,8.0,Digital Wallet,Takeaway,2023-04-16,Spring
6749,TXN_1488458,Coffee,4.0,2.0,8.0,Digital Wallet,Takeaway,2023-08-21,Summer
6750,TXN_7964661,Coffee,3.0,3.0,9.0,Cash,Takeaway,2023-04-01,Spring
6751,TXN_2798736,Smoothie,2.0,4.0,8.0,Digital Wallet,In-store,2023-01-15,Winter
6752,TXN_5007051,Salad,2.0,5.0,10.0,Digital Wallet,Takeaway,2023-12-26,Winter
6753,TXN_2325141,Tea,3.0,1.5,4.5,Digital Wallet,Takeaway,2023-08-26,Summer
6754,TXN_1489194,Coffee,3.0,2.0,6.0,Digital Wallet,Takeaway,2023-07-18,Summer
6755,TXN_9531201,Smoothie,2.0,4.0,8.0,Digital Wallet,Takeaway,2023-05-28,Spring
6756,TXN_7627772,Smoothie,4.0,4.0,16.0,Credit Card,Takeaway,2023-10-22,Autumn
6757,TXN_4349970,Cookie,5.0,1.0,5.0,Digital Wallet,In-store,2023-05-25,Spring
6758,TXN_3936883,Coffee,2.0,2.0,4.0,Digital Wallet,In-store,2023-09-08,Autumn
6759,TXN_1817275,Salad,2.0,5.0,10.0,Cash,In-store,2023-09-02,Autumn
6760,TXN_8018272,Smoothie,4.0,4.0,16.0,Digital Wallet,Takeaway,2023-03-01,Spring
6761,TXN_3617989,Smoothie,3.0,4.0,12.0,Credit Card,Takeaway,2023-09-29,Autumn
6762,TXN_1566564,Cookie,3.0,1.0,3.0,Credit Card,Takeaway,2023-09-08,Autumn
6763,TXN_5170047,Salad,4.0,5.0,20.0,Cash,Takeaway,2023-12-15,Winter
6764,TXN_6513163,Coffee,2.0,3.0,6.0,Digital Wallet,Takeaway,2023-04-01,Spring
6765,TXN_7014478,Smoothie,5.0,4.0,20.0,Cash,Takeaway,2023-04-26,Spring
6766,TXN_9929732,Smoothie,4.0,4.0,16.0,Credit Card,Takeaway,2023-10-04,Autumn
6767,TXN_2346362,Coffee,4.0,3.0,12.0,Digital Wallet,In-store,2023-12-30,Winter
6769,TXN_9039882,Smoothie,4.0,4.0,16.0,Digital Wallet,In-store,2023-08-31,Summer
6770,TXN_7440057,Coffee,1.0,3.0,3.0,Credit Card,Takeaway,2023-07-05,Summer
6771,TXN_9894831,Coffee,5.0,3.0,15.0,Digital Wallet,Takeaway,2023-07-05,Summer
6772,TXN_2911863,Smoothie,2.0,4.0,8.0,Credit Card,Takeaway,2023-07-09,Summer
6773,TXN_1991987,Coffee,3.0,3.0,9.0,Credit Card,In-store,2023-10-22,Autumn
6774,TXN_7232524,Cookie,3.0,1.0,3.0,Cash,In-store,2023-12-23,Winter
6776,TXN_7476348,Coffee,2.0,2.0,4.0,Digital Wallet,In-store,2023-10-09,Autumn
6777,TXN_4165923,Smoothie,3.0,4.0,12.0,Digital Wallet,Takeaway,2023-03-14,Spring
6778,TXN_1467367,Smoothie,3.0,4.0,12.0,Digital Wallet,Takeaway,2023-02-18,Winter
6779,TXN_2018943,Smoothie,5.0,4.0,20.0,Digital Wallet,Takeaway,2023-05-27,Spring
6780,TXN_4234636,Smoothie,1.0,4.0,4.0,Credit Card,In-store,2023-01-30,Winter
6781,TXN_4750383,Coffee,2.0,2.0,4.0,Cash,Takeaway,2023-06-30,Summer
6782,TXN_5100579,Cookie,2.0,1.0,2.0,Cash,Takeaway,2023-10-08,Autumn
6783,TXN_1701465,Coffee,1.0,3.0,3.0,Cash,Takeaway,2023-06-15,Summer
6784,TXN_8941409,Coffee,3.0,3.0,9.0,Digital Wallet,Takeaway,2023-11-12,Autumn
6785,TXN_9598764,Coffee,2.0,3.0,6.0,Credit Card,In-store,2023-09-06,Autumn
6786,TXN_2834323,Tea,1.0,1.5,1.5,Digital Wallet,Takeaway,2023-05-13,Spring
6787,TXN_2480488,Coffee,2.0,3.0,6.0,Cash,Takeaway,2023-03-01,Spring
6788,TXN_6158834,Coffee,2.0,2.0,4.0,Credit Card,Takeaway,2023-09-23,Autumn
6789,TXN_2345326,Cookie,3.0,1.0,3.0,Digital Wallet,Takeaway,2023-01-29,Winter
6790,TXN_8872103,Smoothie,3.0,4.0,12.0,Digital Wallet,In-store,2023-07-02,Summer
6791,TXN_9773646,Coffee,4.0,3.0,12.0,Credit Card,Takeaway,2023-04-01,Spring
6792,TXN_1442096,Cookie,3.0,1.0,3.0,Credit Card,In-store,2023-06-27,Summer
6793,TXN_2337888,Coffee,1.0,2.0,2.0,Credit Card,In-store,2023-02-10,Winter
6794,TXN_8297751,Salad,3.0,5.0,15.0,Cash,Takeaway,2023-04-08,Spring
6795,TXN_9675838,Coffee,2.0,3.0,6.0,Digital Wallet,Takeaway,2023-02-06,Winter
6796,TXN_9241048,Coffee,4.0,3.0,12.0,Credit Card,In-store,2023-08-27,Summer
6797,TXN_1978687,Coffee,2.0,3.0,6.0,Digital Wallet,Takeaway,2023-12-13,Winter
6798,TXN_7548260,Coffee,2.0,3.0,6.0,Cash,Takeaway,2023-02-27,Winter
6799,TXN_7047040,Salad,2.0,5.0,10.0,Digital Wallet,Takeaway,2023-02-16,Winter
6800,TXN_1234907,Coffee,1.0,3.0,3.0,Credit Card,In-store,2023-05-02,Spring
6801,TXN_8821839,Smoothie,5.0,4.0,20.0,Digital Wallet,Takeaway,2023-11-11,Autumn
6802,TXN_7543765,Coffee,1.0,3.0,3.0,Digital Wallet,Takeaway,2023-10-26,Autumn
6803,TXN_7317475,Salad,4.0,5.0,20.0,Cash,Takeaway,2023-06-21,Summer
6804,TXN_9786525,Coffee,5.0,3.0,15.0,Digital Wallet,Takeaway,2023-02-19,Winter
6805,TXN_9874256,Coffee,3.0,3.0,9.0,Digital Wallet,Takeaway,2023-02-17,Winter
6806,TXN_3120637,Smoothie,3.0,4.0,12.0,Digital Wallet,Takeaway,2023-08-11,Summer
6807,TXN_6754546,Coffee,3.0,3.0,9.0,Digital Wallet,Takeaway,2023-02-19,Winter
6808,TXN_1317114,Cookie,2.0,1.0,2.0,Digital Wallet,Takeaway,2023-11-06,Autumn
6809,TXN_3897788,Coffee,5.0,3.0,15.0,Digital Wallet,In-store,2023-10-26,Autumn
6810,TXN_8046087,Coffee,2.0,3.0,6.0,Digital Wallet,Takeaway,2023-04-15,Spring
6811,TXN_6655017,Smoothie,4.0,4.0,16.0,Cash,Takeaway,2023-12-04,Winter
6812,TXN_6610162,Coffee,4.0,3.0,12.0,Digital Wallet,Takeaway,2023-03-18,Spring
6813,TXN_7478306,Tea,2.0,1.5,3.0,Digital Wallet,In-store,2023-06-14,Summer
6814,TXN_3163567,Salad,2.0,5.0,10.0,Digital Wallet,Takeaway,2023-06-01,Summer
6815,TXN_6420900,Tea,3.0,1.5,4.5,Digital Wallet,Takeaway,2023-09-18,Autumn
6816,TXN_2526267,Smoothie,5.0,4.0,20.0,Cash,In-store,2023-04-06,Spring
6817,TXN_3954378,Tea,4.0,1.5,6.0,Cash,Takeaway,2023-08-21,Summer
6818,TXN_5138053,Smoothie,5.0,4.0,20.0,Digital Wallet,Takeaway,2023-02-16,Winter
6819,TXN_9890279,Smoothie,4.0,4.0,16.0,Digital Wallet,In-store,2023-09-06,Autumn
6821,TXN_9626920,Tea,2.0,1.5,3.0,Digital Wallet,In-store,2023-12-16,Winter
6822,TXN_7213830,Coffee,5.0,3.0,15.0,Credit Card,Takeaway,2023-08-04,Summer
6823,TXN_4224350,Tea,2.0,1.5,3.0,Digital Wallet,In-store,2023-07-09,Summer
6824,TXN_7763212,Smoothie,1.0,4.0,4.0,Credit Card,Takeaway,2023-01-10,Winter
6825,TXN_6889357,Salad,1.0,5.0,5.0,Cash,Takeaway,2023-03-08,Spring
6826,TXN_8565218,Coffee,1.0,3.0,3.0,Digital Wallet,Takeaway,2023-05-03,Spring
6827,TXN_8235675,Tea,1.0,1.5,1.5,Credit Card,Takeaway,2023-08-08,Summer
6828,TXN_6323915,Tea,3.0,1.5,4.5,Credit Card,In-store,2023-02-09,Winter
6830,TXN_3232227,Cookie,4.0,1.0,4.0,Digital Wallet,Takeaway,2023-03-30,Spring
6831,TXN_2931403,Coffee,2.0,3.0,6.0,Credit Card,In-store,2023-05-29,Spring
6832,TXN_8036247,Coffee,1.0,2.0,2.0,Credit Card,Takeaway,2023-09-29,Autumn
6833,TXN_4143264,Salad,1.0,5.0,5.0,Credit Card,Takeaway,2023-08-17,Summer
6834,TXN_3709117,Smoothie,5.0,4.0,20.0,Cash,Takeaway,2023-02-04,Winter
6835,TXN_5124519,Smoothie,3.0,4.0,12.0,Credit Card,In-store,2023-09-07,Autumn
6836,TXN_1529845,Coffee,3.0,3.0,9.0,Credit Card,In-store,2023-01-25,Winter
6837,TXN_4615245,Smoothie,4.0,4.0,16.0,Digital Wallet,Takeaway,2023-04-26,Spring
6838,TXN_1464694,Smoothie,1.0,4.0,4.0,Digital Wallet,In-store,2023-07-23,Summer
6839,TXN_2674372,Cookie,4.0,1.0,4.0,Credit Card,Takeaway,2023-11-14,Autumn
6840,TXN_7215900,Coffee,3.0,2.0,6.0,Cash,Takeaway,2023-08-26,Summer
6842,TXN_6622980,Salad,4.0,5.0,20.0,Digital Wallet,Takeaway,2023-09-26,Autumn
6843,TXN_5744026,Salad,4.0,5.0,20.0,Digital Wallet,Takeaway,2023-04-03,Spring
6844,TXN_1759314,Salad,5.0,5.0,25.0,Digital Wallet,Takeaway,2023-08-23,Summer
6845,TXN_2050630,Cookie,3.0,1.0,3.0,Digital Wallet,Takeaway,2023-01-18,Winter
6846,TXN_3447575,Smoothie,4.0,4.0,16.0,Credit Card,Takeaway,2023-01-17,Winter
6847,TXN_1131785,Smoothie,1.0,4.0,4.0,Cash,Takeaway,2023-12-19,Winter
6848,TXN_8572783,Salad,3.0,5.0,15.0,Digital Wallet,Takeaway,2023-03-29,Spring
6849,TXN_7928378,Smoothie,3.0,4.0,12.0,Cash,Takeaway,2023-07-04,Summer
6850,TXN_4284507,Smoothie,4.0,4.0,16.0,Digital Wallet,Takeaway,2023-07-17,Summer
6851,TXN_9819697,Smoothie,3.0,4.0,12.0,Digital Wallet,In-store,2023-05-16,Spring
6852,TXN_1731476,Smoothie,1.0,4.0,4.0,Digital Wallet,Takeaway,2023-04-19,Spring
6853,TXN_4152262,Salad,2.0,5.0,10.0,Digital Wallet,In-store,2023-06-19,Summer
6854,TXN_1721342,Smoothie,5.0,4.0,20.0,Digital Wallet,In-store,2023-08-23,Summer
6855,TXN_7278328,Smoothie,1.0,4.0,4.0,Credit Card,Takeaway,2023-01-29,Winter
6856,TXN_6037924,Coffee,4.0,2.0,8.0,Digital Wallet,Takeaway,2023-11-14,Autumn
6857,TXN_7046631,Coffee,4.0,2.0,8.0,Digital Wallet,In-store,2023-05-18,Spring
6858,TXN_7979028,Smoothie,3.0,4.0,12.0,Cash,Takeaway,2023-07-12,Summer
6859,TXN_2474395,Smoothie,4.0,4.0,16.0,Digital Wallet,Takeaway,2023-12-28,Winter
6860,TXN_9168898,Coffee,2.0,3.0,6.0,Cash,Takeaway,2023-09-28,Autumn
6861,TXN_9675940,Coffee,5.0,3.0,15.0,Credit Card,In-store,2023-06-02,Summer
6862,TXN_3618603,Salad,4.0,5.0,20.0,Cash,Takeaway,2023-03-19,Spring
6863,TXN_9653377,Smoothie,2.0,4.0,8.0,Digital Wallet,Takeaway,2023-07-31,Summer
6864,TXN_1326993,Cookie,3.0,1.0,3.0,Digital Wallet,In-store,2023-12-30,Winter
6865,TXN_7427357,Coffee,4.0,3.0,12.0,Digital Wallet,In-store,2023-10-31,Autumn
6866,TXN_5806624,Cookie,5.0,1.0,5.0,Credit Card,In-store,2023-07-09,Summer
6867,TXN_8329144,Smoothie,2.0,4.0,8.0,Digital Wallet,In-store,2023-03-04,Spring
6868,TXN_6670371,Tea,3.0,1.5,4.5,Credit Card,Takeaway,2023-05-01,Spring
6869,TXN_8708588,Coffee,5.0,2.0,10.0,Digital Wallet,Takeaway,2023-06-03,Summer
6870,TXN_6755874,Smoothie,3.0,4.0,12.0,Digital Wallet,In-store,2023-04-12,Spring
6871,TXN_7777864,Cookie,3.0,1.0,3.0,Digital Wallet,In-store,2023-02-06,Winter
6872,TXN_1309055,Coffee,2.0,2.0,4.0,Credit Card,Takeaway,2023-11-09,Autumn
6873,TXN_2250398,Coffee,3.0,3.0,9.0,Digital Wallet,Takeaway,2023-05-31,Spring
6874,TXN_8698717,Coffee,4.0,2.0,8.0,Digital Wallet,Takeaway,2023-05-11,Spring
6875,TXN_2302259,Coffee,3.0,3.0,9.0,Credit Card,Takeaway,2023-09-20,Autumn
6876,TXN_7004494,Coffee,4.0,2.0,8.0,Digital Wallet,Takeaway,2023-03-17,Spring
6877,TXN_1302920,Coffee,2.0,2.0,4.0,Digital Wallet,Takeaway,2023-08-16,Summer
6878,TXN_8175702,Tea,1.0,1.5,1.5,Digital Wallet,Takeaway,2023-08-27,Summer
6879,TXN_4921865,Tea,2.0,1.5,3.0,Digital Wallet,In-store,2023-02-06,Winter
6880,TXN_7755372,Coffee,5.0,3.0,15.0,Digital Wallet,Takeaway,2023-01-10,Winter
6881,TXN_7218134,Coffee,5.0,3.0,15.0,Cash,Takeaway,2023-01-14,Winter
6882,TXN_2897794,Cookie,4.0,1.0,4.0,Credit Card,Takeaway,2023-01-29,Winter
6883,TXN_5743616,Coffee,4.0,3.0,12.0,Digital Wallet,Takeaway,2023-12-14,Winter
6884,TXN_4623642,Smoothie,1.0,4.0,4.0,Cash,Takeaway,2023-09-12,Autumn
6885,TXN_6047710,Smoothie,3.0,4.0,12.0,Digital Wallet,Takeaway,2023-06-16,Summer
6886,TXN_2813872,Salad,1.0,5.0,5.0,Credit Card,Takeaway,2023-05-01,Spring
6887,TXN_1891978,Salad,4.0,5.0,20.0,Digital Wallet,In-store,2023-09-13,Autumn
6888,TXN_6626928,Smoothie,2.0,4.0,8.0,Digital Wallet,In-store,2023-05-10,Spring
6889,TXN_6320502,Coffee,4.0,3.0,12.0,Credit Card,Takeaway,2023-08-16,Summer
6890,TXN_1797690,Coffee,5.0,3.0,15.0,Credit Card,Takeaway,2023-08-10,Summer
6891,TXN_4587806,Cookie,4.0,1.0,4.0,Digital Wallet,Takeaway,2023-07-27,Summer
6892,TXN_7735127,Smoothie,1.0,4.0,4.0,Digital Wallet,Takeaway,2023-02-22,Winter
6893,TXN_9831537,Coffee,4.0,3.0,12.0,Credit Card,Takeaway,2023-08-07,Summer
6894,TXN_7866805,Smoothie,3.0,4.0,12.0,Digital Wallet,In-store,2023-03-14,Spring
6895,TXN_1760092,Coffee,1.0,2.0,2.0,Credit Card,Takeaway,2023-04-15,Spring
6896,TXN_1887555,Coffee,2.0,3.0,6.0,Cash,In-store,2023-01-08,Winter
6897,TXN_9872258,Coffee,4.0,3.0,12.0,Cash,Takeaway,2023-07-24,Summer
6898,TXN_2437725,Smoothie,4.0,4.0,16.0,Credit Card,Takeaway,2023-01-27,Winter
6899,TXN_3240077,Smoothie,4.0,4.0,16.0,Cash,Takeaway,2023-12-14,Winter
6900,TXN_6581580,Coffee,3.0,2.0,6.0,Digital Wallet,In-store,2023-06-18,Summer
6901,TXN_6440109,Coffee,2.0,3.0,6.0,Digital Wallet,In-store,2023-09-09,Autumn
6902,TXN_8790282,Coffee,3.0,2.0,6.0,Digital Wallet,Takeaway,2023-10-18,Autumn
6903,TXN_7581760,Coffee,3.0,2.0,6.0,Digital Wallet,Takeaway,2023-08-13,Summer
6904,TXN_2903973,Coffee,2.0,3.0,6.0,Credit Card,Takeaway,2023-12-26,Winter
6905,TXN_9107842,Tea,2.0,1.5,3.0,Digital Wallet,Takeaway,2023-12-04,Winter
6906,TXN_8306630,Smoothie,2.0,4.0,8.0,Credit Card,In-store,2023-04-26,Spring
6908,TXN_4612207,Coffee,5.0,3.0,15.0,Digital Wallet,Takeaway,2023-01-21,Winter
6909,TXN_1811216,Smoothie,1.0,4.0,4.0,Digital Wallet,Takeaway,2023-01-18,Winter
6910,TXN_3739424,Coffee,1.0,3.0,3.0,Credit Card,Takeaway,2023-06-03,Summer
6911,TXN_9487384,Coffee,1.0,3.0,3.0,Credit Card,Takeaway,2023-11-27,Autumn
6912,TXN_2205690,Cookie,5.0,1.0,5.0,Digital Wallet,In-store,2023-03-02,Spring
6913,TXN_9219961,Coffee,5.0,2.0,10.0,Credit Card,Takeaway,2023-04-04,Spring
6914,TXN_6425954,Smoothie,2.0,4.0,8.0,Digital Wallet,In-store,2023-03-28,Spring
6915,TXN_9131153,Smoothie,3.0,4.0,12.0,Digital Wallet,Takeaway,2023-11-17,Autumn
6916,TXN_1332623,Cookie,2.0,1.0,2.0,Digital Wallet,Takeaway,2023-07-15,Summer
6917,TXN_9248370,Cookie,2.0,1.0,2.0,Credit Card,In-store,2023-02-17,Winter
6918,TXN_5549522,Coffee,5.0,3.0,15.0,Digital Wallet,Takeaway,2023-12-16,Winter
6919,TXN_4234750,Coffee,2.0,3.0,6.0,Cash,Takeaway,2023-09-03,Autumn
6920,TXN_9694799,Tea,3.0,1.5,4.5,Cash,Takeaway,2023-04-14,Spring
6921,TXN_6733436,Coffee,2.0,3.0,6.0,Credit Card,Takeaway,2023-02-02,Winter
6922,TXN_4423879,Coffee,5.0,3.0,15.0,Digital Wallet,Takeaway,2023-02-12,Winter
6923,TXN_8496788,Coffee,4.0,3.0,12.0,Cash,Takeaway,2023-06-14,Summer
6924,TXN_3131168,Smoothie,3.0,4.0,12.0,Cash,Takeaway,2023-03-24,Spring
6925,TXN_1995528,Coffee,5.0,2.0,10.0,Digital Wallet,In-store,2023-06-24,Summer
6926,TXN_2311707,Tea,5.0,1.5,7.5,Cash,In-store,2023-08-03,Summer
6928,TXN_1727281,Coffee,4.0,3.0,12.0,Digital Wallet,Takeaway,2023-01-05,Winter
6929,TXN_2437112,Cookie,3.0,1.0,3.0,Digital Wallet,Takeaway,2023-04-06,Spring
6930,TXN_8240436,Salad,5.0,5.0,25.0,Digital Wallet,In-store,2023-07-05,Summer
6931,TXN_4177796,Coffee,4.0,3.0,12.0,Cash,Takeaway,2023-04-17,Spring
6932,TXN_9761314,Smoothie,4.0,4.0,16.0,Credit Card,Takeaway,2023-12-14,Winter
6933,TXN_2905118,Tea,5.0,1.5,7.5,Digital Wallet,Takeaway,2023-03-04,Spring
6934,TXN_8058105,Tea,3.0,1.5,4.5,Cash,Takeaway,2023-03-07,Spring
6935,TXN_5005793,Smoothie,4.0,4.0,16.0,Credit Card,In-store,2023-01-21,Winter
6936,TXN_2840861,Tea,2.0,1.5,3.0,Digital Wallet,Takeaway,2023-05-31,Spring
6937,TXN_1088497,Smoothie,1.0,4.0,4.0,Digital Wallet,Takeaway,2023-07-05,Summer
6938,TXN_4083872,Salad,2.0,5.0,10.0,Digital Wallet,Takeaway,2023-08-05,Summer
6939,TXN_5296083,Smoothie,3.0,4.0,12.0,Digital Wallet,Takeaway,2023-12-08,Winter
6940,TXN_3052953,Coffee,5.0,2.0,10.0,Digital Wallet,Takeaway,2023-02-28,Winter
6941,TXN_2017793,Tea,3.0,1.5,4.5,Digital Wallet,Takeaway,2023-07-18,Summer
6942,TXN_4064326,Cookie,2.0,1.0,2.0,Cash,Takeaway,2023-01-07,Winter
6943,TXN_8749775,Coffee,5.0,3.0,15.0,Cash,Takeaway,2023-10-30,Autumn
6944,TXN_6541284,Tea,4.0,1.5,6.0,Cash,Takeaway,2023-03-01,Spring
6945,TXN_7937905,Salad,5.0,5.0,25.0,Digital Wallet,Takeaway,2023-10-15,Autumn
6946,TXN_1311519,Smoothie,5.0,4.0,20.0,Cash,Takeaway,2023-01-28,Winter
6947,TXN_8209509,Cookie,4.0,1.0,4.0,Digital Wallet,Takeaway,2023-11-09,Autumn
6948,TXN_3413156,Coffee,1.0,3.0,3.0,Credit Card,In-store,2023-10-16,Autumn
6950,TXN_7418152,Cookie,4.0,1.0,4.0,Cash,Takeaway,2023-09-21,Autumn
6951,TXN_7991782,Coffee,2.0,3.0,6.0,Digital Wallet,In-store,2023-01-11,Winter
6952,TXN_2822949,Smoothie,2.0,4.0,8.0,Digital Wallet,Takeaway,2023-11-19,Autumn
6953,TXN_5868082,Coffee,5.0,2.0,10.0,Credit Card,In-store,2023-10-22,Autumn
6954,TXN_1559521,Coffee,5.0,2.0,10.0,Digital Wallet,In-store,2023-07-05,Summer
6955,TXN_2250898,Smoothie,3.0,4.0,12.0,Credit Card,Takeaway,2023-12-23,Winter
6956,TXN_2947622,Smoothie,5.0,4.0,20.0,Digital Wallet,Takeaway,2023-08-06,Summer
6957,TXN_1413335,Salad,1.0,5.0,5.0,Digital Wallet,Takeaway,2023-05-17,Spring
6958,TXN_7086603,Coffee,4.0,3.0,12.0,Credit Card,Takeaway,2023-03-18,Spring
6959,TXN_6919325,Coffee,3.0,3.0,9.0,Cash,Takeaway,2023-02-05,Winter
6960,TXN_7286934,Smoothie,2.0,4.0,8.0,Credit Card,In-store,2023-03-27,Spring
6961,TXN_5213014,Smoothie,3.0,4.0,12.0,Credit Card,Takeaway,2023-05-09,Spring
6962,TXN_3121483,Salad,2.0,5.0,10.0,Digital Wallet,Takeaway,2023-01-06,Winter
6963,TXN_1670848,Coffee,2.0,3.0,6.0,Credit Card,Takeaway,2023-08-04,Summer
6964,TXN_7595042,Salad,1.0,5.0,5.0,Digital Wallet,Takeaway,2023-04-03,Spring
6965,TXN_3447594,Salad,1.0,5.0,5.0,Digital Wallet,In-store,2023-02-24,Winter
6966,TXN_9250024,Cookie,2.0,1.0,2.0,Digital Wallet,Takeaway,2023-03-21,Spring
6967,TXN_1353266,Smoothie,1.0,4.0,4.0,Digital Wallet,Takeaway,2023-08-30,Summer
6968,TXN_3950331,Tea,5.0,1.5,7.5,Digital Wallet,Takeaway,2023-03-02,Spring
6969,TXN_3766657,Smoothie,5.0,4.0,20.0,Digital Wallet,Takeaway,2023-08-16,Summer
6970,TXN_6034596,Salad,1.0,5.0,5.0,Digital Wallet,Takeaway,2023-04-07,Spring
6971,TXN_7233393,Coffee,5.0,3.0,15.0,Credit Card,In-store,2023-11-22,Autumn
6972,TXN_8273645,Coffee,2.0,3.0,6.0,Cash,Takeaway,2023-11-02,Autumn
6973,TXN_2474286,Coffee,2.0,3.0,6.0,Digital Wallet,In-store,2023-12-09,Winter
6975,TXN_6700141,Smoothie,1.0,4.0,4.0,Cash,Takeaway,2023-04-12,Spring
6976,TXN_4006771,Cookie,3.0,1.0,3.0,Credit Card,Takeaway,2023-02-06,Winter
6977,TXN_4406290,Coffee,5.0,2.0,10.0,Digital Wallet,In-store,2023-07-02,Summer
6978,TXN_2714524,Smoothie,4.0,4.0,16.0,Cash,Takeaway,2023-01-02,Winter
6979,TXN_3585097,Coffee,3.0,2.0,6.0,Digital Wallet,Takeaway,2023-05-31,Spring
6980,TXN_5432582,Coffee,3.0,3.0,9.0,Digital Wallet,Takeaway,2023-08-30,Summer
6981,TXN_5367923,Smoothie,4.0,4.0,16.0,Digital Wallet,Takeaway,2023-04-19,Spring
6982,TXN_4030519,Smoothie,2.0,4.0,8.0,Digital Wallet,Takeaway,2023-01-22,Winter
6983,TXN_8716594,Salad,4.0,5.0,20.0,Credit Card,Takeaway,2023-08-26,Summer
6984,TXN_5159483,Coffee,2.0,3.0,6.0,Digital Wallet,In-store,2023-05-24,Spring
6985,TXN_6347482,Tea,2.0,1.5,3.0,Digital Wallet,Takeaway,2023-07-10,Summer
6986,TXN_4688236,Coffee,4.0,2.0,8.0,Cash,In-store,2023-07-05,Summer
6987,TXN_7021722,Tea,3.0,1.5,4.5,Digital Wallet,Takeaway,2023-07-27,Summer
6988,TXN_1466002,Coffee,3.0,3.0,9.0,Digital Wallet,Takeaway,2023-11-23,Autumn
6989,TXN_4878020,Coffee,3.0,3.0,9.0,Digital Wallet,In-store,2023-03-17,Spring
6990,TXN_3158921,Smoothie,1.0,4.0,4.0,Digital Wallet,In-store,2023-04-16,Spring
6991,TXN_8555334,Coffee,1.0,2.0,2.0,Digital Wallet,In-store,2023-06-16,Summer
6992,TXN_9749790,Tea,3.0,1.5,4.5,Digital Wallet,Takeaway,2023-10-17,Autumn
6993,TXN_7476268,Coffee,2.0,3.0,6.0,Credit Card,Takeaway,2023-06-07,Summer
6994,TXN_2741928,Coffee,1.0,3.0,3.0,Digital Wallet,In-store,2023-10-06,Autumn
6995,TXN_8477945,Cookie,4.0,1.0,4.0,Digital Wallet,In-store,2023-07-19,Summer
6996,TXN_2838958,Coffee,1.0,2.0,2.0,Cash,Takeaway,2023-03-10,Spring
6997,TXN_4937411,Coffee,1.0,3.0,3.0,Digital Wallet,Takeaway,2023-08-21,Summer
6999,TXN_1124655,Salad,3.0,5.0,15.0,Cash,Takeaway,2023-10-23,Autumn
7000,TXN_1367723,Coffee,3.0,2.0,6.0,Cash,In-store,2023-10-25,Autumn
7001,TXN_1710476,Coffee,4.0,3.0,12.0,Digital Wallet,Takeaway,2023-05-22,Spring
7002,TXN_2248497,Salad,2.0,5.0,10.0,Cash,Takeaway,2023-03-07,Spring
7003,TXN_9403754,Coffee,5.0,3.0,15.0,Credit Card,Takeaway,2023-06-19,Summer
7004,TXN_2457189,Smoothie,3.0,4.0,12.0,Digital Wallet,Takeaway,2023-08-28,Summer
7005,TXN_2495788,Cookie,2.0,1.0,2.0,Credit Card,Takeaway,2023-12-16,Winter
7006,TXN_7528294,Coffee,3.0,3.0,9.0,Digital Wallet,Takeaway,2023-09-27,Autumn
7007,TXN_2844982,Cookie,1.0,1.0,1.0,Digital Wallet,Takeaway,2023-03-04,Spring
7008,TXN_9345439,Coffee,2.0,2.0,4.0,Cash,Takeaway,2023-08-07,Summer
7010,TXN_6347567,Coffee,5.0,3.0,15.0,Cash,In-store,2023-03-31,Spring
7011,TXN_9710430,Smoothie,3.0,4.0,12.0,Credit Card,Takeaway,2023-01-10,Winter
7012,TXN_8859035,Coffee,3.0,3.0,9.0,Digital Wallet,Takeaway,2023-01-19,Winter
7013,TXN_7131251,Tea,2.0,1.5,3.0,Digital Wallet,In-store,2023-06-28,Summer
7014,TXN_9577339,Coffee,2.0,3.0,6.0,Digital Wallet,Takeaway,2023-03-10,Spring
7015,TXN_9206049,Cookie,1.0,1.0,1.0,Credit Card,In-store,2023-09-17,Autumn
7016,TXN_8748070,Cookie,2.0,1.0,2.0,Credit Card,In-store,2023-07-31,Summer
7017,TXN_1079241,Coffee,3.0,3.0,9.0,Digital Wallet,Takeaway,2023-07-16,Summer
7018,TXN_8250845,Cookie,1.0,1.0,1.0,Cash,Takeaway,2023-12-09,Winter
7019,TXN_7878520,Smoothie,3.0,4.0,12.0,Digital Wallet,Takeaway,2023-08-29,Summer
7020,TXN_8990101,Smoothie,5.0,4.0,20.0,Digital Wallet,In-store,2023-11-25,Autumn
7021,TXN_8789137,Smoothie,1.0,4.0,4.0,Digital Wallet,Takeaway,2023-09-25,Autumn
7022,TXN_1236779,Coffee,3.0,3.0,9.0,Credit Card,In-store,2023-12-29,Winter
7023,TXN_6846861,Smoothie,4.0,4.0,16.0,Digital Wallet,In-store,2023-11-26,Autumn
7024,TXN_7682621,Smoothie,4.0,4.0,16.0,Cash,Takeaway,2023-11-07,Autumn
7025,TXN_2770536,Smoothie,2.0,4.0,8.0,Digital Wallet,In-store,2023-11-03,Autumn
7026,TXN_3291900,Smoothie,4.0,4.0,16.0,Cash,Takeaway,2023-05-04,Spring
7027,TXN_1390917,Smoothie,1.0,4.0,4.0,Credit Card,Takeaway,2023-01-16,Winter
7028,TXN_5406411,Smoothie,5.0,4.0,20.0,Credit Card,In-store,2023-04-14,Spring
7030,TXN_4532280,Coffee,5.0,2.0,10.0,Credit Card,Takeaway,2023-01-10,Winter
7031,TXN_2879543,Coffee,5.0,3.0,15.0,Digital Wallet,Takeaway,2023-03-30,Spring
7032,TXN_7334418,Cookie,2.0,1.0,2.0,Digital Wallet,Takeaway,2023-03-24,Spring
7033,TXN_7927109,Tea,1.0,1.5,1.5,Cash,Takeaway,2023-04-18,Spring
7034,TXN_9352814,Tea,4.0,1.5,6.0,Cash,Takeaway,2023-09-10,Autumn
7036,TXN_8305586,Coffee,4.0,2.0,8.0,Cash,Takeaway,2023-01-06,Winter
7037,TXN_6501091,Coffee,2.0,3.0,6.0,Digital Wallet,Takeaway,2023-05-07,Spring
7038,TXN_8197935,Smoothie,5.0,4.0,20.0,Cash,In-store,2023-03-28,Spring
7039,TXN_8349096,Cookie,5.0,1.0,5.0,Digital Wallet,Takeaway,2023-12-12,Winter
7040,TXN_1721366,Smoothie,5.0,4.0,20.0,Digital Wallet,In-store,2023-04-09,Spring
7041,TXN_3924170,Tea,3.0,1.5,4.5,Credit Card,In-store,2023-08-07,Summer
7042,TXN_6206421,Smoothie,2.0,4.0,8.0,Digital Wallet,In-store,2023-04-06,Spring
7043,TXN_3740465,Cookie,4.0,1.0,4.0,Digital Wallet,Takeaway,2023-03-08,Spring
7044,TXN_5227798,Salad,4.0,5.0,20.0,Cash,Takeaway,2023-09-02,Autumn
7045,TXN_9374286,Coffee,5.0,2.0,10.0,Cash,In-store,2023-08-07,Summer
7046,TXN_6577619,Salad,3.0,5.0,15.0,Credit Card,In-store,2023-07-22,Summer
7048,TXN_5209716,Cookie,5.0,1.0,5.0,Cash,Takeaway,2023-10-06,Autumn
7049,TXN_6412590,Salad,1.0,5.0,5.0,Digital Wallet,Takeaway,2023-06-12,Summer
7050,TXN_1577802,Coffee,2.0,3.0,6.0,Credit Card,In-store,2023-11-29,Autumn
7051,TXN_3202346,Salad,2.0,5.0,10.0,Digital Wallet,In-store,2023-11-19,Autumn
7052,TXN_2141924,Salad,5.0,5.0,25.0,Cash,In-store,2023-11-27,Autumn
7053,TXN_6775972,Coffee,3.0,2.0,6.0,Credit Card,Takeaway,2023-09-15,Autumn
7054,TXN_8799599,Coffee,1.0,2.0,2.0,Credit Card,Takeaway,2023-09-10,Autumn
7055,TXN_2866735,Cookie,4.0,1.0,4.0,Cash,Takeaway,2023-03-13,Spring
7056,TXN_2199500,Smoothie,1.0,4.0,4.0,Credit Card,Takeaway,2023-04-04,Spring
7057,TXN_3402368,Tea,2.0,1.5,3.0,Digital Wallet,In-store,2023-02-01,Winter
7058,TXN_8279269,Smoothie,4.0,4.0,16.0,Digital Wallet,Takeaway,2023-06-14,Summer
7059,TXN_2829951,Smoothie,4.0,4.0,16.0,Credit Card,Takeaway,2023-06-28,Summer
7060,TXN_6748374,Salad,1.0,5.0,5.0,Credit Card,Takeaway,2023-07-24,Summer
7061,TXN_5056971,Tea,4.0,1.5,6.0,Cash,Takeaway,2023-08-22,Summer
7062,TXN_8675052,Cookie,3.0,1.0,3.0,Credit Card,Takeaway,2023-11-23,Autumn
7063,TXN_6481150,Salad,4.0,5.0,20.0,Digital Wallet,In-store,2023-03-30,Spring
7064,TXN_2371827,Cookie,5.0,1.0,5.0,Cash,In-store,2023-04-03,Spring
7065,TXN_3677109,Coffee,5.0,3.0,15.0,Digital Wallet,Takeaway,2023-12-02,Winter
7066,TXN_5457767,Coffee,3.0,3.0,9.0,Cash,In-store,2023-08-14,Summer
7068,TXN_3661311,Coffee,2.0,3.0,6.0,Digital Wallet,Takeaway,2023-04-30,Spring
7069,TXN_5520841,Coffee,1.0,3.0,3.0,Digital Wallet,Takeaway,2023-09-04,Autumn
7070,TXN_6443522,Smoothie,4.0,4.0,16.0,Digital Wallet,In-store,2023-06-22,Summer
7071,TXN_4907008,Coffee,3.0,2.0,6.0,Digital Wallet,In-store,2023-10-30,Autumn
7072,TXN_9833793,Cookie,1.0,1.0,1.0,Digital Wallet,Takeaway,2023-12-01,Winter
7073,TXN_6297375,Coffee,5.0,2.0,10.0,Digital Wallet,Takeaway,2023-07-16,Summer
7074,TXN_1641000,Smoothie,2.0,4.0,8.0,Cash,Takeaway,2023-08-19,Summer
7075,TXN_8588174,Salad,3.0,5.0,15.0,Digital Wallet,In-store,2023-02-07,Winter
7076,TXN_1228888,Cookie,1.0,1.0,1.0,Credit Card,In-store,2023-10-05,Autumn
7077,TXN_2917349,Tea,4.0,1.5,6.0,Digital Wallet,Takeaway,2023-01-15,Winter
7078,TXN_8099578,Coffee,3.0,2.0,6.0,Digital Wallet,Takeaway,2023-03-02,Spring
7079,TXN_9949241,Salad,1.0,5.0,5.0,Digital Wallet,In-store,2023-07-26,Summer
7080,TXN_5662517,Tea,2.0,1.5,3.0,Credit Card,Takeaway,2023-01-05,Winter
7081,TXN_3221795,Smoothie,5.0,4.0,20.0,Cash,Takeaway,2023-10-01,Autumn
7082,TXN_8432624,Coffee,3.0,3.0,9.0,Cash,Takeaway,2023-06-24,Summer
7083,TXN_1883231,Coffee,5.0,3.0,15.0,Digital Wallet,In-store,2023-10-21,Autumn
7084,TXN_2490699,Coffee,1.0,2.0,2.0,Cash,Takeaway,2023-10-05,Autumn
7085,TXN_1898102,Coffee,4.0,3.0,12.0,Credit Card,Takeaway,2023-10-17,Autumn
7086,TXN_9614646,Coffee,3.0,2.0,6.0,Digital Wallet,In-store,2023-03-18,Spring
7087,TXN_6142529,Tea,5.0,1.5,7.5,Credit Card,In-store,2023-07-21,Summer
7088,TXN_9279935,Coffee,2.0,2.0,4.0,Digital Wallet,In-store,2023-06-02,Summer
7089,TXN_3233211,Tea,2.0,1.5,3.0,Digital Wallet,Takeaway,2023-06-07,Summer
7090,TXN_1607650,Cookie,2.0,1.0,2.0,Digital Wallet,Takeaway,2023-04-27,Spring
7091,TXN_1873852,Coffee,3.0,3.0,9.0,Digital Wallet,Takeaway,2023-07-07,Summer
7092,TXN_2501656,Coffee,5.0,3.0,15.0,Digital Wallet,Takeaway,2023-07-02,Summer
7093,TXN_6125085,Coffee,3.0,3.0,9.0,Digital Wallet,Takeaway,2023-05-24,Spring
7094,TXN_8917809,Salad,5.0,5.0,25.0,Cash,Takeaway,2023-07-29,Summer
7095,TXN_8850815,Smoothie,5.0,4.0,20.0,Digital Wallet,Takeaway,2023-07-23,Summer
7096,TXN_6959065,Coffee,5.0,2.0,10.0,Digital Wallet,Takeaway,2023-05-05,Spring
7097,TXN_4784154,Tea,5.0,1.5,7.5,Credit Card,In-store,2023-09-06,Autumn
7098,TXN_1893337,Coffee,2.0,3.0,6.0,Digital Wallet,Takeaway,2023-05-16,Spring
7101,TXN_6907555,Tea,2.0,1.5,3.0,Credit Card,Takeaway,2023-09-21,Autumn
7102,TXN_2437751,Smoothie,1.0,4.0,4.0,Digital Wallet,In-store,2023-03-18,Spring
7103,TXN_8285283,Coffee,5.0,3.0,15.0,Digital Wallet,Takeaway,2023-09-21,Autumn
7104,TXN_4795208,Smoothie,2.0,4.0,8.0,Digital Wallet,Takeaway,2023-05-03,Spring
7105,TXN_5426405,Tea,5.0,1.5,7.5,Digital Wallet,In-store,2023-11-26,Autumn
7106,TXN_6794035,Smoothie,1.0,4.0,4.0,Digital Wallet,Takeaway,2023-11-04,Autumn
7107,TXN_6265760,Coffee,1.0,3.0,3.0,Credit Card,Takeaway,2023-06-21,Summer
7108,TXN_9905396,Salad,1.0,5.0,5.0,Digital Wallet,Takeaway,2023-08-20,Summer
7109,TXN_1955127,Coffee,5.0,3.0,15.0,Digital Wallet,In-store,2023-02-18,Winter
7110,TXN_1296879,Coffee,1.0,3.0,3.0,Digital Wallet,Takeaway,2023-11-17,Autumn
7111,TXN_8882176,Cookie,4.0,1.0,4.0,Cash,Takeaway,2023-03-28,Spring
7112,TXN_7052672,Coffee,1.0,3.0,3.0,Digital Wallet,In-store,2023-06-29,Summer
7113,TXN_3492861,Cookie,5.0,1.0,5.0,Cash,Takeaway,2023-11-09,Autumn
7114,TXN_3655322,Coffee,3.0,3.0,9.0,Digital Wallet,Takeaway,2023-10-03,Autumn
7115,TXN_7584389,Coffee,4.0,2.0,8.0,Cash,Takeaway,2023-03-09,Spring
7116,TXN_5734319,Coffee,5.0,2.0,10.0,Cash,Takeaway,2023-06-01,Summer
7117,TXN_2535662,Coffee,1.0,3.0,3.0,Cash,Takeaway,2023-05-01,Spring
7118,TXN_8436360,Coffee,2.0,3.0,6.0,Digital Wallet,Takeaway,2023-12-16,Winter
7119,TXN_1370465,Cookie,4.0,1.0,4.0,Digital Wallet,Takeaway,2023-03-25,Spring
7120,TXN_7343660,Salad,5.0,5.0,25.0,Credit Card,In-store,2023-08-06,Summer
7121,TXN_7777602,Salad,1.0,5.0,5.0,Cash,Takeaway,2023-04-26,Spring
7122,TXN_3430805,Coffee,4.0,3.0,12.0,Credit Card,Takeaway,2023-11-12,Autumn
7124,TXN_8219472,Cookie,4.0,1.0,4.0,Credit Card,Takeaway,2023-11-09,Autumn
7125,TXN_7171303,Smoothie,1.0,4.0,4.0,Digital Wallet,Takeaway,2023-04-30,Spring
7126,TXN_2330694,Salad,3.0,5.0,15.0,Cash,In-store,2023-05-31,Spring
7127,TXN_4476076,Smoothie,2.0,4.0,8.0,Digital Wallet,Takeaway,2023-03-26,Spring
7128,TXN_4183749,Coffee,4.0,3.0,12.0,Credit Card,Takeaway,2023-01-25,Winter
7129,TXN_8132145,Tea,1.0,1.5,1.5,Digital Wallet,Takeaway,2023-08-04,Summer
7130,TXN_9286960,Cookie,3.0,1.0,3.0,Cash,Takeaway,2023-12-26,Winter
7131,TXN_6901619,Tea,2.0,1.5,3.0,Digital Wallet,In-store,2023-10-16,Autumn
7132,TXN_6699343,Coffee,3.0,3.0,9.0,Digital Wallet,Takeaway,2023-10-31,Autumn
7134,TXN_2184573,Tea,4.0,1.5,6.0,Digital Wallet,Takeaway,2023-04-26,Spring
7135,TXN_4779439,Coffee,4.0,3.0,12.0,Digital Wallet,In-store,2023-08-23,Summer
7136,TXN_1789504,Salad,1.0,5.0,5.0,Credit Card,Takeaway,2023-06-12,Summer
7137,TXN_6337189,Coffee,1.0,3.0,3.0,Digital Wallet,Takeaway,2023-04-11,Spring
7138,TXN_6071905,Coffee,1.0,3.0,3.0,Digital Wallet,In-store,2023-11-06,Autumn
7139,TXN_7847913,Smoothie,3.0,4.0,12.0,Digital Wallet,In-store,2023-05-17,Spring
7140,TXN_1792405,Tea,3.0,1.5,4.5,Digital Wallet,Takeaway,2023-07-06,Summer
7141,TXN_6101067,Smoothie,1.0,4.0,4.0,Credit Card,Takeaway,2023-09-05,Autumn
7142,TXN_2260070,Salad,1.0,5.0,5.0,Cash,Takeaway,2023-10-06,Autumn
7143,TXN_5641209,Salad,3.0,5.0,15.0,Digital Wallet,Takeaway,2023-12-03,Winter
7144,TXN_3994585,Coffee,3.0,3.0,9.0,Digital Wallet,In-store,2023-07-24,Summer
7145,TXN_5202752,Smoothie,5.0,4.0,20.0,Credit Card,Takeaway,2023-05-08,Spring
7146,TXN_8714850,Coffee,5.0,3.0,15.0,Cash,In-store,2023-04-30,Spring
7147,TXN_3504925,Smoothie,5.0,4.0,20.0,Cash,Takeaway,2023-09-21,Autumn
7148,TXN_4919285,Coffee,4.0,2.0,8.0,Cash,Takeaway,2023-10-15,Autumn
7149,TXN_4876398,Salad,2.0,5.0,10.0,Cash,Takeaway,2023-04-21,Spring
7150,TXN_5456362,Smoothie,4.0,4.0,16.0,Credit Card,Takeaway,2023-07-06,Summer
7151,TXN_4377249,Coffee,3.0,2.0,6.0,Digital Wallet,Takeaway,2023-07-26,Summer
7152,TXN_6566716,Coffee,1.0,2.0,2.0,Credit Card,Takeaway,2023-01-01,Winter
7153,TXN_1571824,Cookie,4.0,1.0,4.0,Cash,Takeaway,2023-10-16,Autumn
7154,TXN_3920273,Smoothie,4.0,4.0,16.0,Digital Wallet,In-store,2023-09-05,Autumn
7155,TXN_8222593,Smoothie,4.0,4.0,16.0,Credit Card,Takeaway,2023-05-11,Spring
7156,TXN_5054719,Smoothie,2.0,4.0,8.0,Credit Card,Takeaway,2023-04-17,Spring
7157,TXN_2242015,Tea,2.0,1.5,3.0,Cash,Takeaway,2023-08-26,Summer
7158,TXN_5208377,Tea,2.0,1.5,3.0,Digital Wallet,Takeaway,2023-03-06,Spring
7159,TXN_1322520,Salad,5.0,5.0,25.0,Cash,Takeaway,2023-07-12,Summer
7160,TXN_7268387,Coffee,3.0,3.0,9.0,Credit Card,Takeaway,2023-04-09,Spring
7161,TXN_6268823,Smoothie,2.0,4.0,8.0,Digital Wallet,Takeaway,2023-04-18,Spring
7162,TXN_5578828,Cookie,4.0,1.0,4.0,Cash,In-store,2023-05-12,Spring
7163,TXN_5727550,Coffee,3.0,2.0,6.0,Digital Wallet,Takeaway,2023-10-11,Autumn
7164,TXN_9597063,Coffee,2.0,2.0,4.0,Digital Wallet,In-store,2023-07-20,Summer
7165,TXN_6867132,Coffee,2.0,3.0,6.0,Cash,In-store,2023-02-01,Winter
7166,TXN_1971865,Coffee,1.0,3.0,3.0,Digital Wallet,Takeaway,2023-04-11,Spring
7167,TXN_6067546,Tea,5.0,1.5,7.5,Digital Wallet,Takeaway,2023-08-25,Summer
7168,TXN_3699636,Salad,3.0,5.0,15.0,Digital Wallet,Takeaway,2023-01-12,Winter
7169,TXN_6724588,Coffee,2.0,3.0,6.0,Digital Wallet,In-store,2023-10-16,Autumn
7170,TXN_2929426,Salad,5.0,5.0,25.0,Cash,Takeaway,2023-01-29,Winter
7171,TXN_9669749,Salad,4.0,5.0,20.0,Credit Card,Takeaway,2023-03-26,Spring
7172,TXN_9105374,Coffee,4.0,3.0,12.0,Digital Wallet,In-store,2023-01-25,Winter
7174,TXN_3346749,Tea,2.0,1.5,3.0,Digital Wallet,Takeaway,2023-05-06,Spring
7175,TXN_5594043,Coffee,4.0,3.0,12.0,Cash,Takeaway,2023-06-22,Summer
7176,TXN_1170807,Smoothie,5.0,4.0,20.0,Digital Wallet,In-store,2023-09-15,Autumn
7177,TXN_2882571,Coffee,1.0,3.0,3.0,Credit Card,In-store,2023-05-24,Spring
7178,TXN_6640488,Tea,3.0,1.5,4.5,Credit Card,Takeaway,2023-04-01,Spring
7179,TXN_7621512,Salad,4.0,5.0,20.0,Digital Wallet,In-store,2023-07-24,Summer
7180,TXN_9529846,Smoothie,5.0,4.0,20.0,Digital Wallet,Takeaway,2023-09-23,Autumn
7181,TXN_3338458,Coffee,5.0,3.0,15.0,Cash,Takeaway,2023-10-27,Autumn
7182,TXN_3104867,Coffee,3.0,3.0,9.0,Digital Wallet,Takeaway,2023-03-28,Spring
7183,TXN_9286019,Smoothie,4.0,4.0,16.0,Cash,Takeaway,2023-05-28,Spring
7184,TXN_1923263,Smoothie,4.0,4.0,16.0,Digital Wallet,In-store,2023-03-12,Spring
7185,TXN_3172621,Smoothie,4.0,4.0,16.0,Digital Wallet,Takeaway,2023-10-15,Autumn
7186,TXN_5830991,Cookie,4.0,1.0,4.0,Digital Wallet,Takeaway,2023-11-07,Autumn
7187,TXN_8719561,Coffee,3.0,3.0,9.0,Digital Wallet,Takeaway,2023-09-13,Autumn
7188,TXN_7396497,Smoothie,5.0,4.0,20.0,Credit Card,In-store,2023-02-10,Winter
7189,TXN_7629728,Coffee,4.0,2.0,8.0,Digital Wallet,In-store,2023-12-15,Winter
7190,TXN_2831842,Coffee,2.0,3.0,6.0,Digital Wallet,Takeaway,2023-05-20,Spring
7191,TXN_8903958,Coffee,2.0,3.0,6.0,Digital Wallet,Takeaway,2023-11-12,Autumn
7192,TXN_8951525,Coffee,3.0,3.0,9.0,Digital Wallet,Takeaway,2023-06-08,Summer
7193,TXN_7511261,Coffee,3.0,3.0,9.0,Digital Wallet,Takeaway,2023-03-26,Spring
7194,TXN_3896128,Coffee,1.0,3.0,3.0,Digital Wallet,In-store,2023-01-04,Winter
7195,TXN_6554101,Smoothie,3.0,4.0,12.0,Digital Wallet,Takeaway,2023-02-15,Winter
7196,TXN_3500571,Coffee,3.0,3.0,9.0,Digital Wallet,Takeaway,2023-05-03,Spring
7197,TXN_6761273,Coffee,5.0,3.0,15.0,Digital Wallet,Takeaway,2023-10-13,Autumn
7198,TXN_6076602,Tea,4.0,1.5,6.0,Credit Card,In-store,2023-02-07,Winter
7199,TXN_9196658,Cookie,1.0,1.0,1.0,Digital Wallet,Takeaway,2023-06-12,Summer
7200,TXN_7330330,Cookie,2.0,1.0,2.0,Digital Wallet,In-store,2023-10-16,Autumn
7202,TXN_2340643,Salad,5.0,5.0,25.0,Cash,In-store,2023-01-05,Winter
7203,TXN_4397349,Smoothie,2.0,4.0,8.0,Digital Wallet,Takeaway,2023-06-08,Summer
7204,TXN_1072984,Tea,4.0,1.5,6.0,Digital Wallet,Takeaway,2023-01-11,Winter
7205,TXN_3238759,Smoothie,5.0,4.0,20.0,Digital Wallet,In-store,2023-07-20,Summer
7206,TXN_9802771,Smoothie,2.0,4.0,8.0,Digital Wallet,Takeaway,2023-02-11,Winter
7207,TXN_3858607,Salad,5.0,5.0,25.0,Digital Wallet,Takeaway,2023-12-02,Winter
7208,TXN_3585602,Coffee,2.0,3.0,6.0,Cash,In-store,2023-04-17,Spring
7209,TXN_8096618,Coffee,4.0,2.0,8.0,Digital Wallet,In-store,2023-02-20,Winter
7210,TXN_8363711,Smoothie,2.0,4.0,8.0,Digital Wallet,In-store,2023-05-21,Spring
7211,TXN_2639283,Coffee,5.0,3.0,15.0,Digital Wallet,Takeaway,2023-08-13,Summer
7212,TXN_1505837,Smoothie,3.0,4.0,12.0,Credit Card,In-store,2023-12-15,Winter
7213,TXN_2566299,Coffee,2.0,3.0,6.0,Cash,Takeaway,2023-08-20,Summer
7214,TXN_7292790,Cookie,4.0,1.0,4.0,Cash,In-store,2023-06-13,Summer
7215,TXN_7631496,Cookie,3.0,1.0,3.0,Digital Wallet,In-store,2023-11-05,Autumn
7216,TXN_6251282,Coffee,4.0,3.0,12.0,Cash,Takeaway,2023-11-15,Autumn
7217,TXN_6266750,Smoothie,1.0,4.0,4.0,Cash,Takeaway,2023-04-21,Spring
7218,TXN_6770844,Coffee,1.0,3.0,3.0,Digital Wallet,In-store,2023-05-08,Spring
7219,TXN_4152460,Smoothie,3.0,4.0,12.0,Cash,Takeaway,2023-05-01,Spring
7220,TXN_4699911,Coffee,2.0,2.0,4.0,Digital Wallet,Takeaway,2023-07-21,Summer
7221,TXN_3472433,Coffee,4.0,2.0,8.0,Credit Card,Takeaway,2023-10-29,Autumn
7222,TXN_7179827,Coffee,4.0,3.0,12.0,Credit Card,In-store,2023-06-28,Summer
7223,TXN_7568112,Salad,5.0,5.0,25.0,Cash,Takeaway,2023-06-29,Summer
7224,TXN_9800351,Tea,3.0,1.5,4.5,Cash,Takeaway,2023-06-16,Summer
7225,TXN_4216821,Tea,2.0,1.5,3.0,Digital Wallet,Takeaway,2023-07-02,Summer
7226,TXN_6378070,Smoothie,3.0,4.0,12.0,Digital Wallet,Takeaway,2023-09-26,Autumn
7227,TXN_2889185,Smoothie,2.0,4.0,8.0,Digital Wallet,Takeaway,2023-10-21,Autumn
7228,TXN_5188872,Coffee,3.0,3.0,9.0,Digital Wallet,In-store,2023-07-21,Summer
7229,TXN_9927220,Coffee,5.0,3.0,15.0,Cash,Takeaway,2023-09-14,Autumn
7231,TXN_2110490,Salad,1.0,5.0,5.0,Cash,In-store,2023-08-29,Summer
7232,TXN_7187578,Salad,5.0,5.0,25.0,Digital Wallet,In-store,2023-11-20,Autumn
7233,TXN_4914203,Coffee,1.0,2.0,2.0,Credit Card,Takeaway,2023-12-02,Winter
7234,TXN_6046363,Smoothie,5.0,4.0,20.0,Digital Wallet,Takeaway,2023-03-20,Spring
7235,TXN_2920578,Smoothie,4.0,4.0,16.0,Cash,Takeaway,2023-09-06,Autumn
7236,TXN_7117210,Coffee,4.0,3.0,12.0,Digital Wallet,In-store,2023-09-25,Autumn
7237,TXN_5823330,Salad,3.0,5.0,15.0,Digital Wallet,In-store,2023-10-19,Autumn
7238,TXN_8155540,Salad,5.0,5.0,25.0,Credit Card,Takeaway,2023-03-19,Spring
7239,TXN_2418609,Smoothie,2.0,4.0,8.0,Digital Wallet,In-store,2023-09-06,Autumn
7240,TXN_8570149,Tea,1.0,1.5,1.5,Credit Card,Takeaway,2023-06-03,Summer
7241,TXN_4382802,Smoothie,1.0,4.0,4.0,Digital Wallet,Takeaway,2023-07-17,Summer
7242,TXN_9970964,Smoothie,2.0,4.0,8.0,Credit Card,Takeaway,2023-07-07,Summer
7243,TXN_5946779,Smoothie,1.0,4.0,4.0,Cash,In-store,2023-05-25,Spring
7245,TXN_8982328,Coffee,1.0,3.0,3.0,Credit Card,In-store,2023-10-20,Autumn
7246,TXN_9969706,Coffee,5.0,3.0,15.0,Digital Wallet,In-store,2023-03-17,Spring
7247,TXN_1915046,Smoothie,5.0,4.0,20.0,Digital Wallet,Takeaway,2023-04-12,Spring
7248,TXN_4624019,Cookie,1.0,1.0,1.0,Cash,Takeaway,2023-02-12,Winter
7249,TXN_1773856,Coffee,2.0,3.0,6.0,Digital Wallet,Takeaway,2023-08-11,Summer
7250,TXN_6667083,Coffee,1.0,3.0,3.0,Cash,Takeaway,2023-03-19,Spring
7251,TXN_8639879,Salad,2.0,5.0,10.0,Digital Wallet,Takeaway,2023-03-09,Spring
7252,TXN_5144090,Coffee,5.0,2.0,10.0,Digital Wallet,Takeaway,2023-05-15,Spring
7253,TXN_1322421,Coffee,4.0,3.0,12.0,Credit Card,Takeaway,2023-03-05,Spring
7254,TXN_4474441,Coffee,4.0,2.0,8.0,Credit Card,Takeaway,2023-08-23,Summer
7255,TXN_6598343,Coffee,4.0,3.0,12.0,Digital Wallet,Takeaway,2023-07-10,Summer
7256,TXN_1297663,Smoothie,5.0,4.0,20.0,Credit Card,Takeaway,2023-09-12,Autumn
7257,TXN_4972634,Smoothie,5.0,4.0,20.0,Credit Card,In-store,2023-07-22,Summer
7258,TXN_7362776,Cookie,5.0,1.0,5.0,Digital Wallet,In-store,2023-01-26,Winter
7259,TXN_8159772,Coffee,1.0,3.0,3.0,Credit Card,In-store,2023-10-02,Autumn
7260,TXN_7137800,Tea,1.0,1.5,1.5,Digital Wallet,Takeaway,2023-02-22,Winter
7261,TXN_4360970,Tea,3.0,1.5,4.5,Digital Wallet,Takeaway,2023-06-28,Summer
7262,TXN_6529863,Salad,3.0,5.0,15.0,Digital Wallet,Takeaway,2023-08-16,Summer
7263,TXN_3886583,Tea,3.0,1.5,4.5,Digital Wallet,In-store,2023-05-03,Spring
7264,TXN_9315004,Smoothie,5.0,4.0,20.0,Digital Wallet,In-store,2023-12-21,Winter
7266,TXN_4039864,Coffee,2.0,3.0,6.0,Cash,In-store,2023-07-24,Summer
7267,TXN_8901988,Tea,5.0,1.5,7.5,Digital Wallet,In-store,2023-01-21,Winter
7268,TXN_8103754,Salad,5.0,5.0,25.0,Cash,Takeaway,2023-01-29,Winter
7269,TXN_6318017,Tea,3.0,1.5,4.5,Cash,In-store,2023-06-23,Summer
7270,TXN_9608271,Coffee,2.0,2.0,4.0,Digital Wallet,Takeaway,2023-10-24,Autumn
7271,TXN_4583009,Salad,5.0,5.0,25.0,Credit Card,In-store,2023-01-08,Winter
7272,TXN_2536821,Salad,5.0,5.0,25.0,Digital Wallet,Takeaway,2023-12-01,Winter
7273,TXN_5820621,Cookie,5.0,1.0,5.0,Digital Wallet,In-store,2023-12-01,Winter
7274,TXN_2878994,Smoothie,1.0,4.0,4.0,Digital Wallet,Takeaway,2023-05-19,Spring
7275,TXN_8014973,Salad,3.0,5.0,15.0,Digital Wallet,In-store,2023-08-09,Summer
7276,TXN_6492477,Coffee,5.0,2.0,10.0,Digital Wallet,Takeaway,2023-02-03,Winter
7277,TXN_8549600,Coffee,3.0,2.0,6.0,Digital Wallet,Takeaway,2023-11-19,Autumn
7278,TXN_4496616,Salad,5.0,5.0,25.0,Digital Wallet,Takeaway,2023-10-07,Autumn
7279,TXN_3190538,Coffee,2.0,2.0,4.0,Digital Wallet,Takeaway,2023-06-03,Summer
7280,TXN_8863649,Cookie,1.0,1.0,1.0,Credit Card,In-store,2023-03-05,Spring
7281,TXN_8078312,Cookie,1.0,1.0,1.0,Digital Wallet,Takeaway,2023-09-24,Autumn
7282,TXN_6306644,Coffee,2.0,3.0,6.0,Digital Wallet,Takeaway,2023-06-15,Summer
7283,TXN_9836829,Cookie,5.0,1.0,5.0,Digital Wallet,Takeaway,2023-10-15,Autumn
7284,TXN_8942829,Salad,5.0,5.0,25.0,Cash,Takeaway,2023-03-11,Spring
7285,TXN_1604072,Coffee,2.0,2.0,4.0,Digital Wallet,Takeaway,2023-01-01,Winter
7286,TXN_3673322,Salad,2.0,5.0,10.0,Credit Card,Takeaway,2023-04-24,Spring
7287,TXN_1830432,Cookie,3.0,1.0,3.0,Digital Wallet,Takeaway,2023-11-02,Autumn
7288,TXN_4314504,Coffee,1.0,3.0,3.0,Digital Wallet,In-store,2023-06-01,Summer
7289,TXN_2880516,Tea,1.0,1.5,1.5,Cash,In-store,2023-03-26,Spring
7290,TXN_4649079,Cookie,4.0,1.0,4.0,Digital Wallet,Takeaway,2023-07-26,Summer
7291,TXN_6383336,Coffee,2.0,3.0,6.0,Digital Wallet,Takeaway,2023-01-21,Winter
7292,TXN_7605163,Salad,1.0,5.0,5.0,Digital Wallet,Takeaway,2023-08-15,Summer
7293,TXN_2294603,Tea,1.0,1.5,1.5,Credit Card,Takeaway,2023-09-02,Autumn
7294,TXN_7097760,Coffee,3.0,2.0,6.0,Digital Wallet,Takeaway,2023-10-24,Autumn
7296,TXN_1220061,Smoothie,3.0,4.0,12.0,Digital Wallet,In-store,2023-09-03,Autumn
7298,TXN_1329167,Tea,5.0,1.5,7.5,Digital Wallet,Takeaway,2023-01-14,Winter
7299,TXN_3463337,Coffee,5.0,3.0,15.0,Credit Card,In-store,2023-09-20,Autumn
7300,TXN_8016623,Tea,2.0,1.5,3.0,Cash,Takeaway,2023-05-09,Spring
7301,TXN_9525078,Salad,5.0,5.0,25.0,Digital Wallet,Takeaway,2023-07-23,Summer
7302,TXN_2841233,Cookie,1.0,1.0,1.0,Cash,Takeaway,2023-12-01,Winter
7303,TXN_1458905,Smoothie,1.0,4.0,4.0,Digital Wallet,Takeaway,2023-02-19,Winter
7304,TXN_3977520,Coffee,5.0,2.0,10.0,Digital Wallet,Takeaway,2023-08-08,Summer
7305,TXN_3330279,Coffee,1.0,3.0,3.0,Credit Card,Takeaway,2023-11-13,Autumn
7306,TXN_6234882,Cookie,4.0,1.0,4.0,Credit Card,Takeaway,2023-01-01,Winter
7307,TXN_9970653,Smoothie,5.0,4.0,20.0,Digital Wallet,Takeaway,2023-12-30,Winter
7308,TXN_4185160,Coffee,2.0,2.0,4.0,Credit Card,In-store,2023-05-04,Spring
7309,TXN_6093955,Tea,5.0,1.5,7.5,Digital Wallet,Takeaway,2023-01-01,Winter
7310,TXN_2074343,Smoothie,3.0,4.0,12.0,Digital Wallet,In-store,2023-05-30,Spring
7311,TXN_7994903,Smoothie,4.0,4.0,16.0,Credit Card,In-store,2023-01-09,Winter
7312,TXN_3109161,Smoothie,3.0,4.0,12.0,Digital Wallet,Takeaway,2023-09-11,Autumn
7313,TXN_2185727,Salad,4.0,5.0,20.0,Digital Wallet,In-store,2023-10-08,Autumn
7314,TXN_8971366,Coffee,2.0,3.0,6.0,Digital Wallet,In-store,2023-08-24,Summer
7315,TXN_3669866,Tea,3.0,1.5,4.5,Digital Wallet,In-store,2023-05-10,Spring
7316,TXN_9395223,Cookie,4.0,1.0,4.0,Credit Card,In-store,2023-12-29,Winter
7317,TXN_7963892,Salad,1.0,5.0,5.0,Digital Wallet,Takeaway,2023-08-15,Summer
7318,TXN_6325639,Coffee,3.0,3.0,9.0,Digital Wallet,In-store,2023-07-19,Summer
7319,TXN_3856510,Smoothie,5.0,4.0,20.0,Cash,Takeaway,2023-10-21,Autumn
7320,TXN_4779192,Cookie,5.0,1.0,5.0,Digital Wallet,Takeaway,2023-11-06,Autumn
7322,TXN_5808719,Coffee,1.0,3.0,3.0,Cash,In-store,2023-10-01,Autumn
7323,TXN_2817210,Coffee,4.0,3.0,12.0,Digital Wallet,Takeaway,2023-11-10,Autumn
7324,TXN_1985396,Smoothie,3.0,4.0,12.0,Cash,In-store,2023-01-23,Winter
7325,TXN_7625340,Cookie,2.0,1.0,2.0,Credit Card,In-store,2023-01-20,Winter
7326,TXN_1533652,Tea,3.0,1.5,4.5,Cash,In-store,2023-08-17,Summer
7327,TXN_6345619,Coffee,5.0,3.0,15.0,Digital Wallet,Takeaway,2023-12-09,Winter
7328,TXN_3218971,Smoothie,5.0,4.0,20.0,Credit Card,Takeaway,2023-06-13,Summer
7329,TXN_8127681,Smoothie,1.0,4.0,4.0,Credit Card,Takeaway,2023-09-02,Autumn
7330,TXN_7328604,Salad,2.0,5.0,10.0,Credit Card,Takeaway,2023-02-25,Winter
7331,TXN_4574757,Coffee,2.0,3.0,6.0,Digital Wallet,In-store,2023-08-05,Summer
7332,TXN_9505924,Coffee,4.0,3.0,12.0,Digital Wallet,Takeaway,2023-03-17,Spring
7333,TXN_9482559,Cookie,1.0,1.0,1.0,Digital Wallet,In-store,2023-08-04,Summer
7334,TXN_7705153,Tea,1.0,1.5,1.5,Digital Wallet,In-store,2023-01-25,Winter
7335,TXN_7037557,Salad,4.0,5.0,20.0,Cash,Takeaway,2023-05-02,Spring
7336,TXN_9517548,Coffee,3.0,2.0,6.0,Cash,Takeaway,2023-01-25,Winter
7337,TXN_4467046,Salad,4.0,5.0,20.0,Digital Wallet,Takeaway,2023-09-27,Autumn
7338,TXN_5074212,Coffee,5.0,3.0,15.0,Digital Wallet,Takeaway,2023-05-14,Spring
7339,TXN_8167530,Coffee,3.0,3.0,9.0,Cash,In-store,2023-03-08,Spring
7340,TXN_2158361,Coffee,2.0,3.0,6.0,Digital Wallet,Takeaway,2023-07-27,Summer
7341,TXN_5492822,Coffee,4.0,2.0,8.0,Digital Wallet,Takeaway,2023-12-16,Winter
7342,TXN_8538125,Coffee,5.0,3.0,15.0,Digital Wallet,Takeaway,2023-05-30,Spring
7343,TXN_1091115,Smoothie,5.0,4.0,20.0,Cash,Takeaway,2023-11-04,Autumn
7344,TXN_5350286,Smoothie,5.0,4.0,20.0,Credit Card,Takeaway,2023-02-18,Winter
7345,TXN_1534223,Coffee,3.0,3.0,9.0,Credit Card,Takeaway,2023-01-30,Winter
7346,TXN_6403951,Tea,3.0,1.5,4.5,Credit Card,Takeaway,2023-07-13,Summer
7347,TXN_7961171,Coffee,3.0,3.0,9.0,Cash,In-store,2023-01-27,Winter
7348,TXN_6312039,Coffee,5.0,3.0,15.0,Digital Wallet,In-store,2023-09-29,Autumn
7349,TXN_6177334,Coffee,1.0,3.0,3.0,Credit Card,In-store,2023-02-15,Winter
7350,TXN_7466297,Cookie,1.0,1.0,1.0,Digital Wallet,Takeaway,2023-07-13,Summer
7351,TXN_2693278,Tea,3.0,1.5,4.5,Digital Wallet,Takeaway,2023-11-26,Autumn
7352,TXN_3561149,Coffee,4.0,3.0,12.0,Digital Wallet,Takeaway,2023-05-20,Spring
7353,TXN_2227825,Smoothie,5.0,4.0,20.0,Credit Card,Takeaway,2023-06-05,Summer
7354,TXN_9965686,Coffee,4.0,3.0,12.0,Credit Card,Takeaway,2023-10-02,Autumn
7355,TXN_5303413,Coffee,1.0,2.0,2.0,Digital Wallet,In-store,2023-06-21,Summer
7356,TXN_5328814,Tea,3.0,1.5,4.5,Cash,Takeaway,2023-10-18,Autumn
7357,TXN_9658354,Tea,3.0,1.5,4.5,Credit Card,In-store,2023-11-12,Autumn
7358,TXN_8538315,Coffee,1.0,2.0,2.0,Digital Wallet,Takeaway,2023-07-27,Summer
7359,TXN_2334962,Coffee,5.0,3.0,15.0,Digital Wallet,Takeaway,2023-01-31,Winter
7360,TXN_9321776,Coffee,1.0,3.0,3.0,Digital Wallet,Takeaway,2023-04-23,Spring
7362,TXN_7625537,Coffee,3.0,3.0,9.0,Digital Wallet,Takeaway,2023-12-09,Winter
7363,TXN_8722491,Smoothie,4.0,4.0,16.0,Cash,Takeaway,2023-04-24,Spring
7364,TXN_4129569,Cookie,4.0,1.0,4.0,Digital Wallet,Takeaway,2023-08-27,Summer
7365,TXN_6018020,Cookie,2.0,1.0,2.0,Credit Card,Takeaway,2023-01-12,Winter
7366,TXN_3305132,Coffee,4.0,3.0,12.0,Credit Card,Takeaway,2023-01-30,Winter
7367,TXN_7951885,Salad,3.0,5.0,15.0,Credit Card,Takeaway,2023-12-08,Winter
7368,TXN_9090875,Coffee,2.0,3.0,6.0,Digital Wallet,In-store,2023-04-19,Spring
7369,TXN_9175684,Tea,3.0,1.5,4.5,Digital Wallet,Takeaway,2023-09-16,Autumn
7370,TXN_1640649,Cookie,4.0,1.0,4.0,Digital Wallet,In-store,2023-12-05,Winter
7371,TXN_9845746,Coffee,1.0,3.0,3.0,Digital Wallet,In-store,2023-09-23,Autumn
7372,TXN_1547704,Coffee,5.0,2.0,10.0,Cash,In-store,2023-02-14,Winter
7373,TXN_3422774,Smoothie,2.0,4.0,8.0,Digital Wallet,In-store,2023-07-09,Summer
7374,TXN_8477415,Salad,2.0,5.0,10.0,Credit Card,Takeaway,2023-05-01,Spring
7375,TXN_1039367,Smoothie,3.0,4.0,12.0,Cash,Takeaway,2023-03-12,Spring
7376,TXN_5433982,Salad,5.0,5.0,25.0,Digital Wallet,Takeaway,2023-07-07,Summer
7377,TXN_4469550,Coffee,3.0,3.0,9.0,Credit Card,In-store,2023-05-10,Spring
7378,TXN_2838588,Coffee,2.0,2.0,4.0,Digital Wallet,In-store,2023-01-28,Winter
7379,TXN_6135727,Coffee,4.0,3.0,12.0,Digital Wallet,Takeaway,2023-12-15,Winter
7380,TXN_3660227,Coffee,4.0,3.0,12.0,Credit Card,Takeaway,2023-05-13,Spring
7381,TXN_5640232,Smoothie,4.0,4.0,16.0,Digital Wallet,Takeaway,2023-04-08,Spring
7382,TXN_4064310,Tea,4.0,1.5,6.0,Cash,Takeaway,2023-07-24,Summer
7383,TXN_7418562,Smoothie,4.0,4.0,16.0,Digital Wallet,Takeaway,2023-01-15,Winter
7384,TXN_2978326,Smoothie,3.0,4.0,12.0,Cash,Takeaway,2023-12-02,Winter
7385,TXN_9616828,Coffee,2.0,2.0,4.0,Digital Wallet,Takeaway,2023-12-20,Winter
7386,TXN_1522122,Cookie,5.0,1.0,5.0,Credit Card,In-store,2023-02-14,Winter
7387,TXN_2360229,Smoothie,1.0,4.0,4.0,Digital Wallet,Takeaway,2023-06-18,Summer
7388,TXN_7840510,Coffee,4.0,3.0,12.0,Digital Wallet,Takeaway,2023-08-07,Summer
7389,TXN_5285666,Coffee,5.0,2.0,10.0,Cash,Takeaway,2023-03-20,Spring
7390,TXN_5029453,Smoothie,2.0,4.0,8.0,Digital Wallet,In-store,2023-06-24,Summer
7391,TXN_6117421,Coffee,2.0,3.0,6.0,Cash,Takeaway,2023-05-04,Spring
7392,TXN_8759461,Tea,2.0,1.5,3.0,Cash,In-store,2023-01-31,Winter
7393,TXN_2962728,Salad,4.0,5.0,20.0,Credit Card,Takeaway,2023-12-05,Winter
7394,TXN_6527482,Coffee,1.0,3.0,3.0,Digital Wallet,Takeaway,2023-08-27,Summer
7395,TXN_4256200,Tea,5.0,1.5,7.5,Digital Wallet,Takeaway,2023-06-29,Summer
7396,TXN_6276679,Cookie,3.0,1.0,3.0,Digital Wallet,Takeaway,2023-11-08,Autumn
7397,TXN_2507188,Coffee,1.0,2.0,2.0,Credit Card,Takeaway,2023-02-04,Winter
7398,TXN_9386165,Smoothie,2.0,4.0,8.0,Digital Wallet,In-store,2023-06-01,Summer
7399,TXN_6064232,Tea,2.0,1.5,3.0,Credit Card,Takeaway,2023-04-09,Spring
7400,TXN_3604017,Coffee,4.0,3.0,12.0,Digital Wallet,In-store,2023-09-21,Autumn
7401,TXN_3486548,Tea,1.0,1.5,1.5,Digital Wallet,Takeaway,2023-07-08,Summer
7402,TXN_1465584,Smoothie,1.0,4.0,4.0,Credit Card,In-store,2023-04-29,Spring
7403,TXN_9285925,Coffee,5.0,3.0,15.0,Cash,In-store,2023-06-20,Summer
7404,TXN_7662502,Coffee,1.0,3.0,3.0,Digital Wallet,In-store,2023-03-06,Spring
7405,TXN_3212505,Smoothie,3.0,4.0,12.0,Credit Card,Takeaway,2023-07-15,Summer
7406,TXN_7331903,Salad,1.0,5.0,5.0,Digital Wallet,Takeaway,2023-05-23,Spring
7407,TXN_2311188,Coffee,2.0,3.0,6.0,Digital Wallet,Takeaway,2023-09-07,Autumn
7408,TXN_6344806,Coffee,3.0,3.0,9.0,Credit Card,Takeaway,2023-05-08,Spring
7409,TXN_4891221,Cookie,5.0,1.0,5.0,Digital Wallet,Takeaway,2023-12-09,Winter
7410,TXN_1316036,Coffee,2.0,3.0,6.0,Cash,Takeaway,2023-10-27,Autumn
7411,TXN_7419274,Coffee,2.0,3.0,6.0,Cash,Takeaway,2023-12-18,Winter
7412,TXN_2178059,Smoothie,4.0,4.0,16.0,Digital Wallet,In-store,2023-03-24,Spring
7413,TXN_2205071,Coffee,5.0,2.0,10.0,Credit Card,In-store,2023-11-23,Autumn
7414,TXN_5790078,Coffee,4.0,3.0,12.0,Digital Wallet,Takeaway,2023-04-16,Spring
7415,TXN_4119210,Tea,3.0,1.5,4.5,Cash,In-store,2023-05-02,Spring
7416,TXN_2349072,Smoothie,5.0,4.0,20.0,Cash,Takeaway,2023-09-06,Autumn
7417,TXN_3670103,Tea,2.0,1.5,3.0,Digital Wallet,In-store,2023-04-30,Spring
7418,TXN_1933628,Coffee,2.0,3.0,6.0,Cash,In-store,2023-08-27,Summer
7419,TXN_6444911,Coffee,5.0,3.0,15.0,Credit Card,Takeaway,2023-02-11,Winter
7420,TXN_4186842,Coffee,5.0,3.0,15.0,Digital Wallet,Takeaway,2023-10-29,Autumn
7421,TXN_2194305,Smoothie,2.0,4.0,8.0,Credit Card,Takeaway,2023-09-16,Autumn
7422,TXN_2002049,Coffee,5.0,2.0,10.0,Digital Wallet,Takeaway,2023-03-17,Spring
7423,TXN_4837447,Coffee,2.0,3.0,6.0,Digital Wallet,Takeaway,2023-11-06,Autumn
7424,TXN_5517185,Smoothie,3.0,4.0,12.0,Digital Wallet,Takeaway,2023-11-05,Autumn
7425,TXN_9658905,Tea,5.0,1.5,7.5,Cash,Takeaway,2023-05-16,Spring
7426,TXN_3373997,Salad,4.0,5.0,20.0,Digital Wallet,Takeaway,2023-02-01,Winter
7427,TXN_1950343,Cookie,2.0,1.0,2.0,Digital Wallet,Takeaway,2023-07-25,Summer
7428,TXN_4477016,Smoothie,4.0,4.0,16.0,Digital Wallet,In-store,2023-04-12,Spring
7429,TXN_2644403,Tea,4.0,1.5,6.0,Digital Wallet,Takeaway,2023-12-22,Winter
7430,TXN_7006741,Smoothie,2.0,4.0,8.0,Digital Wallet,Takeaway,2023-12-30,Winter
7431,TXN_7246698,Smoothie,3.0,4.0,12.0,Digital Wallet,In-store,2023-06-22,Summer
7432,TXN_8063016,Cookie,1.0,1.0,1.0,Cash,Takeaway,2023-02-27,Winter
7433,TXN_9215670,Coffee,3.0,2.0,6.0,Cash,Takeaway,2023-05-04,Spring
7434,TXN_6780463,Tea,3.0,1.5,4.5,Digital Wallet,Takeaway,2023-10-26,Autumn
7435,TXN_5975573,Cookie,1.0,1.0,1.0,Digital Wallet,Takeaway,2023-01-20,Winter
7436,TXN_5560669,Salad,5.0,5.0,25.0,Credit Card,Takeaway,2023-06-30,Summer
7437,TXN_4046095,Coffee,2.0,3.0,6.0,Digital Wallet,Takeaway,2023-10-12,Autumn
7438,TXN_6559598,Coffee,1.0,3.0,3.0,Digital Wallet,Takeaway,2023-05-08,Spring
7439,TXN_9707159,Coffee,5.0,3.0,15.0,Credit Card,In-store,2023-11-10,Autumn
7440,TXN_9983518,Tea,2.0,1.5,3.0,Credit Card,In-store,2023-07-18,Summer
7441,TXN_1714348,Smoothie,2.0,4.0,8.0,Cash,Takeaway,2023-12-31,Winter
7442,TXN_8211288,Smoothie,1.0,4.0,4.0,Cash,In-store,2023-04-23,Spring
7443,TXN_7035067,Salad,2.0,5.0,10.0,Cash,Takeaway,2023-09-29,Autumn
7444,TXN_6335423,Coffee,2.0,2.0,4.0,Credit Card,In-store,2023-06-18,Summer
7445,TXN_9475783,Smoothie,5.0,4.0,20.0,Credit Card,Takeaway,2023-02-11,Winter
7446,TXN_4108869,Smoothie,5.0,4.0,20.0,Digital Wallet,Takeaway,2023-05-02,Spring
7447,TXN_6011341,Coffee,4.0,3.0,12.0,Digital Wallet,In-store,2023-12-21,Winter
7448,TXN_5257531,Tea,2.0,1.5,3.0,Digital Wallet,Takeaway,2023-04-10,Spring
7449,TXN_1645743,Cookie,4.0,1.0,4.0,Digital Wallet,Takeaway,2023-07-02,Summer
7450,TXN_8167311,Salad,1.0,5.0,5.0,Digital Wallet,Takeaway,2023-10-09,Autumn
7451,TXN_2377667,Smoothie,3.0,4.0,12.0,Digital Wallet,Takeaway,2023-10-27,Autumn
7452,TXN_9554670,Coffee,4.0,3.0,12.0,Credit Card,In-store,2023-06-20,Summer
7453,TXN_3312574,Cookie,2.0,1.0,2.0,Digital Wallet,Takeaway,2023-11-03,Autumn
7454,TXN_9208629,Coffee,1.0,3.0,3.0,Digital Wallet,Takeaway,2023-03-30,Spring
7455,TXN_6846085,Cookie,4.0,1.0,4.0,Digital Wallet,Takeaway,2023-02-26,Winter
7456,TXN_5430200,Smoothie,3.0,4.0,12.0,Credit Card,Takeaway,2023-11-12,Autumn
7457,TXN_5135172,Salad,4.0,5.0,20.0,Digital Wallet,In-store,2023-12-10,Winter
7458,TXN_2282416,Tea,4.0,1.5,6.0,Digital Wallet,Takeaway,2023-04-29,Spring
7459,TXN_6716151,Smoothie,3.0,4.0,12.0,Digital Wallet,Takeaway,2023-01-26,Winter
7460,TXN_5303258,Smoothie,4.0,4.0,16.0,Digital Wallet,In-store,2023-09-28,Autumn
7461,TXN_2947683,Coffee,3.0,3.0,9.0,Digital Wallet,In-store,2023-05-14,Spring
7462,TXN_8831659,Smoothie,1.0,4.0,4.0,Credit Card,Takeaway,2023-01-29,Winter
7463,TXN_8980495,Smoothie,4.0,4.0,16.0,Credit Card,Takeaway,2023-11-17,Autumn
7464,TXN_9129298,Coffee,1.0,2.0,2.0,Digital Wallet,Takeaway,2023-12-19,Winter
7465,TXN_2188342,Coffee,3.0,2.0,6.0,Cash,Takeaway,2023-09-10,Autumn
7466,TXN_3843943,Tea,5.0,1.5,7.5,Digital Wallet,Takeaway,2023-07-01,Summer
7467,TXN_4989644,Coffee,5.0,3.0,15.0,Digital Wallet,Takeaway,2023-11-13,Autumn
7468,TXN_9456357,Coffee,3.0,3.0,9.0,Credit Card,Takeaway,2023-02-21,Winter
7469,TXN_9549021,Salad,2.0,5.0,10.0,Digital Wallet,Takeaway,2023-11-25,Autumn
7470,TXN_9263030,Smoothie,5.0,4.0,20.0,Cash,Takeaway,2023-07-03,Summer
7471,TXN_9732454,Smoothie,5.0,4.0,20.0,Digital Wallet,In-store,2023-07-28,Summer
7472,TXN_4129476,Coffee,2.0,2.0,4.0,Cash,Takeaway,2023-10-24,Autumn
7473,TXN_7060691,Salad,5.0,5.0,25.0,Credit Card,Takeaway,2023-10-25,Autumn
7475,TXN_5528787,Coffee,2.0,3.0,6.0,Digital Wallet,Takeaway,2023-10-22,Autumn
7476,TXN_8952145,Coffee,3.0,3.0,9.0,Credit Card,Takeaway,2023-01-28,Winter
7477,TXN_8062811,Coffee,2.0,2.0,4.0,Cash,Takeaway,2023-04-07,Spring
7478,TXN_9710982,Smoothie,4.0,4.0,16.0,Digital Wallet,Takeaway,2023-03-03,Spring
7479,TXN_2020445,Smoothie,2.0,4.0,8.0,Cash,Takeaway,2023-03-06,Spring
7480,TXN_7855761,Cookie,1.0,1.0,1.0,Cash,In-store,2023-01-10,Winter
7481,TXN_9455977,Tea,1.0,1.5,1.5,Digital Wallet,Takeaway,2023-03-10,Spring
7482,TXN_6684056,Smoothie,2.0,4.0,8.0,Digital Wallet,Takeaway,2023-09-14,Autumn
7483,TXN_6085326,Coffee,2.0,3.0,6.0,Digital Wallet,Takeaway,2023-08-22,Summer
7484,TXN_4528522,Coffee,5.0,2.0,10.0,Digital Wallet,Takeaway,2023-12-04,Winter
7485,TXN_7049861,Coffee,5.0,3.0,15.0,Cash,In-store,2023-01-20,Winter
7486,TXN_7312448,Tea,1.0,1.5,1.5,Digital Wallet,Takeaway,2023-01-16,Winter
7487,TXN_2201857,Smoothie,1.0,4.0,4.0,Digital Wallet,Takeaway,2023-02-19,Winter
7488,TXN_4982382,Salad,1.0,5.0,5.0,Cash,Takeaway,2023-01-05,Winter
7489,TXN_9001844,Smoothie,1.0,4.0,4.0,Cash,Takeaway,2023-08-02,Summer
7490,TXN_9104710,Salad,5.0,5.0,25.0,Cash,Takeaway,2023-03-20,Spring
7491,TXN_8266662,Coffee,5.0,2.0,10.0,Credit Card,Takeaway,2023-04-09,Spring
7492,TXN_9178213,Coffee,2.0,2.0,4.0,Digital Wallet,Takeaway,2023-02-27,Winter
7493,TXN_7755216,Salad,5.0,5.0,25.0,Digital Wallet,In-store,2023-02-03,Winter
7494,TXN_2241162,Coffee,3.0,3.0,9.0,Digital Wallet,Takeaway,2023-08-09,Summer
7495,TXN_5757933,Tea,1.0,1.5,1.5,Cash,Takeaway,2023-02-20,Winter
7496,TXN_8859144,Coffee,1.0,3.0,3.0,Digital Wallet,Takeaway,2023-01-15,Winter
7497,TXN_8740257,Coffee,5.0,3.0,15.0,Digital Wallet,Takeaway,2023-06-09,Summer
7498,TXN_4271034,Smoothie,3.0,4.0,12.0,Digital Wallet,In-store,2023-02-28,Winter
7499,TXN_2741424,Tea,4.0,1.5,6.0,Credit Card,In-store,2023-05-03,Spring
7501,TXN_6676143,Smoothie,5.0,4.0,20.0,Cash,In-store,2023-05-21,Spring
7502,TXN_2199647,Salad,1.0,5.0,5.0,Cash,Takeaway,2023-05-05,Spring
7503,TXN_3016079,Smoothie,3.0,4.0,12.0,Digital Wallet,Takeaway,2023-09-24,Autumn
7505,TXN_6881662,Salad,2.0,5.0,10.0,Digital Wallet,Takeaway,2023-07-10,Summer
7506,TXN_4238818,Coffee,2.0,2.0,4.0,Digital Wallet,Takeaway,2023-04-05,Spring
7507,TXN_2146829,Salad,4.0,5.0,20.0,Cash,Takeaway,2023-12-26,Winter
7508,TXN_8131537,Smoothie,2.0,4.0,8.0,Credit Card,Takeaway,2023-12-03,Winter
7509,TXN_9812021,Tea,5.0,1.5,7.5,Credit Card,In-store,2023-02-12,Winter
7510,TXN_7947711,Salad,3.0,5.0,15.0,Digital Wallet,Takeaway,2023-12-06,Winter
7511,TXN_6774688,Salad,1.0,5.0,5.0,Credit Card,Takeaway,2023-01-18,Winter
7512,TXN_3949676,Coffee,4.0,3.0,12.0,Credit Card,In-store,2023-12-21,Winter
7513,TXN_4283693,Salad,2.0,5.0,10.0,Cash,In-store,2023-01-05,Winter
7514,TXN_2274945,Smoothie,4.0,4.0,16.0,Cash,In-store,2023-03-29,Spring
7516,TXN_6787259,Smoothie,2.0,4.0,8.0,Credit Card,In-store,2023-08-18,Summer
7517,TXN_7062893,Smoothie,2.0,4.0,8.0,Digital Wallet,In-store,2023-10-15,Autumn
7518,TXN_7482834,Smoothie,5.0,4.0,20.0,Digital Wallet,In-store,2023-05-16,Spring
7519,TXN_8533584,Cookie,2.0,1.0,2.0,Cash,Takeaway,2023-03-11,Spring
7520,TXN_4311369,Smoothie,2.0,4.0,8.0,Digital Wallet,Takeaway,2023-08-18,Summer
7521,TXN_7123353,Cookie,4.0,1.0,4.0,Digital Wallet,In-store,2023-02-08,Winter
7522,TXN_8230414,Smoothie,4.0,4.0,16.0,Cash,Takeaway,2023-11-20,Autumn
7523,TXN_3738314,Smoothie,4.0,4.0,16.0,Digital Wallet,Takeaway,2023-08-06,Summer
7524,TXN_3200434,Coffee,4.0,3.0,12.0,Digital Wallet,Takeaway,2023-02-18,Winter
7525,TXN_7485706,Cookie,5.0,1.0,5.0,Credit Card,Takeaway,2023-11-15,Autumn
7526,TXN_9908225,Smoothie,5.0,4.0,20.0,Credit Card,In-store,2023-01-04,Winter
7527,TXN_7163533,Smoothie,4.0,4.0,16.0,Credit Card,Takeaway,2023-08-17,Summer
7528,TXN_6867995,Cookie,3.0,1.0,3.0,Digital Wallet,In-store,2023-10-15,Autumn
7529,TXN_9563685,Salad,1.0,5.0,5.0,Credit Card,Takeaway,2023-07-28,Summer
7530,TXN_3345675,Cookie,4.0,1.0,4.0,Digital Wallet,Takeaway,2023-09-23,Autumn
7531,TXN_9890734,Smoothie,4.0,4.0,16.0,Digital Wallet,Takeaway,2023-04-17,Spring
7532,TXN_7697294,Smoothie,3.0,4.0,12.0,Digital Wallet,Takeaway,2023-01-17,Winter
7533,TXN_5256055,Salad,5.0,5.0,25.0,Credit Card,Takeaway,2023-02-07,Winter
7534,TXN_3399674,Smoothie,5.0,4.0,20.0,Digital Wallet,Takeaway,2023-12-09,Winter
7535,TXN_6067979,Smoothie,1.0,4.0,4.0,Credit Card,In-store,2023-07-29,Summer
7536,TXN_4340811,Coffee,5.0,3.0,15.0,Digital Wallet,In-store,2023-04-15,Spring
7537,TXN_6515226,Coffee,1.0,3.0,3.0,Digital Wallet,Takeaway,2023-01-05,Winter
7538,TXN_6069730,Coffee,1.0,3.0,3.0,Cash,In-store,2023-02-05,Winter
7539,TXN_2396191,Coffee,4.0,3.0,12.0,Credit Card,Takeaway,2023-05-12,Spring
7540,TXN_5223162,Coffee,3.0,3.0,9.0,Digital Wallet,Takeaway,2023-10-29,Autumn
7541,TXN_4224401,Salad,3.0,5.0,15.0,Digital Wallet,In-store,2023-12-18,Winter
7542,TXN_9298882,Smoothie,3.0,4.0,12.0,Digital Wallet,Takeaway,2023-01-13,Winter
7543,TXN_1048616,Tea,1.0,1.5,1.5,Cash,Takeaway,2023-10-10,Autumn
7544,TXN_5896141,Smoothie,5.0,4.0,20.0,Digital Wallet,In-store,2023-03-08,Spring
7546,TXN_6929664,Coffee,1.0,2.0,2.0,Digital Wallet,Takeaway,2023-03-05,Spring
7547,TXN_1570632,Smoothie,5.0,4.0,20.0,Digital Wallet,Takeaway,2023-02-28,Winter
7548,TXN_4650811,Tea,5.0,1.5,7.5,Cash,Takeaway,2023-09-26,Autumn
7549,TXN_9858152,Smoothie,2.0,4.0,8.0,Digital Wallet,In-store,2023-01-28,Winter
7550,TXN_2666773,Coffee,3.0,3.0,9.0,Credit Card,Takeaway,2023-06-29,Summer
7551,TXN_1387062,Smoothie,5.0,4.0,20.0,Credit Card,Takeaway,2023-08-22,Summer
7552,TXN_4060332,Smoothie,3.0,4.0,12.0,Credit Card,Takeaway,2023-07-10,Summer
7553,TXN_2780349,Coffee,5.0,2.0,10.0,Cash,Takeaway,2023-11-12,Autumn
7555,TXN_2905218,Smoothie,5.0,4.0,20.0,Cash,In-store,2023-09-03,Autumn
7556,TXN_2041190,Coffee,1.0,3.0,3.0,Digital Wallet,Takeaway,2023-11-04,Autumn
7557,TXN_8269366,Smoothie,1.0,4.0,4.0,Digital Wallet,Takeaway,2023-10-31,Autumn
7558,TXN_8277583,Cookie,5.0,1.0,5.0,Digital Wallet,Takeaway,2023-08-15,Summer
7559,TXN_3785049,Smoothie,4.0,4.0,16.0,Digital Wallet,Takeaway,2023-11-26,Autumn
7560,TXN_8819928,Coffee,5.0,2.0,10.0,Digital Wallet,Takeaway,2023-06-03,Summer
7561,TXN_2078317,Tea,1.0,1.5,1.5,Cash,In-store,2023-09-21,Autumn
7562,TXN_8657361,Coffee,4.0,2.0,8.0,Digital Wallet,Takeaway,2023-01-24,Winter
7563,TXN_4442954,Coffee,2.0,2.0,4.0,Cash,Takeaway,2023-12-15,Winter
7565,TXN_1560873,Cookie,2.0,1.0,2.0,Digital Wallet,Takeaway,2023-07-19,Summer
7566,TXN_7057481,Smoothie,3.0,4.0,12.0,Cash,In-store,2023-07-11,Summer
7567,TXN_6869767,Smoothie,2.0,4.0,8.0,Digital Wallet,Takeaway,2023-06-06,Summer
7569,TXN_9714665,Salad,1.0,5.0,5.0,Digital Wallet,Takeaway,2023-11-11,Autumn
7570,TXN_4155770,Salad,5.0,5.0,25.0,Digital Wallet,In-store,2023-09-20,Autumn
7571,TXN_1828494,Coffee,2.0,3.0,6.0,Digital Wallet,Takeaway,2023-07-21,Summer
7573,TXN_6011304,Coffee,4.0,3.0,12.0,Cash,Takeaway,2023-11-20,Autumn
7574,TXN_6223157,Salad,1.0,5.0,5.0,Digital Wallet,Takeaway,2023-09-13,Autumn
7575,TXN_8526084,Coffee,5.0,3.0,15.0,Digital Wallet,Takeaway,2023-03-05,Spring
7576,TXN_3509609,Smoothie,3.0,4.0,12.0,Digital Wallet,Takeaway,2023-12-25,Winter
7577,TXN_4276442,Coffee,4.0,3.0,12.0,Credit Card,In-store,2023-01-25,Winter
7578,TXN_4532475,Coffee,1.0,2.0,2.0,Digital Wallet,Takeaway,2023-04-23,Spring
7579,TXN_7956243,Coffee,4.0,3.0,12.0,Cash,Takeaway,2023-05-23,Spring
7580,TXN_4798335,Smoothie,5.0,4.0,20.0,Digital Wallet,Takeaway,2023-02-16,Winter
7581,TXN_9336674,Salad,4.0,5.0,20.0,Digital Wallet,Takeaway,2023-01-18,Winter
7582,TXN_5257169,Coffee,4.0,3.0,12.0,Credit Card,Takeaway,2023-01-12,Winter
7583,TXN_5929633,Coffee,3.0,3.0,9.0,Digital Wallet,In-store,2023-02-27,Winter
7584,TXN_9323014,Cookie,3.0,1.0,3.0,Digital Wallet,In-store,2023-08-15,Summer
7585,TXN_5764902,Tea,5.0,1.5,7.5,Digital Wallet,Takeaway,2023-03-22,Spring
7586,TXN_1473693,Smoothie,4.0,4.0,16.0,Digital Wallet,Takeaway,2023-05-14,Spring
7587,TXN_3827851,Coffee,1.0,2.0,2.0,Digital Wallet,Takeaway,2023-01-09,Winter
7588,TXN_9087746,Coffee,4.0,2.0,8.0,Digital Wallet,Takeaway,2023-04-03,Spring
7589,TXN_3709853,Smoothie,2.0,4.0,8.0,Credit Card,Takeaway,2023-08-21,Summer
7590,TXN_9665245,Cookie,1.0,1.0,1.0,Digital Wallet,Takeaway,2023-10-17,Autumn
7591,TXN_9486849,Coffee,1.0,3.0,3.0,Cash,Takeaway,2023-03-17,Spring
7592,TXN_7581536,Smoothie,2.0,4.0,8.0,Cash,Takeaway,2023-12-29,Winter
7593,TXN_1408709,Smoothie,5.0,4.0,20.0,Cash,Takeaway,2023-04-14,Spring
7594,TXN_6494850,Coffee,2.0,2.0,4.0,Cash,Takeaway,2023-07-08,Summer
7595,TXN_4003040,Cookie,4.0,1.0,4.0,Credit Card,In-store,2023-09-12,Autumn
7596,TXN_1021087,Smoothie,1.0,4.0,4.0,Digital Wallet,Takeaway,2023-11-01,Autumn
7598,TXN_2530326,Smoothie,5.0,4.0,20.0,Digital Wallet,In-store,2023-05-06,Spring
7600,TXN_9781679,Smoothie,2.0,4.0,8.0,Credit Card,Takeaway,2023-09-08,Autumn
7601,TXN_8208915,Coffee,2.0,3.0,6.0,Cash,Takeaway,2023-05-09,Spring
7602,TXN_5499117,Salad,4.0,5.0,20.0,Digital Wallet,Takeaway,2023-07-16,Summer
7603,TXN_8566499,Salad,5.0,5.0,25.0,Digital Wallet,In-store,2023-12-27,Winter
7604,TXN_8510450,Coffee,4.0,3.0,12.0,Digital Wallet,Takeaway,2023-01-04,Winter
7605,TXN_9370771,Coffee,5.0,3.0,15.0,Cash,In-store,2023-08-21,Summer
7606,TXN_5914284,Coffee,2.0,2.0,4.0,Credit Card,Takeaway,2023-06-25,Summer
7607,TXN_9590819,Coffee,3.0,2.0,6.0,Digital Wallet,In-store,2023-11-21,Autumn
7608,TXN_9878649,Smoothie,5.0,4.0,20.0,Cash,Takeaway,2023-09-18,Autumn
7609,TXN_5909816,Coffee,5.0,3.0,15.0,Cash,Takeaway,2023-09-19,Autumn
7610,TXN_9461980,Salad,1.0,5.0,5.0,Credit Card,In-store,2023-04-14,Spring
7611,TXN_8090470,Smoothie,4.0,4.0,16.0,Digital Wallet,Takeaway,2023-11-18,Autumn
7613,TXN_6052534,Salad,4.0,5.0,20.0,Cash,Takeaway,2023-02-19,Winter
7614,TXN_1392546,Coffee,2.0,3.0,6.0,Digital Wallet,In-store,2023-12-06,Winter
7615,TXN_8128146,Coffee,2.0,3.0,6.0,Cash,In-store,2023-05-16,Spring
7616,TXN_2119325,Coffee,5.0,3.0,15.0,Digital Wallet,In-store,2023-11-13,Autumn
7617,TXN_9067752,Smoothie,2.0,4.0,8.0,Digital Wallet,Takeaway,2023-04-24,Spring
7618,TXN_8211133,Tea,2.0,1.5,3.0,Digital Wallet,Takeaway,2023-08-31,Summer
7619,TXN_2331025,Cookie,2.0,1.0,2.0,Cash,Takeaway,2023-04-28,Spring
7620,TXN_3543133,Tea,2.0,1.5,3.0,Digital Wallet,Takeaway,2023-04-08,Spring
7621,TXN_2640771,Cookie,2.0,1.0,2.0,Digital Wallet,Takeaway,2023-01-27,Winter
7622,TXN_1103883,Cookie,5.0,1.0,5.0,Credit Card,Takeaway,2023-08-09,Summer
7623,TXN_8593064,Smoothie,4.0,4.0,16.0,Cash,Takeaway,2023-03-12,Spring
7624,TXN_1803599,Smoothie,1.0,4.0,4.0,Digital Wallet,Takeaway,2023-08-30,Summer
7625,TXN_2873573,Coffee,3.0,2.0,6.0,Digital Wallet,In-store,2023-01-11,Winter
7626,TXN_9223045,Tea,5.0,1.5,7.5,Credit Card,In-store,2023-10-29,Autumn
7627,TXN_9502424,Coffee,4.0,3.0,12.0,Cash,Takeaway,2023-09-06,Autumn
7628,TXN_8659330,Tea,4.0,1.5,6.0,Credit Card,Takeaway,2023-08-20,Summer
7629,TXN_5615754,Smoothie,5.0,4.0,20.0,Digital Wallet,Takeaway,2023-04-16,Spring
7630,TXN_2898571,Smoothie,3.0,4.0,12.0,Digital Wallet,Takeaway,2023-05-10,Spring
7631,TXN_1584851,Smoothie,1.0,4.0,4.0,Credit Card,Takeaway,2023-04-10,Spring
7632,TXN_9430262,Coffee,5.0,2.0,10.0,Digital Wallet,Takeaway,2023-03-16,Spring
7633,TXN_9042309,Coffee,2.0,2.0,4.0,Cash,Takeaway,2023-12-03,Winter
7634,TXN_4816652,Smoothie,1.0,4.0,4.0,Digital Wallet,Takeaway,2023-07-17,Summer
7635,TXN_8127929,Cookie,5.0,1.0,5.0,Credit Card,Takeaway,2023-10-08,Autumn
7636,TXN_8567172,Coffee,3.0,2.0,6.0,Digital Wallet,In-store,2023-02-05,Winter
7637,TXN_2317867,Tea,5.0,1.5,7.5,Cash,In-store,2023-01-23,Winter
7638,TXN_4416436,Coffee,3.0,2.0,6.0,Digital Wallet,Takeaway,2023-05-17,Spring
7639,TXN_7467621,Salad,4.0,5.0,20.0,Credit Card,Takeaway,2023-01-28,Winter
7640,TXN_5005999,Salad,4.0,5.0,20.0,Cash,Takeaway,2023-01-09,Winter
7641,TXN_8664295,Smoothie,2.0,4.0,8.0,Credit Card,Takeaway,2023-02-23,Winter
7642,TXN_4831311,Coffee,2.0,2.0,4.0,Cash,Takeaway,2023-07-15,Summer
7643,TXN_2528186,Coffee,2.0,2.0,4.0,Cash,Takeaway,2023-06-17,Summer
7644,TXN_4971093,Smoothie,4.0,4.0,16.0,Digital Wallet,Takeaway,2023-03-27,Spring
7645,TXN_3602272,Smoothie,3.0,4.0,12.0,Digital Wallet,Takeaway,2023-02-15,Winter
7646,TXN_4913329,Coffee,5.0,2.0,10.0,Credit Card,Takeaway,2023-10-30,Autumn
7647,TXN_8830809,Smoothie,5.0,4.0,20.0,Digital Wallet,In-store,2023-07-31,Summer
7648,TXN_7223387,Coffee,3.0,3.0,9.0,Cash,Takeaway,2023-12-17,Winter
7649,TXN_1629092,Cookie,3.0,1.0,3.0,Credit Card,Takeaway,2023-02-13,Winter
7650,TXN_4363360,Smoothie,1.0,4.0,4.0,Credit Card,Takeaway,2023-12-22,Winter
7651,TXN_9689507,Salad,3.0,5.0,15.0,Cash,In-store,2023-06-10,Summer
7652,TXN_3317406,Smoothie,3.0,4.0,12.0,Digital Wallet,Takeaway,2023-01-04,Winter
7653,TXN_9662632,Salad,4.0,5.0,20.0,Digital Wallet,In-store,2023-08-10,Summer
7654,TXN_1364211,Salad,2.0,5.0,10.0,Digital Wallet,In-store,2023-03-08,Spring
7656,TXN_2673294,Coffee,3.0,2.0,6.0,Cash,Takeaway,2023-11-11,Autumn
7657,TXN_2112848,Cookie,4.0,1.0,4.0,Credit Card,In-store,2023-10-16,Autumn
7658,TXN_1801691,Salad,1.0,5.0,5.0,Digital Wallet,Takeaway,2023-05-18,Spring
7659,TXN_6424195,Coffee,3.0,2.0,6.0,Digital Wallet,Takeaway,2023-09-14,Autumn
7661,TXN_6923480,Coffee,3.0,2.0,6.0,Cash,Takeaway,2023-10-27,Autumn
7662,TXN_7416669,Tea,3.0,1.5,4.5,Digital Wallet,Takeaway,2023-09-28,Autumn
7663,TXN_3693990,Cookie,2.0,1.0,2.0,Digital Wallet,In-store,2023-07-19,Summer
7664,TXN_8652632,Tea,1.0,1.5,1.5,Digital Wallet,Takeaway,2023-01-12,Winter
7665,TXN_4141765,Coffee,5.0,3.0,15.0,Digital Wallet,Takeaway,2023-12-17,Winter
7666,TXN_8180793,Cookie,4.0,1.0,4.0,Digital Wallet,Takeaway,2023-11-17,Autumn
7667,TXN_8875195,Smoothie,5.0,4.0,20.0,Credit Card,In-store,2023-08-21,Summer
7668,TXN_9928552,Smoothie,5.0,4.0,20.0,Credit Card,Takeaway,2023-06-13,Summer
7669,TXN_3456748,Coffee,2.0,3.0,6.0,Cash,In-store,2023-01-30,Winter
7670,TXN_5680687,Salad,4.0,5.0,20.0,Credit Card,Takeaway,2023-11-22,Autumn
7671,TXN_9349736,Smoothie,5.0,4.0,20.0,Cash,Takeaway,2023-03-18,Spring
7672,TXN_7558010,Coffee,4.0,3.0,12.0,Digital Wallet,Takeaway,2023-03-27,Spring
7673,TXN_8172897,Cookie,3.0,1.0,3.0,Digital Wallet,Takeaway,2023-03-14,Spring
7674,TXN_8540794,Coffee,4.0,3.0,12.0,Cash,Takeaway,2023-04-06,Spring
7675,TXN_5966744,Tea,3.0,1.5,4.5,Digital Wallet,In-store,2023-12-13,Winter
7676,TXN_3132921,Tea,5.0,1.5,7.5,Credit Card,In-store,2023-01-10,Winter
7677,TXN_7029719,Salad,2.0,5.0,10.0,Digital Wallet,Takeaway,2023-06-18,Summer
7678,TXN_3912440,Tea,2.0,1.5,3.0,Digital Wallet,In-store,2023-05-21,Spring
7679,TXN_4276702,Cookie,1.0,1.0,1.0,Credit Card,In-store,2023-11-17,Autumn
7680,TXN_7657615,Coffee,3.0,3.0,9.0,Credit Card,Takeaway,2023-07-17,Summer
7681,TXN_4020074,Cookie,3.0,1.0,3.0,Digital Wallet,Takeaway,2023-03-01,Spring
7682,TXN_8942747,Cookie,5.0,1.0,5.0,Digital Wallet,Takeaway,2023-12-14,Winter
7683,TXN_3902815,Coffee,5.0,3.0,15.0,Digital Wallet,Takeaway,2023-06-28,Summer
7685,TXN_6218380,Cookie,4.0,1.0,4.0,Cash,In-store,2023-02-07,Winter
7687,TXN_3839691,Coffee,4.0,2.0,8.0,Credit Card,In-store,2023-02-13,Winter
7688,TXN_4866254,Salad,4.0,5.0,20.0,Cash,Takeaway,2023-03-18,Spring
7689,TXN_8935781,Coffee,2.0,2.0,4.0,Digital Wallet,Takeaway,2023-09-10,Autumn
7690,TXN_2559020,Coffee,1.0,3.0,3.0,Digital Wallet,Takeaway,2023-07-20,Summer
7691,TXN_8607376,Coffee,5.0,2.0,10.0,Cash,In-store,2023-06-13,Summer
7692,TXN_5858713,Cookie,2.0,1.0,2.0,Credit Card,In-store,2023-03-05,Spring
7693,TXN_7064604,Coffee,3.0,2.0,6.0,Digital Wallet,Takeaway,2023-03-26,Spring
7694,TXN_3312690,Cookie,3.0,1.0,3.0,Credit Card,In-store,2023-03-01,Spring
7696,TXN_8687088,Cookie,2.0,1.0,2.0,Credit Card,In-store,2023-05-11,Spring
7697,TXN_3440487,Coffee,5.0,2.0,10.0,Cash,Takeaway,2023-10-22,Autumn
7698,TXN_9618881,Coffee,5.0,2.0,10.0,Digital Wallet,Takeaway,2023-02-15,Winter
7699,TXN_5139074,Coffee,1.0,3.0,3.0,Digital Wallet,Takeaway,2023-11-16,Autumn
7700,TXN_2799785,Coffee,1.0,3.0,3.0,Cash,Takeaway,2023-01-25,Winter
7701,TXN_4466681,Coffee,2.0,2.0,4.0,Cash,Takeaway,2023-01-12,Winter
7702,TXN_9292025,Salad,2.0,5.0,10.0,Digital Wallet,In-store,2023-03-25,Spring
7703,TXN_8155535,Coffee,1.0,3.0,3.0,Digital Wallet,Takeaway,2023-03-13,Spring
7704,TXN_5301926,Coffee,1.0,3.0,3.0,Digital Wallet,Takeaway,2023-11-13,Autumn
7706,TXN_2379467,Coffee,5.0,2.0,10.0,Digital Wallet,Takeaway,2023-04-01,Spring
7707,TXN_1837617,Coffee,3.0,3.0,9.0,Digital Wallet,Takeaway,2023-01-16,Winter
7708,TXN_3454881,Salad,1.0,5.0,5.0,Cash,In-store,2023-11-29,Autumn
7709,TXN_4472969,Coffee,1.0,3.0,3.0,Credit Card,Takeaway,2023-09-15,Autumn
7710,TXN_1905459,Smoothie,3.0,4.0,12.0,Digital Wallet,Takeaway,2023-08-18,Summer
7711,TXN_8799945,Coffee,2.0,2.0,4.0,Cash,Takeaway,2023-11-24,Autumn
7712,TXN_4361614,Smoothie,2.0,4.0,8.0,Digital Wallet,Takeaway,2023-04-28,Spring
7713,TXN_1665056,Salad,5.0,5.0,25.0,Cash,Takeaway,2023-01-05,Winter
7714,TXN_2904046,Smoothie,1.0,4.0,4.0,Credit Card,In-store,2023-12-11,Winter
7715,TXN_9743274,Tea,5.0,1.5,7.5,Digital Wallet,Takeaway,2023-01-25,Winter
7716,TXN_5518232,Salad,3.0,5.0,15.0,Digital Wallet,Takeaway,2023-05-01,Spring
7717,TXN_3770267,Coffee,2.0,3.0,6.0,Digital Wallet,Takeaway,2023-10-21,Autumn
7718,TXN_7177709,Coffee,5.0,3.0,15.0,Digital Wallet,Takeaway,2023-03-08,Spring
7719,TXN_6246494,Coffee,3.0,2.0,6.0,Digital Wallet,In-store,2023-03-31,Spring
7720,TXN_6540200,Tea,2.0,1.5,3.0,Digital Wallet,In-store,2023-10-23,Autumn
7721,TXN_7486118,Smoothie,4.0,4.0,16.0,Digital Wallet,Takeaway,2023-05-22,Spring
7722,TXN_5424614,Coffee,1.0,3.0,3.0,Digital Wallet,In-store,2023-11-12,Autumn
7723,TXN_6271598,Coffee,5.0,3.0,15.0,Cash,Takeaway,2023-08-18,Summer
7724,TXN_7562313,Coffee,2.0,3.0,6.0,Digital Wallet,Takeaway,2023-12-15,Winter
7725,TXN_9188774,Tea,1.0,1.5,1.5,Digital Wallet,Takeaway,2023-04-14,Spring
7726,TXN_9685716,Cookie,2.0,1.0,2.0,Digital Wallet,Takeaway,2023-02-26,Winter
7727,TXN_7493800,Coffee,5.0,3.0,15.0,Credit Card,Takeaway,2023-08-16,Summer
7728,TXN_6833564,Smoothie,5.0,4.0,20.0,Digital Wallet,Takeaway,2023-04-21,Spring
7729,TXN_9411395,Coffee,5.0,2.0,10.0,Digital Wallet,Takeaway,2023-05-12,Spring
7730,TXN_8413251,Smoothie,3.0,4.0,12.0,Cash,Takeaway,2023-08-18,Summer
7731,TXN_6990331,Coffee,1.0,3.0,3.0,Digital Wallet,Takeaway,2023-07-30,Summer
7732,TXN_6007721,Smoothie,4.0,4.0,16.0,Cash,In-store,2023-08-21,Summer
7734,TXN_2715086,Coffee,2.0,3.0,6.0,Cash,Takeaway,2023-11-03,Autumn
7735,TXN_1444932,Smoothie,1.0,4.0,4.0,Cash,In-store,2023-05-24,Spring
7736,TXN_2747156,Cookie,1.0,1.0,1.0,Digital Wallet,In-store,2023-01-29,Winter
7738,TXN_5065748,Coffee,5.0,3.0,15.0,Credit Card,In-store,2023-07-19,Summer
7739,TXN_8014645,Coffee,2.0,3.0,6.0,Cash,Takeaway,2023-07-06,Summer
7740,TXN_2910247,Smoothie,4.0,4.0,16.0,Digital Wallet,Takeaway,2023-12-02,Winter
7742,TXN_3251591,Smoothie,3.0,4.0,12.0,Digital Wallet,Takeaway,2023-01-26,Winter
7743,TXN_4549977,Cookie,1.0,1.0,1.0,Cash,Takeaway,2023-08-21,Summer
7744,TXN_1736294,Coffee,3.0,2.0,6.0,Digital Wallet,Takeaway,2023-09-06,Autumn
7745,TXN_1698600,Salad,4.0,5.0,20.0,Cash,Takeaway,2023-07-31,Summer
7746,TXN_3463568,Salad,2.0,5.0,10.0,Digital Wallet,In-store,2023-04-12,Spring
7747,TXN_6773319,Tea,4.0,1.5,6.0,Digital Wallet,Takeaway,2023-05-03,Spring
7748,TXN_5504920,Coffee,5.0,3.0,15.0,Cash,Takeaway,2023-09-30,Autumn
7749,TXN_8392086,Smoothie,4.0,4.0,16.0,Digital Wallet,Takeaway,2023-07-12,Summer
7750,TXN_9968926,Coffee,2.0,3.0,6.0,Digital Wallet,Takeaway,2023-03-15,Spring
7751,TXN_4719069,Coffee,2.0,3.0,6.0,Digital Wallet,Takeaway,2023-01-04,Winter
7752,TXN_3809941,Cookie,4.0,1.0,4.0,Credit Card,Takeaway,2023-11-01,Autumn
7753,TXN_1935119,Coffee,4.0,2.0,8.0,Credit Card,Takeaway,2023-07-15,Summer
7754,TXN_8246369,Coffee,1.0,3.0,3.0,Credit Card,Takeaway,2023-10-16,Autumn
7755,TXN_2009782,Salad,5.0,5.0,25.0,Credit Card,Takeaway,2023-05-11,Spring
7756,TXN_4635230,Smoothie,3.0,4.0,12.0,Digital Wallet,In-store,2023-06-10,Summer
7757,TXN_9583176,Cookie,5.0,1.0,5.0,Digital Wallet,In-store,2023-05-03,Spring
7758,TXN_6784478,Cookie,2.0,1.0,2.0,Credit Card,Takeaway,2023-12-21,Winter
7760,TXN_3866162,Coffee,5.0,3.0,15.0,Cash,Takeaway,2023-06-08,Summer
7761,TXN_7612056,Cookie,5.0,1.0,5.0,Credit Card,Takeaway,2023-03-08,Spring
7762,TXN_5349355,Salad,2.0,5.0,10.0,Digital Wallet,In-store,2023-05-10,Spring
7763,TXN_9259900,Salad,4.0,5.0,20.0,Digital Wallet,Takeaway,2023-08-07,Summer
7764,TXN_4650834,Salad,3.0,5.0,15.0,Digital Wallet,Takeaway,2023-07-14,Summer
7765,TXN_6576987,Salad,3.0,5.0,15.0,Credit Card,Takeaway,2023-03-12,Spring
7766,TXN_1192970,Coffee,2.0,2.0,4.0,Digital Wallet,Takeaway,2023-06-17,Summer
7767,TXN_7645464,Tea,5.0,1.5,7.5,Cash,Takeaway,2023-08-17,Summer
7768,TXN_4205860,Salad,5.0,5.0,25.0,Digital Wallet,Takeaway,2023-09-10,Autumn
7769,TXN_9495855,Coffee,2.0,3.0,6.0,Cash,In-store,2023-04-18,Spring
7770,TXN_5712248,Smoothie,5.0,4.0,20.0,Digital Wallet,Takeaway,2023-03-02,Spring
7771,TXN_4582966,Coffee,2.0,3.0,6.0,Digital Wallet,Takeaway,2023-10-28,Autumn
7772,TXN_4203885,Tea,3.0,1.5,4.5,Cash,Takeaway,2023-05-11,Spring
7773,TXN_1887083,Coffee,1.0,3.0,3.0,Digital Wallet,Takeaway,2023-05-05,Spring
7774,TXN_5602640,Smoothie,5.0,4.0,20.0,Digital Wallet,Takeaway,2023-04-01,Spring
7775,TXN_8285410,Coffee,4.0,2.0,8.0,Credit Card,Takeaway,2023-09-10,Autumn
7776,TXN_5654663,Coffee,1.0,3.0,3.0,Digital Wallet,Takeaway,2023-07-31,Summer
7777,TXN_6687699,Salad,4.0,5.0,20.0,Cash,In-store,2023-09-11,Autumn
7778,TXN_4331281,Coffee,3.0,3.0,9.0,Digital Wallet,Takeaway,2023-02-03,Winter
7779,TXN_2390146,Coffee,3.0,2.0,6.0,Digital Wallet,Takeaway,2023-06-24,Summer
7780,TXN_9478033,Coffee,2.0,3.0,6.0,Digital Wallet,In-store,2023-04-08,Spring
7781,TXN_8546777,Coffee,4.0,3.0,12.0,Digital Wallet,In-store,2023-03-16,Spring
7782,TXN_6433362,Cookie,2.0,1.0,2.0,Cash,In-store,2023-12-07,Winter
7783,TXN_4991594,Smoothie,2.0,4.0,8.0,Credit Card,In-store,2023-12-08,Winter
7784,TXN_9016451,Cookie,3.0,1.0,3.0,Digital Wallet,Takeaway,2023-10-16,Autumn
7785,TXN_3516296,Smoothie,3.0,4.0,12.0,Digital Wallet,In-store,2023-05-29,Spring
7786,TXN_9464961,Smoothie,4.0,4.0,16.0,Cash,In-store,2023-11-23,Autumn
7787,TXN_7445257,Coffee,1.0,2.0,2.0,Digital Wallet,Takeaway,2023-04-02,Spring
7788,TXN_4463677,Salad,5.0,5.0,25.0,Digital Wallet,In-store,2023-02-27,Winter
7789,TXN_4886990,Salad,3.0,5.0,15.0,Digital Wallet,Takeaway,2023-12-17,Winter
7790,TXN_4962147,Coffee,2.0,3.0,6.0,Digital Wallet,Takeaway,2023-02-07,Winter
7791,TXN_5575420,Smoothie,3.0,4.0,12.0,Digital Wallet,In-store,2023-06-26,Summer
7793,TXN_3628566,Coffee,5.0,2.0,10.0,Digital Wallet,Takeaway,2023-08-17,Summer
7794,TXN_5297746,Coffee,3.0,2.0,6.0,Credit Card,In-store,2023-07-11,Summer
7795,TXN_5230719,Coffee,5.0,3.0,15.0,Credit Card,Takeaway,2023-03-23,Spring
7796,TXN_9244886,Coffee,1.0,2.0,2.0,Digital Wallet,Takeaway,2023-02-09,Winter
7797,TXN_8145813,Coffee,4.0,3.0,12.0,Digital Wallet,In-store,2023-02-10,Winter
7798,TXN_4179797,Tea,2.0,1.5,3.0,Digital Wallet,Takeaway,2023-11-06,Autumn
7799,TXN_7485379,Coffee,1.0,3.0,3.0,Credit Card,Takeaway,2023-03-27,Spring
7800,TXN_3171150,Coffee,1.0,3.0,3.0,Digital Wallet,Takeaway,2023-02-06,Winter
7802,TXN_3801485,Coffee,5.0,2.0,10.0,Credit Card,In-store,2023-11-10,Autumn
7803,TXN_2312908,Coffee,3.0,2.0,6.0,Cash,In-store,2023-02-07,Winter
7804,TXN_6826342,Coffee,2.0,3.0,6.0,Credit Card,Takeaway,2023-03-30,Spring
7805,TXN_3620213,Coffee,2.0,2.0,4.0,Credit Card,In-store,2023-09-09,Autumn
7806,TXN_4030181,Smoothie,5.0,4.0,20.0,Credit Card,Takeaway,2023-09-20,Autumn
7807,TXN_1664563,Smoothie,3.0,4.0,12.0,Cash,Takeaway,2023-04-28,Spring
7808,TXN_2002730,Smoothie,2.0,4.0,8.0,Digital Wallet,Takeaway,2023-09-27,Autumn
7809,TXN_9662827,Tea,1.0,1.5,1.5,Digital Wallet,Takeaway,2023-09-30,Autumn
7810,TXN_9579691,Cookie,5.0,1.0,5.0,Credit Card,In-store,2023-01-16,Winter
7811,TXN_4131020,Smoothie,2.0,4.0,8.0,Credit Card,Takeaway,2023-06-15,Summer
7812,TXN_3462602,Coffee,3.0,3.0,9.0,Credit Card,In-store,2023-08-27,Summer
7813,TXN_1149624,Coffee,3.0,3.0,9.0,Digital Wallet,Takeaway,2023-09-14,Autumn
7814,TXN_2628157,Coffee,4.0,2.0,8.0,Digital Wallet,Takeaway,2023-10-26,Autumn
7815,TXN_9152120,Smoothie,4.0,4.0,16.0,Cash,Takeaway,2023-03-28,Spring
7816,TXN_9018195,Coffee,5.0,3.0,15.0,Cash,Takeaway,2023-10-07,Autumn
7817,TXN_7799711,Smoothie,5.0,4.0,20.0,Digital Wallet,Takeaway,2023-12-03,Winter
7818,TXN_6697374,Smoothie,2.0,4.0,8.0,Digital Wallet,Takeaway,2023-07-31,Summer
7819,TXN_9014681,Smoothie,3.0,4.0,12.0,Digital Wallet,In-store,2023-01-03,Winter
7820,TXN_4366417,Smoothie,3.0,4.0,12.0,Digital Wallet,Takeaway,2023-10-10,Autumn
7822,TXN_7511351,Tea,4.0,1.5,6.0,Cash,Takeaway,2023-10-07,Autumn
7823,TXN_5205595,Coffee,1.0,3.0,3.0,Digital Wallet,In-store,2023-03-01,Spring
7824,TXN_8276063,Coffee,1.0,2.0,2.0,Credit Card,Takeaway,2023-01-06,Winter
7825,TXN_1020478,Coffee,1.0,2.0,2.0,Digital Wallet,Takeaway,2023-03-09,Spring
7826,TXN_5176767,Smoothie,4.0,4.0,16.0,Digital Wallet,Takeaway,2023-05-03,Spring
7827,TXN_6043396,Smoothie,3.0,4.0,12.0,Digital Wallet,In-store,2023-10-07,Autumn
7828,TXN_4975029,Smoothie,4.0,4.0,16.0,Cash,In-store,2023-04-23,Spring
7829,TXN_9493077,Coffee,4.0,3.0,12.0,Credit Card,Takeaway,2023-01-10,Winter
7830,TXN_3493771,Coffee,2.0,3.0,6.0,Digital Wallet,Takeaway,2023-02-13,Winter
7831,TXN_8640673,Coffee,2.0,3.0,6.0,Cash,In-store,2023-09-11,Autumn
7832,TXN_4793771,Coffee,4.0,3.0,12.0,Cash,Takeaway,2023-12-26,Winter
7833,TXN_8107005,Coffee,3.0,3.0,9.0,Digital Wallet,Takeaway,2023-09-15,Autumn
7834,TXN_7857126,Cookie,4.0,1.0,4.0,Cash,Takeaway,2023-08-21,Summer
7835,TXN_2940613,Coffee,4.0,3.0,12.0,Cash,Takeaway,2023-06-28,Summer
7836,TXN_2407379,Smoothie,4.0,4.0,16.0,Digital Wallet,Takeaway,2023-03-13,Spring
7837,TXN_3376952,Tea,2.0,1.5,3.0,Digital Wallet,Takeaway,2023-10-23,Autumn
7838,TXN_4083004,Smoothie,5.0,4.0,20.0,Digital Wallet,Takeaway,2023-03-06,Spring
7839,TXN_3635628,Smoothie,3.0,4.0,12.0,Digital Wallet,In-store,2023-10-28,Autumn
7840,TXN_3554772,Tea,3.0,1.5,4.5,Credit Card,Takeaway,2023-10-06,Autumn
7841,TXN_9454387,Salad,2.0,5.0,10.0,Cash,Takeaway,2023-01-02,Winter
7842,TXN_9660362,Coffee,2.0,3.0,6.0,Credit Card,Takeaway,2023-08-16,Summer
7843,TXN_9281939,Tea,3.0,1.5,4.5,Cash,In-store,2023-05-22,Spring
7844,TXN_2347248,Salad,1.0,5.0,5.0,Credit Card,Takeaway,2023-11-11,Autumn
7845,TXN_3732426,Smoothie,2.0,4.0,8.0,Digital Wallet,Takeaway,2023-03-07,Spring
7846,TXN_8675558,Tea,5.0,1.5,7.5,Digital Wallet,In-store,2023-05-23,Spring
7847,TXN_1963345,Smoothie,4.0,4.0,16.0,Digital Wallet,In-store,2023-10-12,Autumn
7848,TXN_6332405,Coffee,3.0,3.0,9.0,Digital Wallet,Takeaway,2023-12-03,Winter
7849,TXN_8946323,Tea,2.0,1.5,3.0,Cash,Takeaway,2023-08-23,Summer
7850,TXN_1529961,Smoothie,4.0,4.0,16.0,Credit Card,Takeaway,2023-09-29,Autumn
7851,TXN_8860052,Coffee,5.0,3.0,15.0,Credit Card,Takeaway,2023-07-18,Summer
7852,TXN_6732833,Salad,1.0,5.0,5.0,Digital Wallet,In-store,2023-07-21,Summer
7854,TXN_6232398,Coffee,2.0,3.0,6.0,Cash,In-store,2023-07-05,Summer
7855,TXN_2391245,Coffee,4.0,2.0,8.0,Digital Wallet,In-store,2023-04-13,Spring
7856,TXN_7670296,Coffee,2.0,3.0,6.0,Cash,Takeaway,2023-01-25,Winter
7857,TXN_6128086,Tea,4.0,1.5,6.0,Digital Wallet,Takeaway,2023-12-26,Winter
7859,TXN_4898346,Smoothie,2.0,4.0,8.0,Cash,Takeaway,2023-05-07,Spring
7860,TXN_2807324,Smoothie,2.0,4.0,8.0,Cash,Takeaway,2023-11-13,Autumn
7861,TXN_4428486,Smoothie,1.0,4.0,4.0,Digital Wallet,Takeaway,2023-07-28,Summer
7862,TXN_4430772,Coffee,5.0,2.0,10.0,Credit Card,Takeaway,2023-01-11,Winter
7863,TXN_7251108,Coffee,3.0,3.0,9.0,Credit Card,In-store,2023-10-04,Autumn
7864,TXN_3987718,Tea,4.0,1.5,6.0,Digital Wallet,Takeaway,2023-12-24,Winter
7865,TXN_6658070,Coffee,2.0,3.0,6.0,Cash,Takeaway,2023-11-03,Autumn
7866,TXN_6007437,Coffee,1.0,3.0,3.0,Credit Card,Takeaway,2023-11-22,Autumn
7867,TXN_6030518,Smoothie,3.0,4.0,12.0,Digital Wallet,In-store,2023-12-20,Winter
7868,TXN_4228838,Coffee,5.0,2.0,10.0,Credit Card,Takeaway,2023-09-22,Autumn
7869,TXN_3303518,Coffee,4.0,3.0,12.0,Digital Wallet,In-store,2023-06-30,Summer
7870,TXN_9719921,Salad,5.0,5.0,25.0,Credit Card,Takeaway,2023-07-28,Summer
7871,TXN_1272118,Cookie,4.0,1.0,4.0,Credit Card,Takeaway,2023-04-21,Spring
7872,TXN_4060215,Salad,3.0,5.0,15.0,Credit Card,In-store,2023-01-12,Winter
7873,TXN_2569119,Coffee,1.0,3.0,3.0,Credit Card,Takeaway,2023-08-04,Summer
7874,TXN_2894945,Coffee,2.0,2.0,4.0,Digital Wallet,Takeaway,2023-02-28,Winter
7875,TXN_7992512,Smoothie,5.0,4.0,20.0,Credit Card,In-store,2023-07-17,Summer
7876,TXN_2771512,Coffee,4.0,3.0,12.0,Digital Wallet,Takeaway,2023-12-23,Winter
7877,TXN_6109953,Coffee,3.0,3.0,9.0,Digital Wallet,Takeaway,2023-04-22,Spring
7879,TXN_2417271,Tea,4.0,1.5,6.0,Credit Card,Takeaway,2023-02-01,Winter
7880,TXN_8156455,Coffee,2.0,3.0,6.0,Cash,Takeaway,2023-02-12,Winter
7881,TXN_7063005,Coffee,1.0,3.0,3.0,Digital Wallet,Takeaway,2023-01-18,Winter
7882,TXN_9425096,Smoothie,5.0,4.0,20.0,Credit Card,In-store,2023-06-12,Summer
7883,TXN_6236737,Coffee,5.0,3.0,15.0,Cash,In-store,2023-03-19,Spring
7884,TXN_9691364,Cookie,3.0,1.0,3.0,Credit Card,In-store,2023-03-02,Spring
7885,TXN_4688280,Tea,1.0,1.5,1.5,Digital Wallet,Takeaway,2023-02-16,Winter
7886,TXN_1770648,Smoothie,4.0,4.0,16.0,Credit Card,Takeaway,2023-09-30,Autumn
7887,TXN_1524602,Coffee,3.0,2.0,6.0,Cash,Takeaway,2023-05-11,Spring
7889,TXN_2602732,Salad,4.0,5.0,20.0,Digital Wallet,Takeaway,2023-06-09,Summer
7890,TXN_5132482,Coffee,2.0,3.0,6.0,Digital Wallet,In-store,2023-12-21,Winter
7891,TXN_3281605,Tea,1.0,1.5,1.5,Digital Wallet,Takeaway,2023-07-27,Summer
7892,TXN_9969836,Cookie,5.0,1.0,5.0,Digital Wallet,Takeaway,2023-04-06,Spring
7893,TXN_7938279,Tea,3.0,1.5,4.5,Cash,Takeaway,2023-03-17,Spring
7894,TXN_8712307,Coffee,5.0,3.0,15.0,Cash,In-store,2023-04-10,Spring
7895,TXN_8595386,Cookie,4.0,1.0,4.0,Credit Card,Takeaway,2023-08-04,Summer
7896,TXN_6398450,Tea,2.0,1.5,3.0,Digital Wallet,In-store,2023-11-19,Autumn
7897,TXN_3042552,Coffee,1.0,3.0,3.0,Cash,Takeaway,2023-09-08,Autumn
7898,TXN_7084298,Coffee,3.0,3.0,9.0,Digital Wallet,Takeaway,2023-02-18,Winter
7899,TXN_8384428,Cookie,1.0,1.0,1.0,Digital Wallet,In-store,2023-08-11,Summer
7900,TXN_6541329,Cookie,2.0,1.0,2.0,Cash,Takeaway,2023-09-28,Autumn
7901,TXN_7667139,Smoothie,3.0,4.0,12.0,Credit Card,Takeaway,2023-12-05,Winter
7902,TXN_1268811,Salad,1.0,5.0,5.0,Digital Wallet,Takeaway,2023-01-04,Winter
7904,TXN_5056808,Coffee,1.0,3.0,3.0,Credit Card,Takeaway,2023-02-25,Winter
7905,TXN_9191048,Coffee,5.0,3.0,15.0,Digital Wallet,Takeaway,2023-09-18,Autumn
7906,TXN_5105810,Cookie,5.0,1.0,5.0,Digital Wallet,Takeaway,2023-01-17,Winter
7907,TXN_3272613,Cookie,2.0,1.0,2.0,Cash,Takeaway,2023-03-30,Spring
7908,TXN_3690903,Coffee,3.0,2.0,6.0,Digital Wallet,In-store,2023-10-22,Autumn
7909,TXN_1938413,Smoothie,4.0,4.0,16.0,Digital Wallet,Takeaway,2023-04-01,Spring
7910,TXN_1396019,Coffee,4.0,2.0,8.0,Cash,In-store,2023-12-03,Winter
7911,TXN_6989000,Tea,2.0,1.5,3.0,Digital Wallet,Takeaway,2023-02-24,Winter
7912,TXN_4811225,Tea,5.0,1.5,7.5,Cash,Takeaway,2023-11-01,Autumn
7913,TXN_2193333,Coffee,4.0,2.0,8.0,Digital Wallet,Takeaway,2023-07-21,Summer
7914,TXN_4564220,Tea,1.0,1.5,1.5,Digital Wallet,Takeaway,2023-05-09,Spring
7915,TXN_5414186,Smoothie,1.0,4.0,4.0,Credit Card,Takeaway,2023-04-24,Spring
7916,TXN_1740742,Tea,4.0,1.5,6.0,Digital Wallet,In-store,2023-10-06,Autumn
7917,TXN_2547084,Smoothie,1.0,4.0,4.0,Cash,Takeaway,2023-12-16,Winter
7918,TXN_8879936,Coffee,5.0,3.0,15.0,Digital Wallet,Takeaway,2023-07-25,Summer
7919,TXN_1605677,Tea,5.0,1.5,7.5,Digital Wallet,Takeaway,2023-01-15,Winter
7920,TXN_6070787,Smoothie,3.0,4.0,12.0,Digital Wallet,In-store,2023-02-26,Winter
7921,TXN_3441457,Salad,2.0,5.0,10.0,Digital Wallet,Takeaway,2023-10-20,Autumn
7922,TXN_1236759,Coffee,1.0,2.0,2.0,Credit Card,In-store,2023-01-26,Winter
7924,TXN_7196144,Smoothie,3.0,4.0,12.0,Digital Wallet,Takeaway,2023-03-28,Spring
7925,TXN_3981406,Salad,4.0,5.0,20.0,Digital Wallet,Takeaway,2023-04-17,Spring
7926,TXN_2152054,Coffee,2.0,3.0,6.0,Digital Wallet,Takeaway,2023-05-11,Spring
7927,TXN_9339037,Cookie,2.0,1.0,2.0,Digital Wallet,Takeaway,2023-07-21,Summer
7928,TXN_7308629,Salad,4.0,5.0,20.0,Digital Wallet,Takeaway,2023-11-24,Autumn
7929,TXN_9407636,Smoothie,4.0,4.0,16.0,Cash,Takeaway,2023-10-01,Autumn
7930,TXN_4755860,Coffee,5.0,3.0,15.0,Digital Wallet,In-store,2023-10-28,Autumn
7931,TXN_6118079,Coffee,1.0,2.0,2.0,Digital Wallet,Takeaway,2023-07-01,Summer
7932,TXN_6415784,Salad,3.0,5.0,15.0,Digital Wallet,Takeaway,2023-08-16,Summer
7933,TXN_1755817,Salad,5.0,5.0,25.0,Digital Wallet,Takeaway,2023-07-17,Summer
7935,TXN_2090061,Smoothie,4.0,4.0,16.0,Digital Wallet,Takeaway,2023-06-23,Summer
7936,TXN_8128656,Smoothie,5.0,4.0,20.0,Digital Wallet,In-store,2023-04-24,Spring
7937,TXN_6714749,Smoothie,1.0,4.0,4.0,Credit Card,Takeaway,2023-08-02,Summer
7939,TXN_8099424,Coffee,4.0,3.0,12.0,Digital Wallet,Takeaway,2023-04-02,Spring
7940,TXN_5103036,Coffee,2.0,3.0,6.0,Digital Wallet,Takeaway,2023-12-04,Winter
7941,TXN_6013024,Coffee,3.0,3.0,9.0,Credit Card,Takeaway,2023-09-06,Autumn
7942,TXN_8065852,Smoothie,1.0,4.0,4.0,Credit Card,In-store,2023-07-17,Summer
7943,TXN_2035283,Smoothie,3.0,4.0,12.0,Digital Wallet,Takeaway,2023-01-14,Winter
7944,TXN_3695238,Salad,5.0,5.0,25.0,Cash,Takeaway,2023-04-20,Spring
7945,TXN_1336727,Smoothie,2.0,4.0,8.0,Digital Wallet,In-store,2023-10-18,Autumn
7946,TXN_5724548,Coffee,5.0,3.0,15.0,Digital Wallet,Takeaway,2023-08-12,Summer
7947,TXN_3521791,Coffee,1.0,2.0,2.0,Digital Wallet,Takeaway,2023-06-11,Summer
7948,TXN_2678484,Coffee,1.0,2.0,2.0,Digital Wallet,Takeaway,2023-03-27,Spring
7949,TXN_6696619,Coffee,3.0,3.0,9.0,Digital Wallet,Takeaway,2023-03-19,Spring
7950,TXN_2734718,Tea,2.0,1.5,3.0,Digital Wallet,Takeaway,2023-08-16,Summer
7951,TXN_7465693,Smoothie,3.0,4.0,12.0,Digital Wallet,Takeaway,2023-09-04,Autumn
7952,TXN_8241649,Tea,5.0,1.5,7.5,Digital Wallet,Takeaway,2023-03-15,Spring
7953,TXN_6125646,Cookie,2.0,1.0,2.0,Digital Wallet,Takeaway,2023-06-12,Summer
7954,TXN_8639973,Cookie,5.0,1.0,5.0,Digital Wallet,Takeaway,2023-07-06,Summer
7955,TXN_1349640,Coffee,2.0,3.0,6.0,Credit Card,In-store,2023-06-17,Summer
7956,TXN_3719842,Coffee,3.0,3.0,9.0,Cash,Takeaway,2023-05-05,Spring
7957,TXN_3863940,Salad,2.0,5.0,10.0,Digital Wallet,Takeaway,2023-06-18,Summer
7958,TXN_9660030,Coffee,5.0,3.0,15.0,Credit Card,In-store,2023-11-24,Autumn
7959,TXN_9649503,Coffee,1.0,3.0,3.0,Credit Card,Takeaway,2023-01-02,Winter
7960,TXN_6618160,Tea,5.0,1.5,7.5,Cash,Takeaway,2023-03-13,Spring
7961,TXN_9121241,Smoothie,5.0,4.0,20.0,Digital Wallet,Takeaway,2023-03-18,Spring
7962,TXN_4419474,Coffee,2.0,3.0,6.0,Digital Wallet,In-store,2023-02-04,Winter
7963,TXN_5639485,Cookie,3.0,1.0,3.0,Credit Card,Takeaway,2023-07-02,Summer
7964,TXN_9997263,Cookie,2.0,1.0,2.0,Digital Wallet,Takeaway,2023-03-05,Spring
7965,TXN_4590013,Tea,5.0,1.5,7.5,Cash,Takeaway,2023-04-19,Spring
7966,TXN_4958354,Smoothie,4.0,4.0,16.0,Credit Card,Takeaway,2023-05-01,Spring
7967,TXN_9240476,Coffee,5.0,2.0,10.0,Digital Wallet,Takeaway,2023-04-29,Spring
7968,TXN_2457961,Coffee,2.0,2.0,4.0,Credit Card,In-store,2023-06-08,Summer
7969,TXN_6494145,Cookie,2.0,1.0,2.0,Cash,Takeaway,2023-08-18,Summer
7970,TXN_2142941,Cookie,5.0,1.0,5.0,Digital Wallet,Takeaway,2023-11-03,Autumn
7971,TXN_2405666,Coffee,2.0,3.0,6.0,Cash,Takeaway,2023-04-20,Spring
7972,TXN_4125871,Coffee,4.0,3.0,12.0,Digital Wallet,Takeaway,2023-12-16,Winter
7973,TXN_7102166,Coffee,4.0,2.0,8.0,Digital Wallet,Takeaway,2023-12-08,Winter
7974,TXN_1492585,Smoothie,3.0,4.0,12.0,Cash,Takeaway,2023-01-17,Winter
7975,TXN_2208949,Coffee,4.0,3.0,12.0,Cash,Takeaway,2023-08-05,Summer
7976,TXN_9815454,Coffee,5.0,3.0,15.0,Digital Wallet,Takeaway,2023-12-05,Winter
7977,TXN_6806968,Cookie,4.0,1.0,4.0,Cash,Takeaway,2023-07-03,Summer
7978,TXN_3751420,Smoothie,5.0,4.0,20.0,Digital Wallet,Takeaway,2023-11-20,Autumn
7979,TXN_3439155,Salad,3.0,5.0,15.0,Digital Wallet,Takeaway,2023-07-30,Summer
7980,TXN_5564198,Coffee,4.0,3.0,12.0,Cash,Takeaway,2023-06-06,Summer
7981,TXN_3446643,Smoothie,1.0,4.0,4.0,Digital Wallet,Takeaway,2023-06-01,Summer
7982,TXN_1770073,Cookie,2.0,1.0,2.0,Digital Wallet,Takeaway,2023-12-03,Winter
7983,TXN_7328209,Smoothie,3.0,4.0,12.0,Credit Card,Takeaway,2023-03-01,Spring
7984,TXN_4252608,Coffee,3.0,3.0,9.0,Credit Card,In-store,2023-08-23,Summer
7985,TXN_7221831,Coffee,3.0,2.0,6.0,Credit Card,Takeaway,2023-03-26,Spring
7986,TXN_4548565,Coffee,4.0,3.0,12.0,Digital Wallet,In-store,2023-02-17,Winter
7987,TXN_7400015,Coffee,4.0,3.0,12.0,Cash,Takeaway,2023-01-27,Winter
7988,TXN_4749986,Tea,5.0,1.5,7.5,Digital Wallet,Takeaway,2023-05-26,Spring
7989,TXN_1917336,Smoothie,3.0,4.0,12.0,Cash,In-store,2023-04-12,Spring
7990,TXN_5238755,Cookie,3.0,1.0,3.0,Digital Wallet,Takeaway,2023-06-01,Summer
7991,TXN_1822234,Salad,2.0,5.0,10.0,Cash,Takeaway,2023-10-15,Autumn
7992,TXN_1342487,Coffee,3.0,3.0,9.0,Credit Card,Takeaway,2023-09-21,Autumn
7993,TXN_7413282,Coffee,5.0,3.0,15.0,Digital Wallet,Takeaway,2023-10-13,Autumn
7994,TXN_5713298,Smoothie,2.0,4.0,8.0,Credit Card,Takeaway,2023-07-14,Summer
7995,TXN_3045673,Smoothie,3.0,4.0,12.0,Digital Wallet,Takeaway,2023-06-24,Summer
7996,TXN_2662720,Coffee,5.0,3.0,15.0,Digital Wallet,Takeaway,2023-09-18,Autumn
7997,TXN_8966922,Coffee,4.0,3.0,12.0,Digital Wallet,Takeaway,2023-11-10,Autumn
7998,TXN_7311815,Cookie,4.0,1.0,4.0,Digital Wallet,Takeaway,2023-05-11,Spring
7999,TXN_8211198,Coffee,3.0,3.0,9.0,Credit Card,Takeaway,2023-01-24,Winter
8000,TXN_6476719,Coffee,5.0,3.0,15.0,Cash,Takeaway,2023-06-04,Summer
8001,TXN_1556480,Tea,5.0,1.5,7.5,Digital Wallet,Takeaway,2023-02-06,Winter
8002,TXN_3009994,Cookie,5.0,1.0,5.0,Credit Card,In-store,2023-09-13,Autumn
8003,TXN_8992377,Coffee,4.0,3.0,12.0,Credit Card,Takeaway,2023-07-12,Summer
8004,TXN_5504130,Coffee,3.0,3.0,9.0,Digital Wallet,Takeaway,2023-06-24,Summer
8005,TXN_7153455,Coffee,4.0,2.0,8.0,Digital Wallet,Takeaway,2023-07-02,Summer
8006,TXN_8821579,Smoothie,4.0,4.0,16.0,Digital Wallet,Takeaway,2023-12-06,Winter
8007,TXN_6873127,Cookie,1.0,1.0,1.0,Digital Wallet,In-store,2023-02-02,Winter
8008,TXN_9923952,Cookie,4.0,1.0,4.0,Digital Wallet,Takeaway,2023-08-08,Summer
8009,TXN_7383137,Coffee,2.0,2.0,4.0,Credit Card,In-store,2023-12-02,Winter
8010,TXN_4766317,Cookie,2.0,1.0,2.0,Digital Wallet,Takeaway,2023-09-23,Autumn
8011,TXN_6335297,Coffee,3.0,3.0,9.0,Digital Wallet,Takeaway,2023-10-16,Autumn
8012,TXN_9334593,Smoothie,3.0,4.0,12.0,Cash,Takeaway,2023-04-23,Spring
8013,TXN_2441029,Coffee,5.0,3.0,15.0,Cash,In-store,2023-05-18,Spring
8014,TXN_8260461,Cookie,2.0,1.0,2.0,Digital Wallet,Takeaway,2023-10-29,Autumn
8015,TXN_4801947,Coffee,1.0,3.0,3.0,Digital Wallet,Takeaway,2023-01-01,Winter
8016,TXN_4323120,Coffee,5.0,2.0,10.0,Digital Wallet,Takeaway,2023-08-29,Summer
8017,TXN_5947264,Salad,1.0,5.0,5.0,Digital Wallet,In-store,2023-03-07,Spring
8018,TXN_9072628,Salad,4.0,5.0,20.0,Digital Wallet,Takeaway,2023-12-29,Winter
8019,TXN_8282744,Tea,2.0,1.5,3.0,Digital Wallet,Takeaway,2023-06-16,Summer
8020,TXN_2547156,Cookie,3.0,1.0,3.0,Digital Wallet,Takeaway,2023-08-18,Summer
8022,TXN_8621278,Salad,2.0,5.0,10.0,Cash,Takeaway,2023-02-01,Winter
8023,TXN_2616353,Smoothie,3.0,4.0,12.0,Cash,Takeaway,2023-06-24,Summer
8024,TXN_9731999,Smoothie,4.0,4.0,16.0,Digital Wallet,Takeaway,2023-11-26,Autumn
8025,TXN_3608237,Salad,1.0,5.0,5.0,Digital Wallet,Takeaway,2023-11-26,Autumn
8026,TXN_2423167,Coffee,3.0,3.0,9.0,Digital Wallet,Takeaway,2023-06-29,Summer
8028,TXN_6695451,Salad,1.0,5.0,5.0,Credit Card,Takeaway,2023-07-28,Summer
8029,TXN_6098702,Coffee,3.0,2.0,6.0,Credit Card,Takeaway,2023-10-15,Autumn
8030,TXN_8972184,Coffee,4.0,3.0,12.0,Digital Wallet,Takeaway,2023-08-17,Summer
8031,TXN_2010507,Coffee,3.0,3.0,9.0,Digital Wallet,Takeaway,2023-05-23,Spring
8032,TXN_1390754,Coffee,2.0,3.0,6.0,Digital Wallet,Takeaway,2023-11-08,Autumn
8033,TXN_4925291,Smoothie,2.0,4.0,8.0,Digital Wallet,Takeaway,2023-09-22,Autumn
8034,TXN_8345383,Tea,5.0,1.5,7.5,Digital Wallet,Takeaway,2023-10-14,Autumn
8035,TXN_3910293,Coffee,4.0,3.0,12.0,Cash,In-store,2023-01-30,Winter
8036,TXN_4696969,Salad,1.0,5.0,5.0,Credit Card,Takeaway,2023-09-29,Autumn
8037,TXN_4568379,Cookie,3.0,1.0,3.0,Digital Wallet,In-store,2023-05-28,Spring
8038,TXN_8745942,Cookie,3.0,1.0,3.0,Cash,Takeaway,2023-05-03,Spring
8040,TXN_2496907,Coffee,2.0,2.0,4.0,Credit Card,Takeaway,2023-11-28,Autumn
8041,TXN_3043371,Smoothie,1.0,4.0,4.0,Digital Wallet,Takeaway,2023-12-04,Winter
8042,TXN_2687149,Coffee,5.0,2.0,10.0,Digital Wallet,Takeaway,2023-03-24,Spring
8043,TXN_9752207,Smoothie,4.0,4.0,16.0,Digital Wallet,In-store,2023-10-15,Autumn
8044,TXN_7223850,Salad,2.0,5.0,10.0,Credit Card,Takeaway,2023-02-05,Winter
8045,TXN_5421917,Tea,5.0,1.5,7.5,Digital Wallet,Takeaway,2023-05-03,Spring
8046,TXN_3812053,Coffee,5.0,2.0,10.0,Digital Wallet,In-store,2023-04-03,Spring
8047,TXN_8437195,Coffee,1.0,3.0,3.0,Cash,Takeaway,2023-12-10,Winter
8048,TXN_3880494,Smoothie,4.0,4.0,16.0,Cash,Takeaway,2023-12-17,Winter
8049,TXN_2755642,Coffee,3.0,3.0,9.0,Digital Wallet,In-store,2023-03-24,Spring
8050,TXN_9320353,Salad,5.0,5.0,25.0,Cash,In-store,2023-01-10,Winter
8051,TXN_8837015,Coffee,3.0,3.0,9.0,Credit Card,In-store,2023-06-11,Summer
8052,TXN_1856538,Coffee,3.0,2.0,6.0,Cash,Takeaway,2023-11-01,Autumn
8053,TXN_2933439,Salad,4.0,5.0,20.0,Digital Wallet,Takeaway,2023-04-14,Spring
8054,TXN_2667131,Smoothie,2.0,4.0,8.0,Credit Card,Takeaway,2023-10-10,Autumn
8055,TXN_5536056,Smoothie,3.0,4.0,12.0,Digital Wallet,Takeaway,2023-12-22,Winter
8056,TXN_3846628,Coffee,1.0,3.0,3.0,Digital Wallet,Takeaway,2023-10-16,Autumn
8057,TXN_9043894,Coffee,1.0,3.0,3.0,Digital Wallet,Takeaway,2023-07-28,Summer
8058,TXN_9354349,Coffee,1.0,3.0,3.0,Credit Card,Takeaway,2023-02-12,Winter
8059,TXN_3655950,Cookie,1.0,1.0,1.0,Digital Wallet,In-store,2023-11-25,Autumn
8060,TXN_4483585,Smoothie,5.0,4.0,20.0,Digital Wallet,Takeaway,2023-12-26,Winter
8061,TXN_2332364,Coffee,2.0,3.0,6.0,Credit Card,Takeaway,2023-08-10,Summer
8062,TXN_5878649,Salad,3.0,5.0,15.0,Digital Wallet,Takeaway,2023-02-15,Winter
8063,TXN_2716940,Coffee,1.0,2.0,2.0,Digital Wallet,Takeaway,2023-11-27,Autumn
8065,TXN_9020641,Coffee,4.0,3.0,12.0,Credit Card,In-store,2023-06-27,Summer
8066,TXN_5931551,Smoothie,4.0,4.0,16.0,Digital Wallet,In-store,2023-03-28,Spring
8067,TXN_5812552,Coffee,1.0,3.0,3.0,Digital Wallet,Takeaway,2023-09-17,Autumn
8069,TXN_2259102,Smoothie,2.0,4.0,8.0,Digital Wallet,Takeaway,2023-02-19,Winter
8070,TXN_7041367,Cookie,4.0,1.0,4.0,Digital Wallet,Takeaway,2023-01-04,Winter
8071,TXN_1005377,Coffee,5.0,3.0,15.0,Digital Wallet,Takeaway,2023-06-03,Summer
8072,TXN_7262554,Salad,3.0,5.0,15.0,Credit Card,Takeaway,2023-07-08,Summer
8073,TXN_9705971,Coffee,2.0,3.0,6.0,Credit Card,Takeaway,2023-09-02,Autumn
8074,TXN_4809626,Coffee,5.0,2.0,10.0,Cash,Takeaway,2023-02-18,Winter
8075,TXN_5171248,Coffee,5.0,3.0,15.0,Digital Wallet,In-store,2023-06-14,Summer
8076,TXN_2201235,Tea,1.0,1.5,1.5,Digital Wallet,Takeaway,2023-12-17,Winter
8077,TXN_2907979,Coffee,3.0,3.0,9.0,Cash,Takeaway,2023-06-18,Summer
8078,TXN_7229918,Coffee,2.0,2.0,4.0,Digital Wallet,Takeaway,2023-03-24,Spring
8079,TXN_5179245,Coffee,3.0,3.0,9.0,Credit Card,Takeaway,2023-04-17,Spring
8080,TXN_5010968,Smoothie,2.0,4.0,8.0,Digital Wallet,Takeaway,2023-12-03,Winter
8081,TXN_6294315,Cookie,2.0,1.0,2.0,Digital Wallet,Takeaway,2023-04-04,Spring
8082,TXN_8487985,Coffee,5.0,3.0,15.0,Digital Wallet,Takeaway,2023-05-09,Spring
8083,TXN_8552898,Coffee,5.0,2.0,10.0,Credit Card,Takeaway,2023-11-06,Autumn
8085,TXN_4787754,Coffee,2.0,3.0,6.0,Digital Wallet,Takeaway,2023-08-31,Summer
8086,TXN_9176533,Coffee,3.0,3.0,9.0,Credit Card,Takeaway,2023-10-14,Autumn
8087,TXN_1228474,Smoothie,4.0,4.0,16.0,Digital Wallet,In-store,2023-11-20,Autumn
8088,TXN_9376428,Salad,1.0,5.0,5.0,Credit Card,Takeaway,2023-10-30,Autumn
8089,TXN_3678804,Coffee,3.0,2.0,6.0,Digital Wallet,Takeaway,2023-10-20,Autumn
8090,TXN_6021363,Smoothie,2.0,4.0,8.0,Credit Card,Takeaway,2023-01-11,Winter
8091,TXN_8518812,Cookie,3.0,1.0,3.0,Digital Wallet,In-store,2023-06-22,Summer
8092,TXN_5573436,Coffee,1.0,2.0,2.0,Digital Wallet,Takeaway,2023-02-22,Winter
8093,TXN_3274591,Coffee,5.0,3.0,15.0,Digital Wallet,Takeaway,2023-04-09,Spring
8094,TXN_2477650,Cookie,1.0,1.0,1.0,Cash,Takeaway,2023-10-24,Autumn
8095,TXN_4987376,Tea,2.0,1.5,3.0,Digital Wallet,Takeaway,2023-08-20,Summer
8097,TXN_9196694,Coffee,4.0,3.0,12.0,Digital Wallet,In-store,2023-03-23,Spring
8098,TXN_2735598,Tea,5.0,1.5,7.5,Credit Card,Takeaway,2023-06-30,Summer
8099,TXN_7362526,Coffee,1.0,3.0,3.0,Credit Card,Takeaway,2023-09-16,Autumn
8100,TXN_3584252,Salad,2.0,5.0,10.0,Digital Wallet,Takeaway,2023-12-19,Winter
8102,TXN_6324687,Smoothie,1.0,4.0,4.0,Credit Card,Takeaway,2023-03-03,Spring
8103,TXN_2716377,Coffee,4.0,3.0,12.0,Cash,Takeaway,2023-01-03,Winter
8104,TXN_4002142,Coffee,5.0,3.0,15.0,Digital Wallet,Takeaway,2023-06-27,Summer
8105,TXN_9417438,Salad,1.0,5.0,5.0,Digital Wallet,In-store,2023-01-05,Winter
8106,TXN_4757873,Tea,1.0,1.5,1.5,Credit Card,In-store,2023-09-12,Autumn
8107,TXN_6283718,Smoothie,3.0,4.0,12.0,Digital Wallet,Takeaway,2023-07-20,Summer
8108,TXN_2019127,Salad,1.0,5.0,5.0,Cash,Takeaway,2023-08-03,Summer
8109,TXN_2007652,Coffee,2.0,3.0,6.0,Digital Wallet,Takeaway,2023-12-09,Winter
8110,TXN_3048882,Coffee,2.0,3.0,6.0,Cash,Takeaway,2023-12-30,Winter
8111,TXN_3241510,Tea,5.0,1.5,7.5,Credit Card,Takeaway,2023-10-05,Autumn
8112,TXN_1978239,Salad,4.0,5.0,20.0,Digital Wallet,In-store,2023-09-20,Autumn
8113,TXN_3286168,Smoothie,5.0,4.0,20.0,Digital Wallet,Takeaway,2023-06-25,Summer
8114,TXN_5922981,Salad,5.0,5.0,25.0,Digital Wallet,Takeaway,2023-11-10,Autumn
8115,TXN_4108567,Coffee,2.0,2.0,4.0,Cash,Takeaway,2023-08-14,Summer
8116,TXN_5217434,Coffee,1.0,2.0,2.0,Digital Wallet,Takeaway,2023-09-22,Autumn
8117,TXN_6691792,Coffee,3.0,3.0,9.0,Digital Wallet,Takeaway,2023-06-21,Summer
8118,TXN_4822216,Coffee,1.0,3.0,3.0,Digital Wallet,Takeaway,2023-09-03,Autumn
8119,TXN_9246986,Tea,4.0,1.5,6.0,Cash,Takeaway,2023-09-08,Autumn
8120,TXN_3931393,Smoothie,2.0,4.0,8.0,Digital Wallet,Takeaway,2023-11-18,Autumn
8121,TXN_1429325,Smoothie,2.0,4.0,8.0,Cash,Takeaway,2023-04-20,Spring
8122,TXN_2888655,Cookie,4.0,1.0,4.0,Digital Wallet,Takeaway,2023-12-17,Winter
8123,TXN_3648160,Coffee,5.0,2.0,10.0,Digital Wallet,Takeaway,2023-12-03,Winter
8124,TXN_5832513,Coffee,4.0,3.0,12.0,Cash,In-store,2023-11-02,Autumn
8125,TXN_6053755,Cookie,4.0,1.0,4.0,Digital Wallet,Takeaway,2023-01-18,Winter
8126,TXN_4437520,Smoothie,3.0,4.0,12.0,Credit Card,Takeaway,2023-07-28,Summer
8127,TXN_4995281,Salad,4.0,5.0,20.0,Credit Card,Takeaway,2023-02-25,Winter
8129,TXN_8384699,Salad,3.0,5.0,15.0,Digital Wallet,In-store,2023-12-16,Winter
8130,TXN_3549667,Smoothie,3.0,4.0,12.0,Digital Wallet,Takeaway,2023-01-29,Winter
8131,TXN_2566211,Tea,2.0,1.5,3.0,Cash,Takeaway,2023-09-26,Autumn
8132,TXN_3206842,Salad,4.0,5.0,20.0,Cash,Takeaway,2023-04-30,Spring
8133,TXN_8970135,Coffee,4.0,3.0,12.0,Digital Wallet,In-store,2023-03-26,Spring
8134,TXN_3222612,Coffee,3.0,3.0,9.0,Cash,Takeaway,2023-01-25,Winter
8135,TXN_6361593,Smoothie,4.0,4.0,16.0,Digital Wallet,Takeaway,2023-08-29,Summer
8136,TXN_9375445,Smoothie,2.0,4.0,8.0,Digital Wallet,In-store,2023-10-22,Autumn
8137,TXN_4943552,Coffee,5.0,3.0,15.0,Digital Wallet,Takeaway,2023-04-14,Spring
8138,TXN_1532390,Tea,5.0,1.5,7.5,Digital Wallet,Takeaway,2023-04-08,Spring
8139,TXN_8020606,Coffee,4.0,3.0,12.0,Digital Wallet,Takeaway,2023-10-10,Autumn
8140,TXN_2729959,Smoothie,4.0,4.0,16.0,Digital Wallet,In-store,2023-02-01,Winter
8141,TXN_4582054,Salad,2.0,5.0,10.0,Digital Wallet,Takeaway,2023-08-27,Summer
8142,TXN_2134763,Coffee,3.0,3.0,9.0,Credit Card,Takeaway,2023-03-28,Spring
8143,TXN_1633607,Coffee,1.0,3.0,3.0,Cash,Takeaway,2023-03-13,Spring
8144,TXN_5124999,Coffee,5.0,2.0,10.0,Digital Wallet,Takeaway,2023-04-11,Spring
8145,TXN_7647190,Salad,5.0,5.0,25.0,Credit Card,Takeaway,2023-02-22,Winter
8146,TXN_3514890,Smoothie,5.0,4.0,20.0,Digital Wallet,In-store,2023-08-02,Summer
8148,TXN_5845583,Tea,4.0,1.5,6.0,Cash,In-store,2023-10-19,Autumn
8149,TXN_6692318,Tea,2.0,1.5,3.0,Cash,In-store,2023-08-20,Summer
8150,TXN_9571019,Coffee,2.0,2.0,4.0,Cash,In-store,2023-06-22,Summer
8151,TXN_6451595,Coffee,2.0,3.0,6.0,Credit Card,Takeaway,2023-03-26,Spring
8152,TXN_4797429,Salad,5.0,5.0,25.0,Digital Wallet,In-store,2023-11-07,Autumn
8153,TXN_7255755,Smoothie,5.0,4.0,20.0,Digital Wallet,Takeaway,2023-10-19,Autumn
8154,TXN_6925284,Coffee,5.0,3.0,15.0,Digital Wallet,Takeaway,2023-01-21,Winter
8155,TXN_2925996,Coffee,3.0,3.0,9.0,Cash,Takeaway,2023-04-11,Spring
8156,TXN_3944582,Tea,5.0,1.5,7.5,Digital Wallet,In-store,2023-10-21,Autumn
8158,TXN_5750248,Salad,4.0,5.0,20.0,Digital Wallet,In-store,2023-07-20,Summer
8159,TXN_1020983,Coffee,1.0,3.0,3.0,Digital Wallet,Takeaway,2023-03-23,Spring
8160,TXN_9072817,Cookie,5.0,1.0,5.0,Digital Wallet,Takeaway,2023-07-18,Summer
8162,TXN_7416196,Smoothie,2.0,4.0,8.0,Cash,In-store,2023-10-20,Autumn
8163,TXN_7276452,Coffee,3.0,2.0,6.0,Digital Wallet,Takeaway,2023-06-05,Summer
8164,TXN_2610195,Coffee,2.0,3.0,6.0,Digital Wallet,Takeaway,2023-10-25,Autumn
8166,TXN_9281392,Cookie,2.0,1.0,2.0,Digital Wallet,Takeaway,2023-08-06,Summer
8167,TXN_8386253,Tea,4.0,1.5,6.0,Cash,Takeaway,2023-05-11,Spring
8168,TXN_7995960,Coffee,1.0,3.0,3.0,Digital Wallet,Takeaway,2023-01-11,Winter
8169,TXN_7663739,Cookie,5.0,1.0,5.0,Credit Card,Takeaway,2023-03-27,Spring
8170,TXN_3936339,Coffee,5.0,3.0,15.0,Digital Wallet,In-store,2023-09-08,Autumn
8171,TXN_7784608,Coffee,5.0,2.0,10.0,Digital Wallet,Takeaway,2023-06-01,Summer
8173,TXN_6438980,Salad,2.0,5.0,10.0,Credit Card,Takeaway,2023-11-10,Autumn
8174,TXN_2196926,Coffee,2.0,3.0,6.0,Digital Wallet,Takeaway,2023-07-27,Summer
8175,TXN_9582506,Cookie,2.0,1.0,2.0,Credit Card,Takeaway,2023-04-28,Spring
8176,TXN_2424839,Coffee,4.0,3.0,12.0,Digital Wallet,In-store,2023-09-28,Autumn
8177,TXN_5215704,Smoothie,5.0,4.0,20.0,Credit Card,Takeaway,2023-10-31,Autumn
8178,TXN_1982031,Cookie,4.0,1.0,4.0,Cash,Takeaway,2023-02-03,Winter
8179,TXN_3060286,Tea,2.0,1.5,3.0,Cash,Takeaway,2023-08-10,Summer
8180,TXN_7878231,Salad,1.0,5.0,5.0,Cash,Takeaway,2023-05-15,Spring
8182,TXN_1643029,Cookie,3.0,1.0,3.0,Digital Wallet,Takeaway,2023-09-11,Autumn
8183,TXN_2764625,Tea,1.0,1.5,1.5,Cash,In-store,2023-12-03,Winter
8184,TXN_6086123,Coffee,3.0,3.0,9.0,Credit Card,Takeaway,2023-11-17,Autumn
8185,TXN_1796259,Coffee,1.0,3.0,3.0,Digital Wallet,In-store,2023-04-29,Spring
8186,TXN_4078284,Coffee,1.0,2.0,2.0,Credit Card,Takeaway,2023-05-14,Spring
8187,TXN_4389662,Smoothie,1.0,4.0,4.0,Cash,Takeaway,2023-08-09,Summer
8188,TXN_1992699,Cookie,2.0,1.0,2.0,Digital Wallet,Takeaway,2023-05-08,Spring
8189,TXN_9389300,Salad,3.0,5.0,15.0,Credit Card,Takeaway,2023-01-14,Winter
8190,TXN_5409951,Coffee,3.0,2.0,6.0,Digital Wallet,Takeaway,2023-06-23,Summer
8191,TXN_2147448,Coffee,4.0,2.0,8.0,Credit Card,In-store,2023-11-27,Autumn
8192,TXN_9826170,Coffee,2.0,3.0,6.0,Digital Wallet,Takeaway,2023-12-06,Winter
8193,TXN_4949509,Smoothie,4.0,4.0,16.0,Digital Wallet,Takeaway,2023-04-20,Spring
8194,TXN_9857832,Tea,3.0,1.5,4.5,Cash,In-store,2023-03-31,Spring
8195,TXN_5038122,Salad,1.0,5.0,5.0,Digital Wallet,Takeaway,2023-08-11,Summer
8196,TXN_8984085,Salad,1.0,5.0,5.0,Digital Wallet,Takeaway,2023-08-17,Summer
8197,TXN_8830264,Salad,1.0,5.0,5.0,Cash,Takeaway,2023-11-23,Autumn
8198,TXN_9696074,Coffee,4.0,2.0,8.0,Digital Wallet,Takeaway,2023-06-24,Summer
8199,TXN_9579637,Tea,4.0,1.5,6.0,Digital Wallet,Takeaway,2023-06-26,Summer
8200,TXN_7907786,Tea,5.0,1.5,7.5,Cash,Takeaway,2023-09-20,Autumn
8201,TXN_5316852,Coffee,2.0,2.0,4.0,Digital Wallet,Takeaway,2023-04-08,Spring
8202,TXN_1292430,Smoothie,1.0,4.0,4.0,Credit Card,Takeaway,2023-03-09,Spring
8203,TXN_5226399,Coffee,4.0,3.0,12.0,Digital Wallet,Takeaway,2023-01-19,Winter
8204,TXN_2470530,Coffee,1.0,3.0,3.0,Digital Wallet,Takeaway,2023-03-21,Spring
8205,TXN_6498718,Coffee,4.0,2.0,8.0,Digital Wallet,Takeaway,2023-03-18,Spring
8206,TXN_1602435,Smoothie,1.0,4.0,4.0,Cash,Takeaway,2023-12-01,Winter
8207,TXN_1434598,Smoothie,5.0,4.0,20.0,Cash,Takeaway,2023-11-18,Autumn
8208,TXN_9871036,Smoothie,1.0,4.0,4.0,Digital Wallet,Takeaway,2023-07-02,Summer
8209,TXN_2073001,Coffee,2.0,2.0,4.0,Digital Wallet,Takeaway,2023-11-22,Autumn
8210,TXN_9284622,Coffee,1.0,2.0,2.0,Credit Card,Takeaway,2023-05-15,Spring
8211,TXN_7815076,Coffee,5.0,3.0,15.0,Cash,Takeaway,2023-12-16,Winter
8212,TXN_6897172,Coffee,4.0,2.0,8.0,Digital Wallet,Takeaway,2023-12-08,Winter
8213,TXN_3783903,Tea,4.0,1.5,6.0,Digital Wallet,Takeaway,2023-06-25,Summer
8214,TXN_4378637,Cookie,1.0,1.0,1.0,Digital Wallet,Takeaway,2023-05-12,Spring
8215,TXN_7514047,Salad,1.0,5.0,5.0,Cash,Takeaway,2023-03-08,Spring
8216,TXN_4375708,Smoothie,4.0,4.0,16.0,Credit Card,Takeaway,2023-08-01,Summer
8217,TXN_9775984,Coffee,2.0,3.0,6.0,Credit Card,In-store,2023-10-09,Autumn
8220,TXN_1625754,Coffee,5.0,3.0,15.0,Digital Wallet,In-store,2023-08-03,Summer
8221,TXN_9567915,Coffee,1.0,3.0,3.0,Digital Wallet,Takeaway,2023-06-30,Summer
8222,TXN_4062634,Salad,2.0,5.0,10.0,Credit Card,In-store,2023-04-05,Spring
8223,TXN_6624397,Coffee,4.0,3.0,12.0,Cash,Takeaway,2023-04-30,Spring
8224,TXN_2991733,Tea,5.0,1.5,7.5,Credit Card,Takeaway,2023-04-13,Spring
8225,TXN_8978924,Salad,5.0,5.0,25.0,Cash,Takeaway,2023-10-09,Autumn
8226,TXN_2404800,Smoothie,5.0,4.0,20.0,Cash,In-store,2023-01-28,Winter
8227,TXN_4501915,Coffee,4.0,3.0,12.0,Credit Card,Takeaway,2023-12-04,Winter
8228,TXN_6273431,Coffee,2.0,3.0,6.0,Digital Wallet,In-store,2023-04-05,Spring
8229,TXN_7166936,Cookie,4.0,1.0,4.0,Digital Wallet,In-store,2023-09-25,Autumn
8230,TXN_7645250,Coffee,2.0,3.0,6.0,Digital Wallet,Takeaway,2023-10-09,Autumn
8231,TXN_9231480,Cookie,4.0,1.0,4.0,Cash,Takeaway,2023-08-28,Summer
8232,TXN_4247105,Coffee,5.0,2.0,10.0,Cash,In-store,2023-04-14,Spring
8233,TXN_8732935,Cookie,4.0,1.0,4.0,Credit Card,Takeaway,2023-08-06,Summer
8234,TXN_5108867,Coffee,3.0,3.0,9.0,Cash,Takeaway,2023-03-19,Spring
8235,TXN_3270584,Coffee,3.0,3.0,9.0,Credit Card,Takeaway,2023-01-10,Winter
8236,TXN_8258798,Coffee,3.0,2.0,6.0,Cash,In-store,2023-10-18,Autumn
8237,TXN_7412012,Coffee,1.0,2.0,2.0,Cash,In-store,2023-08-02,Summer
8238,TXN_1927324,Smoothie,1.0,4.0,4.0,Digital Wallet,Takeaway,2023-08-29,Summer
8239,TXN_9159655,Cookie,5.0,1.0,5.0,Cash,Takeaway,2023-03-21,Spring
8240,TXN_1293057,Tea,2.0,1.5,3.0,Digital Wallet,Takeaway,2023-07-03,Summer
8241,TXN_8829698,Coffee,2.0,3.0,6.0,Cash,Takeaway,2023-03-19,Spring
8242,TXN_5056351,Coffee,1.0,3.0,3.0,Digital Wallet,Takeaway,2023-04-24,Spring
8243,TXN_4431264,Smoothie,2.0,4.0,8.0,Digital Wallet,Takeaway,2023-11-14,Autumn
8244,TXN_7371782,Tea,3.0,1.5,4.5,Cash,In-store,2023-02-26,Winter
8245,TXN_7631505,Smoothie,4.0,4.0,16.0,Cash,In-store,2023-07-08,Summer
8246,TXN_4331770,Salad,4.0,5.0,20.0,Digital Wallet,Takeaway,2023-06-04,Summer
8247,TXN_2593909,Coffee,2.0,3.0,6.0,Cash,In-store,2023-02-25,Winter
8248,TXN_9728062,Coffee,1.0,2.0,2.0,Cash,Takeaway,2023-05-01,Spring
8249,TXN_7664606,Cookie,2.0,1.0,2.0,Digital Wallet,Takeaway,2023-07-05,Summer
8250,TXN_3359911,Cookie,4.0,1.0,4.0,Digital Wallet,In-store,2023-06-18,Summer
8251,TXN_3745153,Smoothie,4.0,4.0,16.0,Digital Wallet,In-store,2023-06-30,Summer
8252,TXN_2019258,Coffee,4.0,3.0,12.0,Credit Card,Takeaway,2023-02-03,Winter
8253,TXN_8153957,Coffee,1.0,2.0,2.0,Digital Wallet,Takeaway,2023-10-12,Autumn
8254,TXN_3437948,Smoothie,2.0,4.0,8.0,Cash,Takeaway,2023-11-02,Autumn
8255,TXN_6874195,Coffee,3.0,3.0,9.0,Cash,Takeaway,2023-04-22,Spring
8256,TXN_3234146,Coffee,1.0,3.0,3.0,Digital Wallet,Takeaway,2023-11-14,Autumn
8257,TXN_5172383,Coffee,3.0,3.0,9.0,Cash,In-store,2023-03-28,Spring
8258,TXN_9288999,Cookie,3.0,1.0,3.0,Credit Card,In-store,2023-05-01,Spring
8259,TXN_4205407,Smoothie,5.0,4.0,20.0,Digital Wallet,Takeaway,2023-04-27,Spring
8260,TXN_8325722,Smoothie,2.0,4.0,8.0,Digital Wallet,Takeaway,2023-05-27,Spring
8261,TXN_3050797,Smoothie,3.0,4.0,12.0,Credit Card,Takeaway,2023-09-28,Autumn
8262,TXN_8731991,Salad,4.0,5.0,20.0,Digital Wallet,In-store,2023-01-20,Winter
8263,TXN_7387416,Coffee,3.0,3.0,9.0,Cash,Takeaway,2023-12-15,Winter
8264,TXN_2244418,Salad,5.0,5.0,25.0,Cash,Takeaway,2023-10-15,Autumn
8265,TXN_2638644,Tea,1.0,1.5,1.5,Digital Wallet,Takeaway,2023-03-08,Spring
8266,TXN_3886177,Coffee,3.0,3.0,9.0,Digital Wallet,Takeaway,2023-07-17,Summer
8267,TXN_2334047,Tea,1.0,1.5,1.5,Digital Wallet,Takeaway,2023-11-08,Autumn
8268,TXN_3888864,Smoothie,1.0,4.0,4.0,Credit Card,In-store,2023-10-13,Autumn
8269,TXN_6972491,Smoothie,1.0,4.0,4.0,Digital Wallet,Takeaway,2023-07-02,Summer
8270,TXN_8886791,Tea,2.0,1.5,3.0,Cash,Takeaway,2023-07-09,Summer
8271,TXN_4356114,Coffee,2.0,3.0,6.0,Cash,Takeaway,2023-05-05,Spring
8272,TXN_2097023,Salad,3.0,5.0,15.0,Digital Wallet,Takeaway,2023-11-10,Autumn
8273,TXN_2726749,Coffee,4.0,3.0,12.0,Digital Wallet,Takeaway,2023-05-19,Spring
8274,TXN_3357336,Coffee,4.0,3.0,12.0,Digital Wallet,In-store,2023-02-20,Winter
8275,TXN_3529354,Coffee,2.0,3.0,6.0,Credit Card,Takeaway,2023-09-06,Autumn
8276,TXN_9738339,Coffee,1.0,3.0,3.0,Digital Wallet,In-store,2023-07-09,Summer
8277,TXN_9389963,Smoothie,5.0,4.0,20.0,Digital Wallet,Takeaway,2023-02-28,Winter
8278,TXN_6837879,Coffee,5.0,3.0,15.0,Digital Wallet,Takeaway,2023-04-09,Spring
8279,TXN_1046659,Smoothie,3.0,4.0,12.0,Digital Wallet,Takeaway,2023-12-14,Winter
8280,TXN_2032049,Salad,2.0,5.0,10.0,Credit Card,Takeaway,2023-10-12,Autumn
8281,TXN_1444479,Coffee,1.0,3.0,3.0,Credit Card,Takeaway,2023-12-10,Winter
8282,TXN_7251037,Salad,3.0,5.0,15.0,Credit Card,In-store,2023-08-17,Summer
8283,TXN_9891576,Smoothie,3.0,4.0,12.0,Digital Wallet,Takeaway,2023-04-28,Spring
8284,TXN_5315818,Salad,1.0,5.0,5.0,Digital Wallet,Takeaway,2023-02-06,Winter
8285,TXN_9830755,Cookie,5.0,1.0,5.0,Digital Wallet,Takeaway,2023-06-24,Summer
8286,TXN_8833319,Salad,1.0,5.0,5.0,Digital Wallet,Takeaway,2023-10-01,Autumn
8287,TXN_4353750,Coffee,2.0,3.0,6.0,Credit Card,Takeaway,2023-03-02,Spring
8288,TXN_8809659,Coffee,2.0,3.0,6.0,Cash,Takeaway,2023-01-16,Winter
8289,TXN_2104550,Coffee,4.0,2.0,8.0,Credit Card,In-store,2023-09-08,Autumn
8290,TXN_7554731,Coffee,1.0,3.0,3.0,Credit Card,In-store,2023-02-02,Winter
8292,TXN_8652021,Coffee,1.0,3.0,3.0,Credit Card,In-store,2023-09-23,Autumn
8293,TXN_3744962,Salad,1.0,5.0,5.0,Digital Wallet,In-store,2023-07-26,Summer
8294,TXN_7312277,Coffee,4.0,3.0,12.0,Digital Wallet,In-store,2023-09-07,Autumn
8295,TXN_2342308,Cookie,5.0,1.0,5.0,Digital Wallet,Takeaway,2023-05-20,Spring
8296,TXN_7797507,Smoothie,5.0,4.0,20.0,Digital Wallet,Takeaway,2023-06-06,Summer
8297,TXN_3121360,Coffee,3.0,3.0,9.0,Digital Wallet,Takeaway,2023-01-21,Winter
8298,TXN_5568416,Coffee,5.0,3.0,15.0,Credit Card,Takeaway,2023-09-06,Autumn
8299,TXN_7032922,Smoothie,4.0,4.0,16.0,Digital Wallet,Takeaway,2023-08-18,Summer
8300,TXN_5734186,Coffee,3.0,3.0,9.0,Cash,Takeaway,2023-04-03,Spring
8301,TXN_5107025,Tea,2.0,1.5,3.0,Digital Wallet,In-store,2023-02-19,Winter
8302,TXN_7975387,Smoothie,2.0,4.0,8.0,Credit Card,Takeaway,2023-03-23,Spring
8303,TXN_5209346,Smoothie,3.0,4.0,12.0,Credit Card,In-store,2023-02-22,Winter
8304,TXN_8947660,Coffee,1.0,2.0,2.0,Digital Wallet,In-store,2023-09-03,Autumn
8305,TXN_6752053,Smoothie,4.0,4.0,16.0,Digital Wallet,Takeaway,2023-05-13,Spring
8306,TXN_6571385,Tea,4.0,1.5,6.0,Cash,Takeaway,2023-01-06,Winter
8307,TXN_6430534,Tea,5.0,1.5,7.5,Cash,Takeaway,2023-01-29,Winter
8308,TXN_6467414,Tea,3.0,1.5,4.5,Cash,Takeaway,2023-01-06,Winter
8309,TXN_2861912,Coffee,3.0,2.0,6.0,Digital Wallet,In-store,2023-03-25,Spring
8310,TXN_8347965,Salad,1.0,5.0,5.0,Cash,Takeaway,2023-03-17,Spring
8311,TXN_9693344,Tea,4.0,1.5,6.0,Credit Card,Takeaway,2023-01-15,Winter
8312,TXN_9801552,Smoothie,4.0,4.0,16.0,Credit Card,Takeaway,2023-04-20,Spring
8314,TXN_8082317,Coffee,3.0,3.0,9.0,Cash,Takeaway,2023-08-18,Summer
8315,TXN_1569729,Smoothie,5.0,4.0,20.0,Cash,Takeaway,2023-07-16,Summer
8317,TXN_2644962,Smoothie,2.0,4.0,8.0,Digital Wallet,Takeaway,2023-04-09,Spring
8318,TXN_8991609,Salad,4.0,5.0,20.0,Digital Wallet,In-store,2023-06-19,Summer
8319,TXN_5000665,Coffee,3.0,3.0,9.0,Digital Wallet,In-store,2023-11-28,Autumn
8320,TXN_2161255,Smoothie,3.0,4.0,12.0,Digital Wallet,Takeaway,2023-06-08,Summer
8321,TXN_6549359,Tea,3.0,1.5,4.5,Cash,Takeaway,2023-04-21,Spring
8322,TXN_8833173,Smoothie,4.0,4.0,16.0,Digital Wallet,Takeaway,2023-03-14,Spring
8323,TXN_8449081,Cookie,2.0,1.0,2.0,Digital Wallet,In-store,2023-02-24,Winter
8324,TXN_7153321,Salad,5.0,5.0,25.0,Credit Card,Takeaway,2023-12-19,Winter
8325,TXN_2935761,Smoothie,4.0,4.0,16.0,Digital Wallet,Takeaway,2023-04-01,Spring
8326,TXN_7328705,Cookie,4.0,1.0,4.0,Digital Wallet,Takeaway,2023-09-09,Autumn
8327,TXN_1419790,Smoothie,3.0,4.0,12.0,Digital Wallet,Takeaway,2023-01-06,Winter
8328,TXN_8970187,Coffee,1.0,3.0,3.0,Digital Wallet,Takeaway,2023-03-13,Spring
8329,TXN_4385632,Tea,5.0,1.5,7.5,Digital Wallet,Takeaway,2023-06-18,Summer
8330,TXN_4343133,Cookie,4.0,1.0,4.0,Digital Wallet,Takeaway,2023-03-04,Spring
8331,TXN_7712544,Cookie,3.0,1.0,3.0,Cash,Takeaway,2023-05-06,Spring
8332,TXN_6904952,Salad,4.0,5.0,20.0,Digital Wallet,Takeaway,2023-04-04,Spring
8333,TXN_4023091,Smoothie,3.0,4.0,12.0,Credit Card,Takeaway,2023-07-24,Summer
8334,TXN_6005707,Coffee,4.0,3.0,12.0,Cash,Takeaway,2023-02-06,Winter
8335,TXN_9824238,Tea,5.0,1.5,7.5,Cash,In-store,2023-07-14,Summer
8336,TXN_2867795,Cookie,1.0,1.0,1.0,Credit Card,Takeaway,2023-06-26,Summer
8338,TXN_5437961,Smoothie,3.0,4.0,12.0,Digital Wallet,In-store,2023-06-30,Summer
8339,TXN_3440463,Coffee,1.0,3.0,3.0,Credit Card,Takeaway,2023-04-04,Spring
8340,TXN_1242840,Smoothie,1.0,4.0,4.0,Credit Card,Takeaway,2023-08-26,Summer
8341,TXN_2997717,Coffee,4.0,3.0,12.0,Credit Card,Takeaway,2023-10-19,Autumn
8342,TXN_4440412,Smoothie,3.0,4.0,12.0,Cash,Takeaway,2023-04-15,Spring
8343,TXN_9897583,Coffee,2.0,2.0,4.0,Digital Wallet,Takeaway,2023-01-20,Winter
8344,TXN_9772498,Coffee,4.0,3.0,12.0,Cash,Takeaway,2023-08-21,Summer
8345,TXN_7908929,Tea,2.0,1.5,3.0,Digital Wallet,Takeaway,2023-11-18,Autumn
8346,TXN_6411390,Coffee,1.0,3.0,3.0,Cash,Takeaway,2023-09-07,Autumn
8347,TXN_5784400,Coffee,4.0,3.0,12.0,Digital Wallet,Takeaway,2023-11-25,Autumn
8348,TXN_9660737,Cookie,5.0,1.0,5.0,Cash,Takeaway,2023-05-19,Spring
8350,TXN_3287282,Tea,2.0,1.5,3.0,Digital Wallet,Takeaway,2023-09-23,Autumn
8351,TXN_7368518,Coffee,3.0,3.0,9.0,Digital Wallet,Takeaway,2023-03-14,Spring
8352,TXN_6068074,Smoothie,2.0,4.0,8.0,Cash,In-store,2023-06-01,Summer
8353,TXN_2265329,Coffee,5.0,3.0,15.0,Credit Card,Takeaway,2023-12-23,Winter
8354,TXN_8500316,Smoothie,4.0,4.0,16.0,Digital Wallet,Takeaway,2023-03-10,Spring
8355,TXN_4235472,Salad,5.0,5.0,25.0,Digital Wallet,Takeaway,2023-12-22,Winter
8356,TXN_1701798,Coffee,2.0,2.0,4.0,Cash,Takeaway,2023-07-24,Summer
8357,TXN_4352950,Coffee,1.0,2.0,2.0,Digital Wallet,Takeaway,2023-02-06,Winter
8358,TXN_4807899,Coffee,5.0,2.0,10.0,Digital Wallet,Takeaway,2023-07-03,Summer
8359,TXN_4916085,Coffee,1.0,3.0,3.0,Digital Wallet,Takeaway,2023-03-03,Spring
8360,TXN_2764819,Coffee,1.0,3.0,3.0,Credit Card,Takeaway,2023-02-23,Winter
8361,TXN_2102950,Coffee,5.0,2.0,10.0,Digital Wallet,Takeaway,2023-12-07,Winter
8362,TXN_5530180,Cookie,5.0,1.0,5.0,Digital Wallet,In-store,2023-09-06,Autumn
8363,TXN_6774559,Cookie,2.0,1.0,2.0,Digital Wallet,Takeaway,2023-02-18,Winter
8364,TXN_7914312,Smoothie,5.0,4.0,20.0,Digital Wallet,In-store,2023-06-06,Summer
8365,TXN_5282804,Smoothie,1.0,4.0,4.0,Credit Card,Takeaway,2023-12-01,Winter
8366,TXN_6526078,Smoothie,5.0,4.0,20.0,Cash,Takeaway,2023-11-07,Autumn
8368,TXN_7668576,Coffee,2.0,3.0,6.0,Digital Wallet,Takeaway,2023-11-08,Autumn
8369,TXN_2210019,Smoothie,3.0,4.0,12.0,Cash,In-store,2023-12-05,Winter
8370,TXN_4727260,Tea,2.0,1.5,3.0,Digital Wallet,Takeaway,2023-01-30,Winter
8371,TXN_2617632,Smoothie,4.0,4.0,16.0,Digital Wallet,Takeaway,2023-10-17,Autumn
8372,TXN_5585601,Coffee,4.0,3.0,12.0,Digital Wallet,Takeaway,2023-05-28,Spring
8373,TXN_8019306,Coffee,1.0,3.0,3.0,Credit Card,Takeaway,2023-05-21,Spring
8374,TXN_6469563,Coffee,5.0,3.0,15.0,Credit Card,Takeaway,2023-03-04,Spring
8375,TXN_4059695,Salad,3.0,5.0,15.0,Cash,Takeaway,2023-12-30,Winter
8376,TXN_2393287,Coffee,2.0,3.0,6.0,Cash,Takeaway,2023-04-14,Spring
8377,TXN_3799280,Coffee,5.0,2.0,10.0,Cash,Takeaway,2023-09-23,Autumn
8379,TXN_2749862,Salad,4.0,5.0,20.0,Digital Wallet,Takeaway,2023-07-19,Summer
8380,TXN_3863625,Salad,5.0,5.0,25.0,Cash,In-store,2023-09-04,Autumn
8381,TXN_2928676,Cookie,1.0,1.0,1.0,Credit Card,Takeaway,2023-06-09,Summer
8382,TXN_4030763,Salad,2.0,5.0,10.0,Digital Wallet,Takeaway,2023-06-17,Summer
8383,TXN_6853830,Tea,5.0,1.5,7.5,Digital Wallet,In-store,2023-07-13,Summer
8384,TXN_3877643,Coffee,4.0,3.0,12.0,Cash,In-store,2023-11-15,Autumn
8385,TXN_9395554,Coffee,4.0,2.0,8.0,Cash,Takeaway,2023-03-31,Spring
8386,TXN_3755657,Smoothie,2.0,4.0,8.0,Digital Wallet,In-store,2023-03-24,Spring
8387,TXN_6987232,Coffee,5.0,3.0,15.0,Digital Wallet,Takeaway,2023-06-02,Summer
8388,TXN_8045032,Coffee,4.0,3.0,12.0,Digital Wallet,In-store,2023-02-20,Winter
8389,TXN_3288233,Coffee,5.0,3.0,15.0,Cash,Takeaway,2023-12-24,Winter
8390,TXN_4231121,Coffee,4.0,2.0,8.0,Digital Wallet,Takeaway,2023-09-01,Autumn
8391,TXN_8932087,Coffee,1.0,3.0,3.0,Digital Wallet,Takeaway,2023-10-30,Autumn
8392,TXN_6189486,Smoothie,5.0,4.0,20.0,Digital Wallet,Takeaway,2023-03-23,Spring
8393,TXN_2489067,Coffee,2.0,3.0,6.0,Digital Wallet,Takeaway,2023-07-05,Summer
8394,TXN_7293600,Coffee,3.0,3.0,9.0,Digital Wallet,Takeaway,2023-10-28,Autumn
8396,TXN_5279293,Smoothie,3.0,4.0,12.0,Digital Wallet,Takeaway,2023-11-11,Autumn
8397,TXN_3488082,Smoothie,1.0,4.0,4.0,Digital Wallet,In-store,2023-04-12,Spring
8398,TXN_3342106,Smoothie,1.0,4.0,4.0,Credit Card,In-store,2023-01-14,Winter
8399,TXN_3713880,Salad,5.0,5.0,25.0,Digital Wallet,In-store,2023-06-30,Summer
8400,TXN_1967032,Tea,1.0,1.5,1.5,Digital Wallet,Takeaway,2023-01-12,Winter
8401,TXN_6587151,Smoothie,4.0,4.0,16.0,Credit Card,Takeaway,2023-10-07,Autumn
8402,TXN_2630698,Smoothie,2.0,4.0,8.0,Digital Wallet,Takeaway,2023-08-22,Summer
8403,TXN_3632558,Coffee,2.0,2.0,4.0,Cash,Takeaway,2023-08-10,Summer
8404,TXN_8228500,Tea,3.0,1.5,4.5,Digital Wallet,In-store,2023-04-15,Spring
8406,TXN_3543930,Coffee,2.0,3.0,6.0,Credit Card,Takeaway,2023-10-10,Autumn
8407,TXN_1037464,Smoothie,5.0,4.0,20.0,Digital Wallet,Takeaway,2023-02-14,Winter
8408,TXN_3508619,Smoothie,4.0,4.0,16.0,Digital Wallet,Takeaway,2023-09-04,Autumn
8409,TXN_4553403,Coffee,5.0,2.0,10.0,Digital Wallet,In-store,2023-06-20,Summer
8410,TXN_5747509,Cookie,2.0,1.0,2.0,Cash,In-store,2023-10-30,Autumn
8411,TXN_7910572,Smoothie,4.0,4.0,16.0,Digital Wallet,Takeaway,2023-07-07,Summer
8412,TXN_9012517,Coffee,2.0,2.0,4.0,Credit Card,In-store,2023-10-21,Autumn
8413,TXN_8237192,Smoothie,3.0,4.0,12.0,Digital Wallet,Takeaway,2023-10-03,Autumn
8414,TXN_5303092,Tea,2.0,1.5,3.0,Credit Card,In-store,2023-05-05,Spring
8415,TXN_3136657,Coffee,2.0,3.0,6.0,Cash,In-store,2023-09-21,Autumn
8416,TXN_3865641,Coffee,5.0,3.0,15.0,Digital Wallet,In-store,2023-09-15,Autumn
8417,TXN_1049697,Tea,3.0,1.5,4.5,Cash,In-store,2023-10-08,Autumn
8418,TXN_3420316,Smoothie,3.0,4.0,12.0,Digital Wallet,Takeaway,2023-10-31,Autumn
8419,TXN_6568307,Coffee,1.0,2.0,2.0,Cash,In-store,2023-07-16,Summer
8420,TXN_8281347,Coffee,4.0,3.0,12.0,Credit Card,In-store,2023-08-11,Summer
8421,TXN_8353202,Smoothie,4.0,4.0,16.0,Digital Wallet,In-store,2023-06-14,Summer
8422,TXN_7377398,Coffee,2.0,3.0,6.0,Cash,Takeaway,2023-02-26,Winter
8423,TXN_6915068,Coffee,2.0,3.0,6.0,Cash,In-store,2023-11-26,Autumn
8424,TXN_8704802,Smoothie,3.0,4.0,12.0,Digital Wallet,Takeaway,2023-08-30,Summer
8425,TXN_1983422,Cookie,2.0,1.0,2.0,Digital Wallet,In-store,2023-06-26,Summer
8426,TXN_1603186,Coffee,3.0,3.0,9.0,Cash,Takeaway,2023-10-13,Autumn
8427,TXN_5572520,Smoothie,5.0,4.0,20.0,Cash,Takeaway,2023-05-14,Spring
8428,TXN_2021680,Coffee,3.0,3.0,9.0,Digital Wallet,Takeaway,2023-08-16,Summer
8429,TXN_9220900,Cookie,4.0,1.0,4.0,Digital Wallet,Takeaway,2023-06-19,Summer
8430,TXN_6123007,Coffee,3.0,2.0,6.0,Digital Wallet,Takeaway,2023-05-28,Spring
8431,TXN_2832660,Smoothie,2.0,4.0,8.0,Credit Card,Takeaway,2023-01-08,Winter
8432,TXN_7697496,Salad,1.0,5.0,5.0,Digital Wallet,Takeaway,2023-06-18,Summer
8433,TXN_9802838,Tea,1.0,1.5,1.5,Digital Wallet,Takeaway,2023-02-15,Winter
8434,TXN_4011509,Smoothie,4.0,4.0,16.0,Digital Wallet,Takeaway,2023-11-10,Autumn
8435,TXN_6786730,Coffee,1.0,2.0,2.0,Credit Card,Takeaway,2023-04-15,Spring
8436,TXN_3641356,Coffee,3.0,3.0,9.0,Credit Card,In-store,2023-07-26,Summer
8437,TXN_8245502,Salad,1.0,5.0,5.0,Credit Card,Takeaway,2023-03-16,Spring
8438,TXN_3645818,Cookie,1.0,1.0,1.0,Digital Wallet,Takeaway,2023-03-18,Spring
8439,TXN_1318238,Smoothie,1.0,4.0,4.0,Digital Wallet,Takeaway,2023-09-23,Autumn
8440,TXN_1970180,Coffee,2.0,3.0,6.0,Digital Wallet,Takeaway,2023-08-02,Summer
8441,TXN_5415223,Tea,2.0,1.5,3.0,Cash,In-store,2023-09-02,Autumn
8442,TXN_4777601,Tea,1.0,1.5,1.5,Credit Card,In-store,2023-08-18,Summer
8444,TXN_5110688,Salad,3.0,5.0,15.0,Digital Wallet,Takeaway,2023-05-09,Spring
8445,TXN_7497122,Smoothie,5.0,4.0,20.0,Digital Wallet,Takeaway,2023-03-23,Spring
8446,TXN_4870483,Coffee,1.0,2.0,2.0,Digital Wallet,Takeaway,2023-03-03,Spring
8447,TXN_3003979,Tea,1.0,1.5,1.5,Digital Wallet,Takeaway,2023-01-08,Winter
8448,TXN_3838923,Coffee,4.0,3.0,12.0,Digital Wallet,Takeaway,2023-06-03,Summer
8449,TXN_1998143,Cookie,1.0,1.0,1.0,Digital Wallet,In-store,2023-12-10,Winter
8450,TXN_2458782,Salad,1.0,5.0,5.0,Cash,Takeaway,2023-04-15,Spring
8451,TXN_1256513,Coffee,4.0,2.0,8.0,Credit Card,In-store,2023-02-21,Winter
8453,TXN_9432758,Cookie,3.0,1.0,3.0,Cash,Takeaway,2023-10-02,Autumn
8454,TXN_1254663,Coffee,3.0,2.0,6.0,Digital Wallet,Takeaway,2023-08-15,Summer
8455,TXN_7174856,Smoothie,1.0,4.0,4.0,Cash,Takeaway,2023-05-03,Spring
8456,TXN_5548756,Cookie,4.0,1.0,4.0,Credit Card,Takeaway,2023-09-09,Autumn
8457,TXN_2736267,Salad,5.0,5.0,25.0,Digital Wallet,In-store,2023-03-17,Spring
8458,TXN_7595907,Coffee,5.0,3.0,15.0,Digital Wallet,In-store,2023-04-24,Spring
8459,TXN_1990997,Salad,1.0,5.0,5.0,Digital Wallet,Takeaway,2023-03-27,Spring
8460,TXN_3820150,Tea,1.0,1.5,1.5,Digital Wallet,Takeaway,2023-05-10,Spring
8461,TXN_7325508,Salad,4.0,5.0,20.0,Credit Card,Takeaway,2023-05-27,Spring
8462,TXN_5398134,Coffee,2.0,2.0,4.0,Credit Card,Takeaway,2023-10-01,Autumn
8463,TXN_2150872,Coffee,5.0,3.0,15.0,Cash,Takeaway,2023-03-18,Spring
8466,TXN_1936447,Cookie,2.0,1.0,2.0,Cash,Takeaway,2023-10-28,Autumn
8467,TXN_8469087,Salad,2.0,5.0,10.0,Digital Wallet,Takeaway,2023-11-06,Autumn
8469,TXN_8621589,Coffee,5.0,3.0,15.0,Digital Wallet,Takeaway,2023-11-15,Autumn
8470,TXN_9901097,Coffee,1.0,2.0,2.0,Cash,Takeaway,2023-01-07,Winter
8471,TXN_8783484,Smoothie,1.0,4.0,4.0,Cash,In-store,2023-11-20,Autumn
8472,TXN_9599703,Coffee,2.0,3.0,6.0,Digital Wallet,In-store,2023-09-25,Autumn
8473,TXN_1353248,Smoothie,3.0,4.0,12.0,Cash,Takeaway,2023-09-03,Autumn
8474,TXN_2470745,Smoothie,2.0,4.0,8.0,Digital Wallet,Takeaway,2023-01-10,Winter
8475,TXN_1266598,Coffee,4.0,3.0,12.0,Digital Wallet,Takeaway,2023-04-05,Spring
8476,TXN_5445994,Coffee,1.0,3.0,3.0,Credit Card,In-store,2023-06-11,Summer
8477,TXN_5689687,Coffee,5.0,3.0,15.0,Digital Wallet,In-store,2023-06-04,Summer
8478,TXN_2208733,Coffee,1.0,3.0,3.0,Digital Wallet,Takeaway,2023-06-20,Summer
8480,TXN_4694285,Tea,3.0,1.5,4.5,Digital Wallet,In-store,2023-01-25,Winter
8481,TXN_3829375,Coffee,5.0,3.0,15.0,Cash,Takeaway,2023-12-18,Winter
8482,TXN_1932224,Coffee,1.0,2.0,2.0,Credit Card,Takeaway,2023-09-09,Autumn
8483,TXN_5468153,Smoothie,5.0,4.0,20.0,Digital Wallet,In-store,2023-12-15,Winter
8484,TXN_9363711,Coffee,5.0,2.0,10.0,Digital Wallet,Takeaway,2023-11-23,Autumn
8485,TXN_6845073,Cookie,1.0,1.0,1.0,Credit Card,In-store,2023-04-05,Spring
8487,TXN_1691313,Smoothie,2.0,4.0,8.0,Digital Wallet,Takeaway,2023-03-17,Spring
8488,TXN_4007522,Coffee,2.0,3.0,6.0,Cash,Takeaway,2023-12-20,Winter
8489,TXN_3175177,Coffee,3.0,3.0,9.0,Credit Card,Takeaway,2023-10-24,Autumn
8490,TXN_9282265,Salad,2.0,5.0,10.0,Credit Card,Takeaway,2023-03-20,Spring
8491,TXN_8265257,Coffee,1.0,2.0,2.0,Digital Wallet,In-store,2023-10-25,Autumn
8492,TXN_5425668,Cookie,5.0,1.0,5.0,Cash,Takeaway,2023-04-09,Spring
8493,TXN_7738455,Tea,3.0,1.5,4.5,Digital Wallet,Takeaway,2023-06-05,Summer
8494,TXN_7349681,Salad,1.0,5.0,5.0,Cash,In-store,2023-08-09,Summer
8495,TXN_2660576,Smoothie,1.0,4.0,4.0,Digital Wallet,Takeaway,2023-05-15,Spring
8496,TXN_2101934,Smoothie,4.0,4.0,16.0,Cash,In-store,2023-11-27,Autumn
8498,TXN_6110108,Tea,5.0,1.5,7.5,Digital Wallet,Takeaway,2023-02-10,Winter
8499,TXN_9205425,Smoothie,3.0,4.0,12.0,Digital Wallet,Takeaway,2023-09-16,Autumn
8500,TXN_9306482,Smoothie,2.0,4.0,8.0,Digital Wallet,Takeaway,2023-01-16,Winter
8501,TXN_8407849,Cookie,2.0,1.0,2.0,Digital Wallet,Takeaway,2023-05-05,Spring
8502,TXN_3162244,Smoothie,5.0,4.0,20.0,Digital Wallet,In-store,2023-12-15,Winter
8503,TXN_9121687,Smoothie,2.0,4.0,8.0,Digital Wallet,In-store,2023-05-13,Spring
8504,TXN_3182191,Coffee,5.0,3.0,15.0,Digital Wallet,Takeaway,2023-07-21,Summer
8505,TXN_4734366,Smoothie,1.0,4.0,4.0,Credit Card,Takeaway,2023-08-20,Summer
8506,TXN_4430006,Coffee,5.0,3.0,15.0,Digital Wallet,Takeaway,2023-01-14,Winter
8507,TXN_7341975,Coffee,2.0,3.0,6.0,Digital Wallet,Takeaway,2023-07-29,Summer
8508,TXN_8787149,Coffee,1.0,3.0,3.0,Digital Wallet,Takeaway,2023-04-20,Spring
8509,TXN_4224284,Cookie,2.0,1.0,2.0,Digital Wallet,Takeaway,2023-09-04,Autumn
8510,TXN_2177436,Coffee,1.0,3.0,3.0,Digital Wallet,Takeaway,2023-03-13,Spring
8511,TXN_5097542,Coffee,5.0,3.0,15.0,Cash,Takeaway,2023-05-15,Spring
8512,TXN_4260738,Coffee,2.0,2.0,4.0,Digital Wallet,In-store,2023-11-15,Autumn
8513,TXN_5402821,Salad,4.0,5.0,20.0,Digital Wallet,Takeaway,2023-11-29,Autumn
8514,TXN_4130343,Coffee,4.0,2.0,8.0,Credit Card,In-store,2023-12-08,Winter
8515,TXN_3028667,Coffee,2.0,3.0,6.0,Digital Wallet,Takeaway,2023-11-24,Autumn
8516,TXN_8592808,Smoothie,1.0,4.0,4.0,Credit Card,Takeaway,2023-04-02,Spring
8517,TXN_5875201,Smoothie,1.0,4.0,4.0,Digital Wallet,In-store,2023-01-31,Winter
8518,TXN_6849062,Coffee,5.0,2.0,10.0,Cash,Takeaway,2023-07-30,Summer
8519,TXN_4336844,Smoothie,4.0,4.0,16.0,Digital Wallet,Takeaway,2023-07-09,Summer
8520,TXN_6090715,Coffee,3.0,3.0,9.0,Credit Card,In-store,2023-11-14,Autumn
8521,TXN_9162014,Coffee,1.0,3.0,3.0,Cash,Takeaway,2023-07-21,Summer
8522,TXN_4751689,Smoothie,5.0,4.0,20.0,Cash,In-store,2023-07-28,Summer
8523,TXN_2200163,Coffee,4.0,2.0,8.0,Cash,Takeaway,2023-03-13,Spring
8524,TXN_7310903,Smoothie,3.0,4.0,12.0,Credit Card,Takeaway,2023-09-10,Autumn
8525,TXN_7155957,Salad,5.0,5.0,25.0,Digital Wallet,In-store,2023-02-22,Winter
8526,TXN_4350828,Coffee,2.0,3.0,6.0,Digital Wallet,In-store,2023-02-16,Winter
8527,TXN_7539585,Smoothie,5.0,4.0,20.0,Digital Wallet,Takeaway,2023-10-20,Autumn
8528,TXN_6868763,Coffee,3.0,3.0,9.0,Digital Wallet,In-store,2023-01-13,Winter
8529,TXN_6156180,Coffee,5.0,2.0,10.0,Cash,Takeaway,2023-07-25,Summer
8530,TXN_4970127,Tea,1.0,1.5,1.5,Digital Wallet,In-store,2023-12-09,Winter
8531,TXN_9567719,Smoothie,5.0,4.0,20.0,Digital Wallet,In-store,2023-01-24,Winter
8532,TXN_2950265,Salad,3.0,5.0,15.0,Credit Card,Takeaway,2023-08-23,Summer
8533,TXN_1556609,Smoothie,1.0,4.0,4.0,Digital Wallet,Takeaway,2023-07-21,Summer
8534,TXN_2203547,Coffee,3.0,3.0,9.0,Digital Wallet,In-store,2023-07-01,Summer
8535,TXN_1084010,Smoothie,2.0,4.0,8.0,Credit Card,In-store,2023-08-11,Summer
8536,TXN_4218637,Tea,5.0,1.5,7.5,Cash,Takeaway,2023-08-31,Summer
8537,TXN_2245465,Salad,2.0,5.0,10.0,Digital Wallet,Takeaway,2023-12-27,Winter
8538,TXN_4742049,Coffee,1.0,3.0,3.0,Credit Card,Takeaway,2023-09-10,Autumn
8539,TXN_9889005,Coffee,3.0,3.0,9.0,Digital Wallet,Takeaway,2023-12-16,Winter
8540,TXN_4840522,Smoothie,3.0,4.0,12.0,Digital Wallet,In-store,2023-06-16,Summer
8541,TXN_2585392,Salad,4.0,5.0,20.0,Digital Wallet,Takeaway,2023-07-12,Summer
8542,TXN_3135264,Coffee,2.0,3.0,6.0,Digital Wallet,Takeaway,2023-08-25,Summer
8543,TXN_2180562,Salad,2.0,5.0,10.0,Digital Wallet,Takeaway,2023-07-02,Summer
8544,TXN_5905580,Cookie,3.0,1.0,3.0,Cash,Takeaway,2023-02-20,Winter
8545,TXN_5993677,Coffee,4.0,3.0,12.0,Digital Wallet,Takeaway,2023-01-28,Winter
8546,TXN_8984991,Smoothie,3.0,4.0,12.0,Credit Card,Takeaway,2023-05-17,Spring
8547,TXN_3522597,Tea,3.0,1.5,4.5,Digital Wallet,In-store,2023-02-04,Winter
8548,TXN_6123633,Salad,3.0,5.0,15.0,Digital Wallet,Takeaway,2023-01-16,Winter
8549,TXN_6769554,Coffee,5.0,2.0,10.0,Credit Card,Takeaway,2023-02-06,Winter
8550,TXN_5761414,Smoothie,1.0,4.0,4.0,Digital Wallet,Takeaway,2023-10-02,Autumn
8551,TXN_5157516,Salad,3.0,5.0,15.0,Digital Wallet,In-store,2023-10-09,Autumn
8552,TXN_2614633,Coffee,4.0,2.0,8.0,Digital Wallet,In-store,2023-04-23,Spring
8553,TXN_3781240,Coffee,5.0,3.0,15.0,Digital Wallet,Takeaway,2023-05-27,Spring
8554,TXN_7068823,Smoothie,4.0,4.0,16.0,Digital Wallet,Takeaway,2023-06-28,Summer
8555,TXN_2085081,Coffee,2.0,3.0,6.0,Cash,Takeaway,2023-03-14,Spring
8556,TXN_3399636,Coffee,3.0,3.0,9.0,Digital Wallet,Takeaway,2023-08-07,Summer
8557,TXN_8587529,Cookie,2.0,1.0,2.0,Credit Card,Takeaway,2023-07-09,Summer
8558,TXN_1476775,Salad,3.0,5.0,15.0,Credit Card,Takeaway,2023-11-01,Autumn
8559,TXN_6945985,Tea,3.0,1.5,4.5,Digital Wallet,In-store,2023-02-13,Winter
8560,TXN_4117627,Coffee,3.0,3.0,9.0,Credit Card,In-store,2023-06-22,Summer
8561,TXN_7530300,Coffee,3.0,2.0,6.0,Digital Wallet,Takeaway,2023-05-08,Spring
8562,TXN_7071783,Cookie,4.0,1.0,4.0,Cash,Takeaway,2023-07-04,Summer
8563,TXN_3676305,Salad,5.0,5.0,25.0,Credit Card,Takeaway,2023-06-14,Summer
8564,TXN_8867827,Tea,1.0,1.5,1.5,Digital Wallet,Takeaway,2023-01-14,Winter
8565,TXN_9061106,Coffee,4.0,3.0,12.0,Digital Wallet,Takeaway,2023-11-04,Autumn
8566,TXN_1245485,Coffee,1.0,3.0,3.0,Digital Wallet,Takeaway,2023-05-15,Spring
8567,TXN_1357780,Tea,4.0,1.5,6.0,Digital Wallet,In-store,2023-10-23,Autumn
8568,TXN_4075053,Smoothie,3.0,4.0,12.0,Digital Wallet,Takeaway,2023-02-27,Winter
8569,TXN_6113724,Coffee,1.0,2.0,2.0,Digital Wallet,Takeaway,2023-03-26,Spring
8570,TXN_6496176,Cookie,4.0,1.0,4.0,Digital Wallet,In-store,2023-07-26,Summer
8571,TXN_2381411,Coffee,5.0,2.0,10.0,Cash,In-store,2023-07-30,Summer
8572,TXN_9210096,Smoothie,3.0,4.0,12.0,Digital Wallet,Takeaway,2023-05-25,Spring
8573,TXN_4563544,Smoothie,5.0,4.0,20.0,Digital Wallet,Takeaway,2023-06-10,Summer
8576,TXN_2168277,Cookie,1.0,1.0,1.0,Digital Wallet,Takeaway,2023-06-02,Summer
8577,TXN_9178545,Coffee,4.0,3.0,12.0,Cash,In-store,2023-01-24,Winter
8578,TXN_8535886,Tea,5.0,1.5,7.5,Credit Card,In-store,2023-05-13,Spring
8580,TXN_7978452,Coffee,5.0,3.0,15.0,Digital Wallet,Takeaway,2023-10-03,Autumn
8581,TXN_8488163,Smoothie,4.0,4.0,16.0,Digital Wallet,Takeaway,2023-01-19,Winter
8582,TXN_6926855,Smoothie,3.0,4.0,12.0,Cash,Takeaway,2023-01-12,Winter
8583,TXN_9869593,Coffee,2.0,3.0,6.0,Digital Wallet,Takeaway,2023-10-03,Autumn
8584,TXN_3055407,Tea,2.0,1.5,3.0,Digital Wallet,Takeaway,2023-06-03,Summer
8585,TXN_4981027,Coffee,3.0,2.0,6.0,Digital Wallet,Takeaway,2023-08-02,Summer
8586,TXN_5332773,Coffee,2.0,2.0,4.0,Digital Wallet,Takeaway,2023-05-04,Spring
8587,TXN_5946554,Coffee,2.0,3.0,6.0,Digital Wallet,Takeaway,2023-03-01,Spring
8588,TXN_7508715,Smoothie,2.0,4.0,8.0,Cash,In-store,2023-12-11,Winter
8589,TXN_9728789,Cookie,3.0,1.0,3.0,Cash,In-store,2023-03-29,Spring
8590,TXN_8061866,Salad,4.0,5.0,20.0,Cash,Takeaway,2023-12-13,Winter
8591,TXN_8961034,Coffee,2.0,3.0,6.0,Digital Wallet,Takeaway,2023-01-21,Winter
8592,TXN_1099119,Smoothie,4.0,4.0,16.0,Cash,Takeaway,2023-02-09,Winter
8593,TXN_2421387,Cookie,4.0,1.0,4.0,Digital Wallet,Takeaway,2023-04-09,Spring
8594,TXN_8627017,Tea,4.0,1.5,6.0,Cash,In-store,2023-01-28,Winter
8595,TXN_7468084,Coffee,5.0,2.0,10.0,Credit Card,Takeaway,2023-06-14,Summer
8596,TXN_1185069,Salad,1.0,5.0,5.0,Digital Wallet,Takeaway,2023-02-21,Winter
8597,TXN_5100941,Cookie,5.0,1.0,5.0,Digital Wallet,Takeaway,2023-07-11,Summer
8598,TXN_6428745,Coffee,1.0,3.0,3.0,Digital Wallet,Takeaway,2023-06-02,Summer
8599,TXN_4096757,Salad,5.0,5.0,25.0,Credit Card,In-store,2023-07-20,Summer
8600,TXN_6057914,Smoothie,2.0,4.0,8.0,Digital Wallet,Takeaway,2023-03-18,Spring
8601,TXN_2517078,Smoothie,2.0,4.0,8.0,Digital Wallet,In-store,2023-03-07,Spring
8602,TXN_2890321,Tea,3.0,1.5,4.5,Cash,In-store,2023-06-13,Summer
8603,TXN_4808812,Smoothie,4.0,4.0,16.0,Digital Wallet,Takeaway,2023-05-31,Spring
8604,TXN_1866707,Smoothie,3.0,4.0,12.0,Cash,Takeaway,2023-06-05,Summer
8605,TXN_9745609,Salad,3.0,5.0,15.0,Digital Wallet,Takeaway,2023-02-05,Winter
8606,TXN_8488298,Coffee,3.0,3.0,9.0,Cash,Takeaway,2023-11-03,Autumn
8607,TXN_2515796,Tea,3.0,1.5,4.5,Credit Card,Takeaway,2023-02-06,Winter
8608,TXN_2369294,Smoothie,2.0,4.0,8.0,Cash,Takeaway,2023-09-07,Autumn
8609,TXN_9444736,Tea,5.0,1.5,7.5,Credit Card,Takeaway,2023-04-23,Spring
8610,TXN_4764398,Smoothie,2.0,4.0,8.0,Credit Card,Takeaway,2023-06-13,Summer
8611,TXN_8696392,Coffee,1.0,3.0,3.0,Digital Wallet,Takeaway,2023-04-16,Spring
8612,TXN_1993675,Cookie,3.0,1.0,3.0,Cash,Takeaway,2023-01-09,Winter
8613,TXN_7754136,Cookie,1.0,1.0,1.0,Credit Card,In-store,2023-07-12,Summer
8614,TXN_4873173,Coffee,5.0,2.0,10.0,Cash,Takeaway,2023-10-08,Autumn
8615,TXN_7221126,Tea,5.0,1.5,7.5,Digital Wallet,In-store,2023-10-11,Autumn
8616,TXN_4537288,Cookie,1.0,1.0,1.0,Cash,Takeaway,2023-02-25,Winter
8618,TXN_5079166,Salad,5.0,5.0,25.0,Credit Card,Takeaway,2023-04-15,Spring
8619,TXN_4597600,Cookie,5.0,1.0,5.0,Digital Wallet,Takeaway,2023-11-15,Autumn
8620,TXN_6568440,Cookie,1.0,1.0,1.0,Digital Wallet,Takeaway,2023-06-15,Summer
8621,TXN_1713639,Cookie,1.0,1.0,1.0,Digital Wallet,Takeaway,2023-08-04,Summer
8622,TXN_4780352,Salad,1.0,5.0,5.0,Digital Wallet,Takeaway,2023-01-12,Winter
8623,TXN_6419344,Coffee,1.0,3.0,3.0,Cash,In-store,2023-05-26,Spring
8624,TXN_3669068,Coffee,5.0,3.0,15.0,Cash,Takeaway,2023-01-17,Winter
8625,TXN_2201248,Tea,1.0,1.5,1.5,Cash,Takeaway,2023-07-20,Summer
8626,TXN_4432252,Smoothie,5.0,4.0,20.0,Credit Card,Takeaway,2023-02-16,Winter
8627,TXN_6595038,Cookie,2.0,1.0,2.0,Digital Wallet,Takeaway,2023-02-08,Winter
8628,TXN_2940895,Coffee,4.0,3.0,12.0,Digital Wallet,Takeaway,2023-02-20,Winter
8630,TXN_4069354,Salad,1.0,5.0,5.0,Digital Wallet,Takeaway,2023-08-18,Summer
8631,TXN_9737509,Tea,5.0,1.5,7.5,Digital Wallet,In-store,2023-11-27,Autumn
8632,TXN_8749404,Coffee,4.0,2.0,8.0,Digital Wallet,In-store,2023-12-16,Winter
8633,TXN_2069068,Coffee,5.0,3.0,15.0,Digital Wallet,In-store,2023-06-15,Summer
8634,TXN_7010812,Salad,2.0,5.0,10.0,Digital Wallet,In-store,2023-11-13,Autumn
8635,TXN_6411385,Salad,4.0,5.0,20.0,Cash,Takeaway,2023-06-06,Summer
8636,TXN_4375698,Smoothie,5.0,4.0,20.0,Credit Card,In-store,2023-12-30,Winter
8637,TXN_4768744,Tea,5.0,1.5,7.5,Cash,In-store,2023-05-14,Spring
8638,TXN_5260646,Tea,4.0,1.5,6.0,Cash,Takeaway,2023-11-18,Autumn
8639,TXN_2393219,Coffee,4.0,3.0,12.0,Digital Wallet,In-store,2023-12-27,Winter
8640,TXN_4544172,Coffee,1.0,3.0,3.0,Digital Wallet,Takeaway,2023-05-20,Spring
8641,TXN_1180623,Smoothie,5.0,4.0,20.0,Digital Wallet,In-store,2023-09-23,Autumn
8642,TXN_8275137,Salad,4.0,5.0,20.0,Cash,Takeaway,2023-11-16,Autumn
8643,TXN_3758861,Smoothie,3.0,4.0,12.0,Credit Card,Takeaway,2023-07-03,Summer
8644,TXN_6279736,Salad,1.0,5.0,5.0,Digital Wallet,Takeaway,2023-08-25,Summer
8645,TXN_8661276,Cookie,1.0,1.0,1.0,Digital Wallet,In-store,2023-01-07,Winter
8646,TXN_5974796,Smoothie,4.0,4.0,16.0,Cash,In-store,2023-11-09,Autumn
8647,TXN_9880967,Cookie,3.0,1.0,3.0,Credit Card,In-store,2023-01-15,Winter
8648,TXN_5452978,Salad,2.0,5.0,10.0,Cash,In-store,2023-04-10,Spring
8649,TXN_7231153,Salad,1.0,5.0,5.0,Cash,In-store,2023-06-15,Summer
8650,TXN_6455517,Coffee,2.0,3.0,6.0,Cash,Takeaway,2023-08-04,Summer
8651,TXN_4038488,Coffee,3.0,3.0,9.0,Credit Card,Takeaway,2023-12-05,Winter
8652,TXN_3933290,Coffee,1.0,2.0,2.0,Digital Wallet,Takeaway,2023-08-05,Summer
8653,TXN_9655661,Coffee,1.0,3.0,3.0,Digital Wallet,Takeaway,2023-06-07,Summer
8654,TXN_7932830,Coffee,2.0,3.0,6.0,Digital Wallet,Takeaway,2023-01-08,Winter
8655,TXN_1931190,Cookie,3.0,1.0,3.0,Digital Wallet,Takeaway,2023-12-31,Winter
8656,TXN_8633758,Salad,1.0,5.0,5.0,Credit Card,Takeaway,2023-09-24,Autumn
8657,TXN_4887189,Smoothie,3.0,4.0,12.0,Cash,Takeaway,2023-07-19,Summer
8658,TXN_7687146,Coffee,1.0,2.0,2.0,Digital Wallet,Takeaway,2023-12-02,Winter
8659,TXN_9728414,Tea,1.0,1.5,1.5,Credit Card,Takeaway,2023-01-11,Winter
8660,TXN_3081950,Cookie,1.0,1.0,1.0,Digital Wallet,Takeaway,2023-05-01,Spring
8661,TXN_7589318,Coffee,4.0,3.0,12.0,Cash,In-store,2023-09-21,Autumn
8662,TXN_9452972,Smoothie,3.0,4.0,12.0,Digital Wallet,Takeaway,2023-02-10,Winter
8663,TXN_9299563,Coffee,5.0,3.0,15.0,Credit Card,Takeaway,2023-03-27,Spring
8664,TXN_2273499,Coffee,3.0,2.0,6.0,Cash,Takeaway,2023-01-27,Winter
8665,TXN_3374343,Coffee,2.0,3.0,6.0,Digital Wallet,Takeaway,2023-09-02,Autumn
8666,TXN_8732269,Coffee,2.0,3.0,6.0,Credit Card,Takeaway,2023-01-11,Winter
8667,TXN_6763296,Coffee,5.0,2.0,10.0,Cash,Takeaway,2023-10-04,Autumn
8668,TXN_3758250,Salad,3.0,5.0,15.0,Cash,In-store,2023-09-08,Autumn
8670,TXN_8697749,Cookie,3.0,1.0,3.0,Digital Wallet,Takeaway,2023-07-24,Summer
8671,TXN_6904247,Smoothie,3.0,4.0,12.0,Credit Card,Takeaway,2023-09-19,Autumn
8672,TXN_6027798,Cookie,2.0,1.0,2.0,Digital Wallet,Takeaway,2023-05-26,Spring
8673,TXN_4482692,Salad,2.0,5.0,10.0,Digital Wallet,Takeaway,2023-04-14,Spring
8674,TXN_8196921,Coffee,4.0,2.0,8.0,Credit Card,Takeaway,2023-05-19,Spring
8675,TXN_9289408,Coffee,4.0,2.0,8.0,Digital Wallet,Takeaway,2023-09-23,Autumn
8676,TXN_3771902,Coffee,5.0,3.0,15.0,Cash,Takeaway,2023-03-31,Spring
8677,TXN_8506937,Salad,1.0,5.0,5.0,Digital Wallet,In-store,2023-09-07,Autumn
8678,TXN_6706566,Cookie,3.0,1.0,3.0,Cash,Takeaway,2023-09-01,Autumn
8679,TXN_6217375,Smoothie,5.0,4.0,20.0,Cash,Takeaway,2023-12-07,Winter
8680,TXN_3779320,Tea,4.0,1.5,6.0,Credit Card,In-store,2023-03-27,Spring
8681,TXN_2894525,Coffee,3.0,3.0,9.0,Digital Wallet,Takeaway,2023-04-16,Spring
8682,TXN_9789876,Salad,4.0,5.0,20.0,Cash,Takeaway,2023-09-05,Autumn
8683,TXN_9129403,Smoothie,3.0,4.0,12.0,Credit Card,Takeaway,2023-12-05,Winter
8684,TXN_2944325,Smoothie,4.0,4.0,16.0,Cash,Takeaway,2023-12-18,Winter
8685,TXN_5591155,Smoothie,4.0,4.0,16.0,Digital Wallet,Takeaway,2023-05-14,Spring
8686,TXN_6532832,Cookie,5.0,1.0,5.0,Cash,In-store,2023-06-23,Summer
8687,TXN_5992166,Coffee,5.0,3.0,15.0,Cash,Takeaway,2023-10-01,Autumn
8688,TXN_6895165,Coffee,3.0,2.0,6.0,Credit Card,Takeaway,2023-02-18,Winter
8689,TXN_3410147,Coffee,1.0,3.0,3.0,Digital Wallet,Takeaway,2023-09-30,Autumn
8690,TXN_6269306,Smoothie,5.0,4.0,20.0,Credit Card,Takeaway,2023-08-29,Summer
8691,TXN_2132747,Smoothie,2.0,4.0,8.0,Digital Wallet,In-store,2023-12-19,Winter
8692,TXN_6241505,Smoothie,4.0,4.0,16.0,Cash,Takeaway,2023-11-20,Autumn
8693,TXN_7965585,Smoothie,5.0,4.0,20.0,Digital Wallet,Takeaway,2023-01-30,Winter
8694,TXN_1950063,Salad,2.0,5.0,10.0,Cash,Takeaway,2023-02-24,Winter
8695,TXN_4682737,Coffee,2.0,2.0,4.0,Cash,Takeaway,2023-02-03,Winter
8696,TXN_4376376,Salad,3.0,5.0,15.0,Digital Wallet,Takeaway,2023-09-05,Autumn
8697,TXN_9061471,Coffee,1.0,3.0,3.0,Digital Wallet,Takeaway,2023-07-13,Summer
8698,TXN_8932070,Smoothie,3.0,4.0,12.0,Digital Wallet,In-store,2023-12-03,Winter
8699,TXN_8410979,Smoothie,3.0,4.0,12.0,Digital Wallet,In-store,2023-05-02,Spring
8700,TXN_3710523,Smoothie,3.0,4.0,12.0,Digital Wallet,Takeaway,2023-10-03,Autumn
8701,TXN_8014289,Coffee,5.0,3.0,15.0,Digital Wallet,In-store,2023-12-04,Winter
8702,TXN_1888294,Coffee,3.0,3.0,9.0,Cash,Takeaway,2023-07-03,Summer
8703,TXN_8628615,Coffee,1.0,2.0,2.0,Credit Card,Takeaway,2023-08-03,Summer
8704,TXN_2648236,Smoothie,2.0,4.0,8.0,Credit Card,In-store,2023-09-10,Autumn
8705,TXN_1837817,Tea,2.0,1.5,3.0,Cash,Takeaway,2023-08-13,Summer
8706,TXN_8467229,Tea,3.0,1.5,4.5,Digital Wallet,Takeaway,2023-02-02,Winter
8707,TXN_4197575,Salad,2.0,5.0,10.0,Credit Card,Takeaway,2023-01-21,Winter
8708,TXN_5863650,Tea,1.0,1.5,1.5,Digital Wallet,In-store,2023-08-09,Summer
8709,TXN_7371295,Coffee,3.0,3.0,9.0,Digital Wallet,Takeaway,2023-03-28,Spring
8710,TXN_1292476,Coffee,4.0,3.0,12.0,Digital Wallet,Takeaway,2023-09-07,Autumn
8711,TXN_4872708,Coffee,5.0,2.0,10.0,Cash,Takeaway,2023-11-16,Autumn
8712,TXN_1299936,Coffee,1.0,2.0,2.0,Digital Wallet,Takeaway,2023-03-27,Spring
8713,TXN_2199236,Smoothie,5.0,4.0,20.0,Digital Wallet,Takeaway,2023-10-06,Autumn
8714,TXN_1311237,Cookie,4.0,1.0,4.0,Credit Card,Takeaway,2023-11-11,Autumn
8715,TXN_9265423,Coffee,1.0,3.0,3.0,Digital Wallet,Takeaway,2023-10-20,Autumn
8716,TXN_5808749,Salad,1.0,5.0,5.0,Cash,Takeaway,2023-01-25,Winter
8717,TXN_7677646,Smoothie,5.0,4.0,20.0,Digital Wallet,Takeaway,2023-02-15,Winter
8718,TXN_3894165,Smoothie,5.0,4.0,20.0,Credit Card,Takeaway,2023-03-31,Spring
8719,TXN_5270067,Coffee,3.0,3.0,9.0,Digital Wallet,Takeaway,2023-03-09,Spring
8720,TXN_9326761,Tea,1.0,1.5,1.5,Digital Wallet,Takeaway,2023-01-02,Winter
8721,TXN_2168513,Coffee,1.0,3.0,3.0,Digital Wallet,In-store,2023-02-09,Winter
8722,TXN_3947116,Smoothie,1.0,4.0,4.0,Digital Wallet,Takeaway,2023-01-13,Winter
8723,TXN_7248722,Coffee,3.0,3.0,9.0,Cash,Takeaway,2023-04-06,Spring
8724,TXN_9989458,Smoothie,3.0,4.0,12.0,Cash,Takeaway,2023-02-16,Winter
8725,TXN_1850339,Cookie,5.0,1.0,5.0,Cash,Takeaway,2023-01-17,Winter
8726,TXN_9934619,Cookie,1.0,1.0,1.0,Digital Wallet,In-store,2023-02-11,Winter
8727,TXN_4551353,Tea,5.0,1.5,7.5,Digital Wallet,In-store,2023-08-17,Summer
8728,TXN_6657245,Smoothie,1.0,4.0,4.0,Digital Wallet,In-store,2023-10-25,Autumn
8729,TXN_1786141,Smoothie,4.0,4.0,16.0,Digital Wallet,Takeaway,2023-03-12,Spring
8730,TXN_6405088,Coffee,1.0,3.0,3.0,Digital Wallet,In-store,2023-07-24,Summer
8731,TXN_1185003,Coffee,5.0,3.0,15.0,Cash,Takeaway,2023-01-06,Winter
8733,TXN_9555291,Smoothie,3.0,4.0,12.0,Credit Card,Takeaway,2023-09-21,Autumn
8734,TXN_8571432,Coffee,2.0,3.0,6.0,Cash,Takeaway,2023-12-07,Winter
8735,TXN_6744096,Coffee,1.0,2.0,2.0,Digital Wallet,In-store,2023-11-15,Autumn
8736,TXN_8512204,Smoothie,4.0,4.0,16.0,Cash,Takeaway,2023-06-01,Summer
8737,TXN_3485502,Coffee,2.0,3.0,6.0,Digital Wallet,Takeaway,2023-12-25,Winter
8738,TXN_5188843,Smoothie,2.0,4.0,8.0,Cash,In-store,2023-02-06,Winter
8739,TXN_4821343,Cookie,1.0,1.0,1.0,Credit Card,In-store,2023-09-16,Autumn
8741,TXN_7791428,Smoothie,5.0,4.0,20.0,Digital Wallet,Takeaway,2023-10-10,Autumn
8742,TXN_8725610,Smoothie,2.0,4.0,8.0,Digital Wallet,Takeaway,2023-02-11,Winter
8743,TXN_8404563,Tea,1.0,1.5,1.5,Cash,In-store,2023-01-22,Winter
8744,TXN_8942133,Salad,3.0,5.0,15.0,Cash,Takeaway,2023-10-04,Autumn
8745,TXN_1122699,Salad,5.0,5.0,25.0,Digital Wallet,In-store,2023-10-14,Autumn
8746,TXN_9230208,Coffee,3.0,3.0,9.0,Credit Card,Takeaway,2023-05-13,Spring
8747,TXN_4932916,Coffee,1.0,2.0,2.0,Digital Wallet,Takeaway,2023-12-13,Winter
8748,TXN_8980468,Smoothie,5.0,4.0,20.0,Cash,Takeaway,2023-08-24,Summer
8749,TXN_4175635,Salad,3.0,5.0,15.0,Digital Wallet,Takeaway,2023-05-26,Spring
8750,TXN_2851446,Salad,2.0,5.0,10.0,Credit Card,Takeaway,2023-10-08,Autumn
8751,TXN_8359693,Smoothie,2.0,4.0,8.0,Digital Wallet,In-store,2023-10-23,Autumn
8752,TXN_9432268,Salad,4.0,5.0,20.0,Digital Wallet,Takeaway,2023-01-25,Winter
8753,TXN_2244902,Coffee,5.0,2.0,10.0,Credit Card,Takeaway,2023-02-13,Winter
8754,TXN_5561958,Smoothie,4.0,4.0,16.0,Digital Wallet,Takeaway,2023-07-24,Summer
8755,TXN_6963106,Smoothie,1.0,4.0,4.0,Cash,In-store,2023-06-01,Summer
8756,TXN_6008133,Coffee,3.0,2.0,6.0,Digital Wallet,Takeaway,2023-11-08,Autumn
8757,TXN_9119194,Coffee,3.0,3.0,9.0,Cash,Takeaway,2023-01-29,Winter
8758,TXN_2551074,Cookie,1.0,1.0,1.0,Cash,Takeaway,2023-09-17,Autumn
8759,TXN_1899827,Coffee,5.0,2.0,10.0,Credit Card,Takeaway,2023-06-24,Summer
8760,TXN_3046572,Salad,4.0,5.0,20.0,Cash,Takeaway,2023-05-16,Spring
8761,TXN_6397921,Smoothie,1.0,4.0,4.0,Digital Wallet,In-store,2023-12-01,Winter
8762,TXN_8701063,Smoothie,2.0,4.0,8.0,Digital Wallet,Takeaway,2023-08-23,Summer
8763,TXN_9157625,Tea,5.0,1.5,7.5,Credit Card,Takeaway,2023-02-10,Winter
8764,TXN_7865037,Coffee,1.0,2.0,2.0,Digital Wallet,Takeaway,2023-06-05,Summer
8765,TXN_8410376,Coffee,4.0,2.0,8.0,Digital Wallet,Takeaway,2023-07-02,Summer
8766,TXN_4192665,Coffee,1.0,2.0,2.0,Cash,Takeaway,2023-07-15,Summer
8767,TXN_5433077,Coffee,4.0,3.0,12.0,Cash,In-store,2023-11-29,Autumn
8768,TXN_1844925,Tea,5.0,1.5,7.5,Cash,Takeaway,2023-10-21,Autumn
8769,TXN_7215311,Tea,1.0,1.5,1.5,Digital Wallet,Takeaway,2023-07-31,Summer
8770,TXN_8003664,Smoothie,1.0,4.0,4.0,Credit Card,Takeaway,2023-11-26,Autumn
8771,TXN_3872616,Coffee,2.0,3.0,6.0,Digital Wallet,Takeaway,2023-10-23,Autumn
8772,TXN_3659483,Smoothie,3.0,4.0,12.0,Cash,Takeaway,2023-05-14,Spring
8773,TXN_1688499,Smoothie,2.0,4.0,8.0,Credit Card,Takeaway,2023-03-23,Spring
8774,TXN_5632556,Coffee,4.0,3.0,12.0,Digital Wallet,In-store,2023-05-16,Spring
8775,TXN_7954416,Coffee,1.0,2.0,2.0,Digital Wallet,In-store,2023-06-04,Summer
8777,TXN_7421687,Coffee,5.0,2.0,10.0,Credit Card,In-store,2023-11-18,Autumn
8778,TXN_2444134,Smoothie,2.0,4.0,8.0,Credit Card,In-store,2023-01-16,Winter
8779,TXN_3793672,Cookie,5.0,1.0,5.0,Credit Card,Takeaway,2023-01-14,Winter
8780,TXN_1903825,Salad,4.0,5.0,20.0,Digital Wallet,Takeaway,2023-04-01,Spring
8781,TXN_4267136,Tea,1.0,1.5,1.5,Credit Card,In-store,2023-08-02,Summer
8782,TXN_6281616,Coffee,4.0,2.0,8.0,Digital Wallet,Takeaway,2023-08-19,Summer
8784,TXN_3743107,Coffee,4.0,2.0,8.0,Cash,Takeaway,2023-01-14,Winter
8785,TXN_6739664,Salad,3.0,5.0,15.0,Cash,Takeaway,2023-09-12,Autumn
8786,TXN_8343149,Coffee,5.0,3.0,15.0,Digital Wallet,In-store,2023-10-28,Autumn
8789,TXN_7187140,Coffee,2.0,3.0,6.0,Credit Card,In-store,2023-05-25,Spring
8790,TXN_6988675,Coffee,1.0,2.0,2.0,Digital Wallet,In-store,2023-02-24,Winter
8792,TXN_6544160,Salad,1.0,5.0,5.0,Digital Wallet,Takeaway,2023-02-05,Winter
8793,TXN_3053494,Coffee,5.0,3.0,15.0,Digital Wallet,In-store,2023-06-11,Summer
8794,TXN_9653700,Coffee,1.0,3.0,3.0,Credit Card,Takeaway,2023-03-12,Spring
8795,TXN_4623303,Smoothie,3.0,4.0,12.0,Digital Wallet,In-store,2023-01-29,Winter
8796,TXN_7568175,Salad,1.0,5.0,5.0,Cash,In-store,2023-11-06,Autumn
8797,TXN_4968258,Smoothie,2.0,4.0,8.0,Digital Wallet,Takeaway,2023-05-14,Spring
8798,TXN_8843061,Smoothie,1.0,4.0,4.0,Cash,Takeaway,2023-11-10,Autumn
8799,TXN_5666241,Cookie,4.0,1.0,4.0,Digital Wallet,Takeaway,2023-07-18,Summer
8800,TXN_7079566,Coffee,4.0,3.0,12.0,Digital Wallet,In-store,2023-10-20,Autumn
8801,TXN_3937788,Smoothie,1.0,4.0,4.0,Cash,In-store,2023-06-27,Summer
8802,TXN_3397034,Coffee,4.0,3.0,12.0,Digital Wallet,Takeaway,2023-04-11,Spring
8803,TXN_8343414,Salad,2.0,5.0,10.0,Credit Card,Takeaway,2023-02-28,Winter
8804,TXN_4204491,Smoothie,2.0,4.0,8.0,Digital Wallet,Takeaway,2023-04-25,Spring
8805,TXN_4801327,Coffee,5.0,3.0,15.0,Cash,In-store,2023-02-03,Winter
8806,TXN_4276482,Smoothie,4.0,4.0,16.0,Digital Wallet,Takeaway,2023-08-26,Summer
8807,TXN_6025054,Coffee,1.0,2.0,2.0,Credit Card,Takeaway,2023-03-10,Spring
8808,TXN_1485725,Salad,5.0,5.0,25.0,Digital Wallet,In-store,2023-12-10,Winter
8809,TXN_9929033,Coffee,2.0,2.0,4.0,Cash,Takeaway,2023-02-17,Winter
8810,TXN_1888706,Cookie,1.0,1.0,1.0,Digital Wallet,Takeaway,2023-11-26,Autumn
8811,TXN_7495804,Coffee,3.0,3.0,9.0,Credit Card,Takeaway,2023-11-24,Autumn
8812,TXN_5133476,Coffee,4.0,3.0,12.0,Digital Wallet,Takeaway,2023-03-17,Spring
8813,TXN_5542500,Smoothie,3.0,4.0,12.0,Credit Card,Takeaway,2023-07-19,Summer
8814,TXN_5895330,Salad,5.0,5.0,25.0,Digital Wallet,In-store,2023-05-12,Spring
8815,TXN_5351447,Salad,4.0,5.0,20.0,Digital Wallet,Takeaway,2023-07-20,Summer
8816,TXN_8505782,Cookie,2.0,1.0,2.0,Digital Wallet,In-store,2023-11-24,Autumn
8817,TXN_8365530,Smoothie,4.0,4.0,16.0,Digital Wallet,Takeaway,2023-03-10,Spring
8818,TXN_2357107,Smoothie,1.0,4.0,4.0,Digital Wallet,In-store,2023-07-05,Summer
8819,TXN_1371708,Cookie,2.0,1.0,2.0,Digital Wallet,Takeaway,2023-03-14,Spring
8820,TXN_6265785,Salad,5.0,5.0,25.0,Credit Card,Takeaway,2023-08-26,Summer
8821,TXN_6806563,Coffee,1.0,2.0,2.0,Digital Wallet,Takeaway,2023-04-16,Spring
8822,TXN_8183734,Cookie,2.0,1.0,2.0,Digital Wallet,In-store,2023-08-25,Summer
8823,TXN_6882503,Tea,1.0,1.5,1.5,Digital Wallet,In-store,2023-01-02,Winter
8824,TXN_2785654,Tea,1.0,1.5,1.5,Credit Card,Takeaway,2023-02-21,Winter
8825,TXN_1453579,Smoothie,5.0,4.0,20.0,Digital Wallet,Takeaway,2023-01-21,Winter
8826,TXN_1121833,Coffee,4.0,2.0,8.0,Credit Card,In-store,2023-03-16,Spring
8827,TXN_1277989,Tea,5.0,1.5,7.5,Digital Wallet,In-store,2023-08-09,Summer
8828,TXN_8249996,Cookie,4.0,1.0,4.0,Digital Wallet,Takeaway,2023-09-19,Autumn
8829,TXN_7471281,Smoothie,5.0,4.0,20.0,Digital Wallet,Takeaway,2023-06-16,Summer
8830,TXN_1512159,Coffee,2.0,3.0,6.0,Credit Card,In-store,2023-11-25,Autumn
8831,TXN_4008899,Salad,4.0,5.0,20.0,Digital Wallet,Takeaway,2023-05-07,Spring
8832,TXN_4566950,Coffee,2.0,2.0,4.0,Cash,Takeaway,2023-09-29,Autumn
8833,TXN_6648081,Salad,4.0,5.0,20.0,Digital Wallet,Takeaway,2023-04-24,Spring
8834,TXN_5094936,Coffee,4.0,2.0,8.0,Digital Wallet,In-store,2023-07-12,Summer
8835,TXN_8154928,Tea,3.0,1.5,4.5,Credit Card,Takeaway,2023-07-26,Summer
8836,TXN_6550707,Coffee,1.0,2.0,2.0,Digital Wallet,Takeaway,2023-03-01,Spring
8837,TXN_3676019,Coffee,4.0,3.0,12.0,Digital Wallet,Takeaway,2023-11-07,Autumn
8838,TXN_2486026,Tea,5.0,1.5,7.5,Digital Wallet,In-store,2023-03-26,Spring
8839,TXN_9644830,Cookie,1.0,1.0,1.0,Digital Wallet,Takeaway,2023-11-24,Autumn
8840,TXN_3219378,Salad,3.0,5.0,15.0,Digital Wallet,In-store,2023-12-04,Winter
8841,TXN_6372515,Cookie,1.0,1.0,1.0,Digital Wallet,In-store,2023-11-22,Autumn
8842,TXN_4692681,Tea,2.0,1.5,3.0,Digital Wallet,Takeaway,2023-06-02,Summer
8843,TXN_9364172,Tea,4.0,1.5,6.0,Digital Wallet,Takeaway,2023-03-18,Spring
8844,TXN_4745933,Salad,1.0,5.0,5.0,Digital Wallet,In-store,2023-11-05,Autumn
8845,TXN_6540267,Salad,2.0,5.0,10.0,Digital Wallet,Takeaway,2023-09-26,Autumn
8846,TXN_6994245,Coffee,4.0,2.0,8.0,Digital Wallet,In-store,2023-12-30,Winter
8847,TXN_8973007,Coffee,5.0,2.0,10.0,Digital Wallet,Takeaway,2023-02-07,Winter
8848,TXN_5108183,Smoothie,4.0,4.0,16.0,Credit Card,Takeaway,2023-08-31,Summer
8849,TXN_8103630,Cookie,1.0,1.0,1.0,Digital Wallet,Takeaway,2023-03-08,Spring
8850,TXN_2575160,Tea,5.0,1.5,7.5,Digital Wallet,Takeaway,2023-01-02,Winter
8851,TXN_8002309,Smoothie,1.0,4.0,4.0,Digital Wallet,Takeaway,2023-04-04,Spring
8852,TXN_3252542,Smoothie,5.0,4.0,20.0,Digital Wallet,In-store,2023-09-22,Autumn
8853,TXN_4775220,Coffee,3.0,3.0,9.0,Digital Wallet,Takeaway,2023-07-21,Summer
8854,TXN_4413197,Tea,4.0,1.5,6.0,Digital Wallet,Takeaway,2023-09-06,Autumn
8855,TXN_1283149,Salad,2.0,5.0,10.0,Credit Card,In-store,2023-01-23,Winter
8856,TXN_6822426,Coffee,5.0,3.0,15.0,Digital Wallet,In-store,2023-05-27,Spring
8857,TXN_8210816,Salad,4.0,5.0,20.0,Digital Wallet,Takeaway,2023-08-12,Summer
8858,TXN_5896728,Coffee,4.0,3.0,12.0,Digital Wallet,Takeaway,2023-10-06,Autumn
8859,TXN_4407308,Tea,4.0,1.5,6.0,Digital Wallet,In-store,2023-09-19,Autumn
8860,TXN_7710078,Coffee,2.0,3.0,6.0,Credit Card,Takeaway,2023-12-05,Winter
8862,TXN_6016707,Coffee,1.0,3.0,3.0,Cash,In-store,2023-06-27,Summer
8863,TXN_7895436,Coffee,3.0,3.0,9.0,Digital Wallet,Takeaway,2023-09-09,Autumn
8864,TXN_3600632,Coffee,4.0,2.0,8.0,Cash,Takeaway,2023-12-09,Winter
8865,TXN_4565969,Coffee,3.0,2.0,6.0,Digital Wallet,Takeaway,2023-03-16,Spring
8866,TXN_7821478,Coffee,4.0,3.0,12.0,Cash,In-store,2023-05-24,Spring
8867,TXN_2971555,Coffee,1.0,3.0,3.0,Cash,Takeaway,2023-02-24,Winter
8869,TXN_9664173,Smoothie,1.0,4.0,4.0,Digital Wallet,In-store,2023-03-20,Spring
8870,TXN_4049270,Coffee,5.0,2.0,10.0,Digital Wallet,In-store,2023-07-28,Summer
8871,TXN_4731715,Coffee,5.0,2.0,10.0,Digital Wallet,Takeaway,2023-03-14,Spring
8872,TXN_3377626,Cookie,5.0,1.0,5.0,Cash,In-store,2023-07-23,Summer
8873,TXN_5753111,Salad,1.0,5.0,5.0,Credit Card,Takeaway,2023-04-25,Spring
8874,TXN_2054549,Smoothie,1.0,4.0,4.0,Digital Wallet,In-store,2023-04-07,Spring
8875,TXN_6996548,Coffee,1.0,2.0,2.0,Credit Card,Takeaway,2023-06-24,Summer
8876,TXN_6761402,Coffee,1.0,2.0,2.0,Digital Wallet,Takeaway,2023-08-31,Summer
8877,TXN_1983842,Coffee,5.0,3.0,15.0,Digital Wallet,Takeaway,2023-03-16,Spring
8878,TXN_4982165,Tea,1.0,1.5,1.5,Credit Card,Takeaway,2023-04-12,Spring
8879,TXN_5679295,Tea,5.0,1.5,7.5,Digital Wallet,Takeaway,2023-04-30,Spring
8880,TXN_9194266,Salad,5.0,5.0,25.0,Cash,Takeaway,2023-10-30,Autumn
8881,TXN_1141920,Coffee,4.0,2.0,8.0,Digital Wallet,Takeaway,2023-10-26,Autumn
8882,TXN_8878500,Salad,4.0,5.0,20.0,Digital Wallet,Takeaway,2023-02-24,Winter
8883,TXN_1012349,Coffee,4.0,3.0,12.0,Cash,In-store,2023-07-08,Summer
8885,TXN_1581562,Coffee,2.0,2.0,4.0,Cash,In-store,2023-01-01,Winter
8886,TXN_6762236,Coffee,4.0,3.0,12.0,Digital Wallet,In-store,2023-01-17,Winter
8887,TXN_1041891,Cookie,5.0,1.0,5.0,Digital Wallet,Takeaway,2023-08-09,Summer
8888,TXN_6467796,Coffee,5.0,2.0,10.0,Credit Card,Takeaway,2023-10-25,Autumn
8889,TXN_8701045,Coffee,2.0,3.0,6.0,Cash,In-store,2023-06-07,Summer
8890,TXN_9656325,Coffee,2.0,2.0,4.0,Credit Card,Takeaway,2023-03-31,Spring
8891,TXN_2716560,Smoothie,4.0,4.0,16.0,Credit Card,Takeaway,2023-08-29,Summer
8892,TXN_4141941,Coffee,2.0,2.0,4.0,Digital Wallet,In-store,2023-05-18,Spring
8893,TXN_4633505,Tea,3.0,1.5,4.5,Digital Wallet,Takeaway,2023-08-25,Summer
8894,TXN_5283053,Coffee,4.0,3.0,12.0,Digital Wallet,Takeaway,2023-04-30,Spring
8895,TXN_1054912,Smoothie,3.0,4.0,12.0,Cash,Takeaway,2023-08-02,Summer
8896,TXN_9100081,Coffee,1.0,3.0,3.0,Cash,Takeaway,2023-08-18,Summer
8897,TXN_5129701,Smoothie,2.0,4.0,8.0,Credit Card,Takeaway,2023-11-09,Autumn
8898,TXN_7021592,Salad,4.0,5.0,20.0,Credit Card,In-store,2023-07-01,Summer
8899,TXN_8644119,Smoothie,5.0,4.0,20.0,Digital Wallet,Takeaway,2023-10-01,Autumn
8900,TXN_3041142,Smoothie,3.0,4.0,12.0,Digital Wallet,Takeaway,2023-12-22,Winter
8901,TXN_5618631,Coffee,5.0,2.0,10.0,Credit Card,In-store,2023-12-21,Winter
8902,TXN_6496379,Smoothie,1.0,4.0,4.0,Cash,Takeaway,2023-12-24,Winter
8903,TXN_1486119,Cookie,4.0,1.0,4.0,Digital Wallet,Takeaway,2023-08-24,Summer
8904,TXN_2386202,Salad,4.0,5.0,20.0,Cash,In-store,2023-01-22,Winter
8905,TXN_6836109,Coffee,4.0,2.0,8.0,Digital Wallet,Takeaway,2023-04-09,Spring
8906,TXN_9190061,Salad,5.0,5.0,25.0,Cash,Takeaway,2023-06-14,Summer
8907,TXN_1691512,Smoothie,1.0,4.0,4.0,Digital Wallet,Takeaway,2023-03-25,Spring
8908,TXN_1059293,Smoothie,5.0,4.0,20.0,Digital Wallet,Takeaway,2023-12-04,Winter
8910,TXN_2495471,Salad,3.0,5.0,15.0,Credit Card,Takeaway,2023-10-22,Autumn
8911,TXN_7708201,Salad,3.0,5.0,15.0,Cash,Takeaway,2023-01-04,Winter
8912,TXN_2038871,Tea,2.0,1.5,3.0,Digital Wallet,Takeaway,2023-07-15,Summer
8913,TXN_7195393,Salad,2.0,5.0,10.0,Credit Card,In-store,2023-01-24,Winter
8914,TXN_8022892,Smoothie,4.0,4.0,16.0,Digital Wallet,In-store,2023-08-07,Summer
8915,TXN_4298189,Coffee,1.0,2.0,2.0,Digital Wallet,In-store,2023-10-13,Autumn
8916,TXN_4967446,Smoothie,1.0,4.0,4.0,Digital Wallet,In-store,2023-07-11,Summer
8917,TXN_3368231,Tea,3.0,1.5,4.5,Digital Wallet,Takeaway,2023-08-11,Summer
8918,TXN_7353699,Tea,5.0,1.5,7.5,Digital Wallet,Takeaway,2023-07-20,Summer
8919,TXN_6888998,Coffee,5.0,2.0,10.0,Digital Wallet,Takeaway,2023-02-27,Winter
8920,TXN_3541304,Smoothie,3.0,4.0,12.0,Cash,In-store,2023-04-22,Spring
8921,TXN_8188818,Tea,2.0,1.5,3.0,Digital Wallet,Takeaway,2023-10-07,Autumn
8922,TXN_9431971,Smoothie,1.0,4.0,4.0,Credit Card,Takeaway,2023-07-17,Summer
8923,TXN_4543742,Coffee,3.0,2.0,6.0,Digital Wallet,Takeaway,2023-03-28,Spring
8925,TXN_1807140,Salad,1.0,5.0,5.0,Cash,Takeaway,2023-03-22,Spring
8926,TXN_3007866,Coffee,4.0,3.0,12.0,Credit Card,In-store,2023-04-14,Spring
8927,TXN_6779377,Smoothie,5.0,4.0,20.0,Digital Wallet,In-store,2023-10-06,Autumn
8928,TXN_7053830,Coffee,3.0,2.0,6.0,Digital Wallet,Takeaway,2023-02-14,Winter
8930,TXN_6522299,Tea,2.0,1.5,3.0,Cash,Takeaway,2023-08-29,Summer
8932,TXN_2848421,Cookie,1.0,1.0,1.0,Digital Wallet,In-store,2023-08-07,Summer
8933,TXN_4935533,Smoothie,1.0,4.0,4.0,Digital Wallet,In-store,2023-06-12,Summer
8934,TXN_2389320,Coffee,2.0,2.0,4.0,Digital Wallet,Takeaway,2023-07-26,Summer
8935,TXN_8423155,Coffee,1.0,2.0,2.0,Digital Wallet,Takeaway,2023-07-03,Summer
8936,TXN_6053617,Smoothie,2.0,4.0,8.0,Credit Card,Takeaway,2023-11-25,Autumn
8937,TXN_8384372,Tea,4.0,1.5,6.0,Digital Wallet,Takeaway,2023-08-07,Summer
8938,TXN_3426338,Salad,1.0,5.0,5.0,Cash,In-store,2023-07-31,Summer
8939,TXN_4581359,Coffee,2.0,3.0,6.0,Credit Card,Takeaway,2023-03-22,Spring
8940,TXN_3561451,Salad,4.0,5.0,20.0,Credit Card,Takeaway,2023-05-31,Spring
8941,TXN_7768989,Smoothie,2.0,4.0,8.0,Cash,In-store,2023-10-02,Autumn
8942,TXN_5963316,Tea,2.0,1.5,3.0,Credit Card,Takeaway,2023-06-25,Summer
8943,TXN_4265942,Coffee,5.0,2.0,10.0,Digital Wallet,Takeaway,2023-04-24,Spring
8944,TXN_6014389,Cookie,5.0,1.0,5.0,Credit Card,In-store,2023-07-21,Summer
8945,TXN_7358729,Cookie,2.0,1.0,2.0,Cash,Takeaway,2023-02-25,Winter
8946,TXN_9815521,Smoothie,3.0,4.0,12.0,Credit Card,In-store,2023-05-26,Spring
8947,TXN_8325221,Coffee,2.0,2.0,4.0,Credit Card,Takeaway,2023-11-17,Autumn
8948,TXN_8267031,Coffee,2.0,3.0,6.0,Digital Wallet,Takeaway,2023-03-28,Spring
8949,TXN_1950187,Tea,2.0,1.5,3.0,Credit Card,Takeaway,2023-04-13,Spring
8950,TXN_9518691,Salad,2.0,5.0,10.0,Credit Card,Takeaway,2023-03-30,Spring
8951,TXN_3612790,Smoothie,1.0,4.0,4.0,Digital Wallet,Takeaway,2023-09-01,Autumn
8952,TXN_5436816,Salad,3.0,5.0,15.0,Credit Card,Takeaway,2023-08-04,Summer
8953,TXN_7896586,Smoothie,2.0,4.0,8.0,Credit Card,Takeaway,2023-09-04,Autumn
8954,TXN_5835004,Smoothie,5.0,4.0,20.0,Credit Card,In-store,2023-04-14,Spring
8955,TXN_3774886,Smoothie,3.0,4.0,12.0,Digital Wallet,Takeaway,2023-06-01,Summer
8956,TXN_5950951,Salad,1.0,5.0,5.0,Credit Card,In-store,2023-04-10,Spring
8957,TXN_3918096,Coffee,4.0,3.0,12.0,Digital Wallet,Takeaway,2023-08-17,Summer
8958,TXN_2786231,Coffee,1.0,3.0,3.0,Cash,Takeaway,2023-08-17,Summer
8959,TXN_3803063,Coffee,4.0,3.0,12.0,Credit Card,Takeaway,2023-11-23,Autumn
8960,TXN_4262451,Coffee,1.0,2.0,2.0,Digital Wallet,Takeaway,2023-10-16,Autumn
8961,TXN_4773210,Coffee,1.0,2.0,2.0,Credit Card,Takeaway,2023-11-29,Autumn
8962,TXN_1231366,Smoothie,3.0,4.0,12.0,Digital Wallet,Takeaway,2023-11-28,Autumn
8963,TXN_6596377,Cookie,5.0,1.0,5.0,Digital Wallet,Takeaway,2023-08-02,Summer
8964,TXN_2713279,Cookie,4.0,1.0,4.0,Digital Wallet,In-store,2023-02-12,Winter
8965,TXN_4247602,Salad,5.0,5.0,25.0,Credit Card,Takeaway,2023-07-13,Summer
8966,TXN_2446298,Coffee,5.0,3.0,15.0,Digital Wallet,In-store,2023-05-21,Spring
8967,TXN_7258784,Coffee,4.0,2.0,8.0,Cash,In-store,2023-09-21,Autumn
8968,TXN_5164540,Tea,2.0,1.5,3.0,Digital Wallet,Takeaway,2023-01-05,Winter
8969,TXN_6488040,Salad,1.0,5.0,5.0,Digital Wallet,Takeaway,2023-05-20,Spring
8970,TXN_9850842,Tea,3.0,1.5,4.5,Digital Wallet,Takeaway,2023-01-23,Winter
8971,TXN_7269738,Cookie,3.0,1.0,3.0,Cash,Takeaway,2023-05-26,Spring
8972,TXN_2638760,Coffee,5.0,3.0,15.0,Cash,Takeaway,2023-02-09,Winter
8973,TXN_3459152,Coffee,3.0,3.0,9.0,Digital Wallet,Takeaway,2023-06-28,Summer
8974,TXN_8013818,Tea,2.0,1.5,3.0,Digital Wallet,Takeaway,2023-07-24,Summer
8976,TXN_6643922,Coffee,5.0,2.0,10.0,Digital Wallet,In-store,2023-06-24,Summer
8977,TXN_8388056,Salad,1.0,5.0,5.0,Credit Card,Takeaway,2023-06-23,Summer
8978,TXN_4728936,Coffee,4.0,3.0,12.0,Digital Wallet,Takeaway,2023-02-27,Winter
8979,TXN_6386388,Tea,3.0,1.5,4.5,Credit Card,Takeaway,2023-05-21,Spring
8980,TXN_9443285,Coffee,2.0,3.0,6.0,Credit Card,Takeaway,2023-05-27,Spring
8981,TXN_6377838,Coffee,2.0,3.0,6.0,Digital Wallet,Takeaway,2023-02-19,Winter
8982,TXN_7483986,Salad,2.0,5.0,10.0,Digital Wallet,Takeaway,2023-03-24,Spring
8983,TXN_7719510,Coffee,3.0,3.0,9.0,Credit Card,Takeaway,2023-08-14,Summer
8984,TXN_7908153,Cookie,3.0,1.0,3.0,Cash,In-store,2023-01-19,Winter
8986,TXN_8159649,Coffee,4.0,2.0,8.0,Digital Wallet,In-store,2023-06-15,Summer
8987,TXN_5391160,Coffee,2.0,3.0,6.0,Cash,In-store,2023-03-09,Spring
8988,TXN_8324715,Smoothie,5.0,4.0,20.0,Credit Card,Takeaway,2023-03-21,Spring
8990,TXN_1985223,Smoothie,3.0,4.0,12.0,Digital Wallet,Takeaway,2023-09-21,Autumn
8991,TXN_2944460,Salad,1.0,5.0,5.0,Digital Wallet,In-store,2023-04-16,Spring
8992,TXN_6957157,Coffee,1.0,3.0,3.0,Digital Wallet,Takeaway,2023-02-01,Winter
8993,TXN_5693294,Coffee,3.0,3.0,9.0,Credit Card,Takeaway,2023-12-30,Winter
8994,TXN_2887257,Cookie,3.0,1.0,3.0,Credit Card,In-store,2023-08-27,Summer
8995,TXN_3986876,Coffee,3.0,3.0,9.0,Cash,Takeaway,2023-11-06,Autumn
8996,TXN_1066604,Smoothie,5.0,4.0,20.0,Credit Card,Takeaway,2023-05-18,Spring
8997,TXN_2494494,Coffee,1.0,2.0,2.0,Cash,Takeaway,2023-06-13,Summer
8998,TXN_4464373,Cookie,2.0,1.0,2.0,Digital Wallet,In-store,2023-04-22,Spring
8999,TXN_7844770,Coffee,2.0,3.0,6.0,Digital Wallet,Takeaway,2023-01-31,Winter
9000,TXN_9968943,Smoothie,1.0,4.0,4.0,Digital Wallet,Takeaway,2023-07-25,Summer
9001,TXN_4051488,Cookie,4.0,1.0,4.0,Digital Wallet,Takeaway,2023-06-09,Summer
9002,TXN_2668838,Coffee,4.0,3.0,12.0,Digital Wallet,Takeaway,2023-05-11,Spring
9003,TXN_8039752,Coffee,2.0,2.0,4.0,Digital Wallet,Takeaway,2023-11-28,Autumn
9004,TXN_3388908,Cookie,4.0,1.0,4.0,Digital Wallet,Takeaway,2023-11-22,Autumn
9005,TXN_2096487,Smoothie,5.0,4.0,20.0,Digital Wallet,Takeaway,2023-08-09,Summer
9006,TXN_8795794,Smoothie,3.0,4.0,12.0,Cash,In-store,2023-02-13,Winter
9007,TXN_4627457,Coffee,3.0,3.0,9.0,Digital Wallet,In-store,2023-12-13,Winter
9008,TXN_2352308,Cookie,2.0,1.0,2.0,Cash,Takeaway,2023-11-10,Autumn
9009,TXN_3980743,Salad,1.0,5.0,5.0,Digital Wallet,Takeaway,2023-09-21,Autumn
9010,TXN_6538210,Smoothie,1.0,4.0,4.0,Digital Wallet,In-store,2023-12-29,Winter
9011,TXN_3749051,Smoothie,3.0,4.0,12.0,Digital Wallet,Takeaway,2023-04-19,Spring
9012,TXN_6683798,Cookie,1.0,1.0,1.0,Digital Wallet,Takeaway,2023-07-26,Summer
9013,TXN_7246683,Smoothie,1.0,4.0,4.0,Digital Wallet,Takeaway,2023-05-17,Spring
9014,TXN_6755348,Smoothie,5.0,4.0,20.0,Digital Wallet,Takeaway,2023-06-23,Summer
9015,TXN_3691228,Coffee,3.0,3.0,9.0,Cash,Takeaway,2023-10-26,Autumn
9016,TXN_7407946,Salad,3.0,5.0,15.0,Credit Card,Takeaway,2023-03-26,Spring
9017,TXN_8635803,Tea,2.0,1.5,3.0,Cash,Takeaway,2023-03-17,Spring
9018,TXN_9550508,Smoothie,5.0,4.0,20.0,Digital Wallet,Takeaway,2023-11-18,Autumn
9019,TXN_8010562,Smoothie,1.0,4.0,4.0,Cash,Takeaway,2023-07-23,Summer
9020,TXN_2501648,Coffee,2.0,3.0,6.0,Credit Card,Takeaway,2023-12-05,Winter
9021,TXN_9455679,Salad,5.0,5.0,25.0,Digital Wallet,Takeaway,2023-05-18,Spring
9022,TXN_8105705,Coffee,1.0,3.0,3.0,Digital Wallet,Takeaway,2023-10-17,Autumn
9023,TXN_9676096,Coffee,3.0,3.0,9.0,Digital Wallet,Takeaway,2023-04-05,Spring
9024,TXN_8476828,Tea,3.0,1.5,4.5,Digital Wallet,Takeaway,2023-10-25,Autumn
9025,TXN_2126034,Coffee,4.0,2.0,8.0,Cash,In-store,2023-10-30,Autumn
9026,TXN_2151258,Coffee,3.0,3.0,9.0,Credit Card,Takeaway,2023-08-09,Summer
9027,TXN_3672345,Tea,3.0,1.5,4.5,Credit Card,Takeaway,2023-10-17,Autumn
9028,TXN_6793298,Tea,2.0,1.5,3.0,Credit Card,Takeaway,2023-04-14,Spring
9029,TXN_3951329,Smoothie,1.0,4.0,4.0,Credit Card,Takeaway,2023-12-28,Winter
9030,TXN_7480853,Smoothie,2.0,4.0,8.0,Digital Wallet,In-store,2023-10-07,Autumn
9031,TXN_4944024,Smoothie,2.0,4.0,8.0,Digital Wallet,Takeaway,2023-09-26,Autumn
9032,TXN_6687528,Coffee,2.0,3.0,6.0,Digital Wallet,Takeaway,2023-05-06,Spring
9033,TXN_5531648,Coffee,5.0,2.0,10.0,Cash,Takeaway,2023-01-23,Winter
9034,TXN_8789736,Coffee,2.0,2.0,4.0,Credit Card,Takeaway,2023-05-06,Spring
9035,TXN_9938977,Coffee,5.0,3.0,15.0,Cash,In-store,2023-12-18,Winter
9036,TXN_2730798,Tea,4.0,1.5,6.0,Credit Card,Takeaway,2023-12-01,Winter
9037,TXN_3749801,Coffee,5.0,3.0,15.0,Credit Card,Takeaway,2023-01-03,Winter
9038,TXN_3326626,Coffee,2.0,3.0,6.0,Cash,Takeaway,2023-09-26,Autumn
9039,TXN_4843989,Tea,4.0,1.5,6.0,Digital Wallet,Takeaway,2023-09-30,Autumn
9040,TXN_6606514,Coffee,1.0,3.0,3.0,Credit Card,In-store,2023-06-25,Summer
9041,TXN_6187752,Smoothie,5.0,4.0,20.0,Digital Wallet,Takeaway,2023-12-24,Winter
9042,TXN_1666190,Smoothie,4.0,4.0,16.0,Digital Wallet,Takeaway,2023-07-28,Summer
9043,TXN_9438576,Cookie,1.0,1.0,1.0,Credit Card,In-store,2023-05-05,Spring
9044,TXN_1344947,Coffee,3.0,3.0,9.0,Digital Wallet,Takeaway,2023-02-16,Winter
9046,TXN_3951552,Salad,2.0,5.0,10.0,Cash,In-store,2023-03-25,Spring
9047,TXN_3916668,Coffee,2.0,3.0,6.0,Digital Wallet,Takeaway,2023-05-14,Spring
9048,TXN_4789941,Smoothie,3.0,4.0,12.0,Credit Card,Takeaway,2023-04-17,Spring
9049,TXN_6957001,Tea,4.0,1.5,6.0,Digital Wallet,In-store,2023-08-08,Summer
9050,TXN_3536893,Salad,2.0,5.0,10.0,Digital Wallet,Takeaway,2023-05-16,Spring
9051,TXN_4519915,Smoothie,1.0,4.0,4.0,Digital Wallet,In-store,2023-05-15,Spring
9052,TXN_3269434,Coffee,1.0,3.0,3.0,Cash,Takeaway,2023-02-01,Winter
9053,TXN_3291988,Coffee,2.0,3.0,6.0,Credit Card,Takeaway,2023-07-03,Summer
9054,TXN_7083611,Coffee,2.0,3.0,6.0,Digital Wallet,Takeaway,2023-05-15,Spring
9055,TXN_1875220,Tea,3.0,1.5,4.5,Cash,In-store,2023-03-07,Spring
9056,TXN_1926712,Coffee,5.0,2.0,10.0,Credit Card,Takeaway,2023-01-31,Winter
9057,TXN_5552114,Smoothie,2.0,4.0,8.0,Digital Wallet,In-store,2023-06-13,Summer
9058,TXN_5672583,Coffee,2.0,3.0,6.0,Cash,Takeaway,2023-04-09,Spring
9059,TXN_3717444,Smoothie,3.0,4.0,12.0,Digital Wallet,Takeaway,2023-09-07,Autumn
9060,TXN_1899114,Tea,3.0,1.5,4.5,Digital Wallet,Takeaway,2023-04-05,Spring
9061,TXN_2625388,Coffee,5.0,2.0,10.0,Digital Wallet,In-store,2023-02-09,Winter
9062,TXN_7153665,Salad,5.0,5.0,25.0,Cash,In-store,2023-07-31,Summer
9063,TXN_9161256,Smoothie,2.0,4.0,8.0,Digital Wallet,In-store,2023-01-01,Winter
9064,TXN_2010060,Coffee,1.0,3.0,3.0,Cash,Takeaway,2023-11-09,Autumn
9065,TXN_9077843,Tea,3.0,1.5,4.5,Digital Wallet,Takeaway,2023-03-28,Spring
9066,TXN_5611262,Salad,2.0,5.0,10.0,Digital Wallet,In-store,2023-05-22,Spring
9067,TXN_3255254,Coffee,4.0,3.0,12.0,Cash,Takeaway,2023-03-23,Spring
9068,TXN_9275800,Smoothie,3.0,4.0,12.0,Cash,Takeaway,2023-05-01,Spring
9069,TXN_2430215,Cookie,2.0,1.0,2.0,Digital Wallet,Takeaway,2023-04-10,Spring
9070,TXN_1372003,Tea,4.0,1.5,6.0,Digital Wallet,Takeaway,2023-10-13,Autumn
9072,TXN_7202644,Smoothie,5.0,4.0,20.0,Digital Wallet,Takeaway,2023-08-01,Summer
9073,TXN_5330387,Coffee,3.0,2.0,6.0,Digital Wallet,Takeaway,2023-10-21,Autumn
9074,TXN_2119809,Salad,5.0,5.0,25.0,Digital Wallet,In-store,2023-04-21,Spring
9075,TXN_5587224,Salad,2.0,5.0,10.0,Digital Wallet,In-store,2023-01-05,Winter
9077,TXN_2185661,Smoothie,4.0,4.0,16.0,Cash,Takeaway,2023-03-16,Spring
9078,TXN_2491186,Salad,5.0,5.0,25.0,Digital Wallet,Takeaway,2023-11-28,Autumn
9079,TXN_1891217,Tea,5.0,1.5,7.5,Digital Wallet,Takeaway,2023-04-02,Spring
9080,TXN_8977555,Coffee,2.0,3.0,6.0,Cash,Takeaway,2023-07-21,Summer
9081,TXN_7179922,Coffee,2.0,3.0,6.0,Digital Wallet,In-store,2023-09-05,Autumn
9082,TXN_5114283,Tea,1.0,1.5,1.5,Digital Wallet,In-store,2023-05-28,Spring
9083,TXN_1528454,Coffee,2.0,2.0,4.0,Digital Wallet,In-store,2023-03-22,Spring
9084,TXN_5615114,Tea,4.0,1.5,6.0,Digital Wallet,Takeaway,2023-10-31,Autumn
9085,TXN_4968659,Tea,5.0,1.5,7.5,Credit Card,Takeaway,2023-03-18,Spring
9086,TXN_4858666,Coffee,3.0,3.0,9.0,Credit Card,Takeaway,2023-03-18,Spring
9087,TXN_3502394,Coffee,3.0,2.0,6.0,Credit Card,In-store,2023-09-02,Autumn
9089,TXN_1902009,Coffee,2.0,3.0,6.0,Credit Card,Takeaway,2023-04-12,Spring
9090,TXN_8492074,Tea,3.0,1.5,4.5,Digital Wallet,In-store,2023-11-12,Autumn
9091,TXN_6355908,Smoothie,3.0,4.0,12.0,Credit Card,Takeaway,2023-03-28,Spring
9092,TXN_6856530,Smoothie,5.0,4.0,20.0,Digital Wallet,Takeaway,2023-11-11,Autumn
9093,TXN_1180397,Smoothie,3.0,4.0,12.0,Credit Card,Takeaway,2023-04-05,Spring
9094,TXN_4747863,Cookie,2.0,1.0,2.0,Digital Wallet,In-store,2023-10-04,Autumn
9095,TXN_3979966,Smoothie,5.0,4.0,20.0,Digital Wallet,Takeaway,2023-08-23,Summer
9096,TXN_5127984,Smoothie,3.0,4.0,12.0,Cash,In-store,2023-11-12,Autumn
9097,TXN_9904214,Smoothie,5.0,4.0,20.0,Digital Wallet,Takeaway,2023-03-13,Spring
9098,TXN_9948753,Tea,2.0,1.5,3.0,Digital Wallet,Takeaway,2023-05-09,Spring
9099,TXN_8263172,Coffee,2.0,3.0,6.0,Digital Wallet,Takeaway,2023-12-30,Winter
9100,TXN_1196223,Coffee,3.0,3.0,9.0,Digital Wallet,In-store,2023-10-14,Autumn
9101,TXN_2401073,Coffee,4.0,2.0,8.0,Credit Card,Takeaway,2023-02-10,Winter
9102,TXN_9639089,Coffee,4.0,3.0,12.0,Credit Card,In-store,2023-05-14,Spring
9103,TXN_8654093,Coffee,3.0,2.0,6.0,Digital Wallet,Takeaway,2023-11-29,Autumn
9104,TXN_1038397,Cookie,3.0,1.0,3.0,Digital Wallet,In-store,2023-05-20,Spring
9106,TXN_4638979,Salad,1.0,5.0,5.0,Digital Wallet,Takeaway,2023-06-28,Summer
9107,TXN_5506097,Smoothie,5.0,4.0,20.0,Cash,Takeaway,2023-05-04,Spring
9108,TXN_9579984,Salad,5.0,5.0,25.0,Credit Card,Takeaway,2023-12-25,Winter
9109,TXN_6087578,Tea,1.0,1.5,1.5,Credit Card,Takeaway,2023-12-17,Winter
9110,TXN_5297299,Coffee,5.0,2.0,10.0,Digital Wallet,Takeaway,2023-10-04,Autumn
9111,TXN_7526174,Coffee,3.0,3.0,9.0,Credit Card,Takeaway,2023-08-06,Summer
9112,TXN_5401244,Salad,1.0,5.0,5.0,Credit Card,In-store,2023-07-08,Summer
9114,TXN_7775760,Coffee,4.0,3.0,12.0,Digital Wallet,Takeaway,2023-02-21,Winter
9115,TXN_5820892,Coffee,1.0,3.0,3.0,Digital Wallet,Takeaway,2023-11-14,Autumn
9116,TXN_3801338,Smoothie,3.0,4.0,12.0,Credit Card,Takeaway,2023-11-03,Autumn
9117,TXN_1521861,Coffee,5.0,3.0,15.0,Cash,In-store,2023-04-02,Spring
9118,TXN_8365857,Smoothie,5.0,4.0,20.0,Digital Wallet,Takeaway,2023-10-06,Autumn
9119,TXN_9349657,Cookie,2.0,1.0,2.0,Credit Card,In-store,2023-03-14,Spring
9120,TXN_4503716,Coffee,1.0,3.0,3.0,Digital Wallet,Takeaway,2023-11-12,Autumn
9121,TXN_5679014,Coffee,1.0,2.0,2.0,Digital Wallet,In-store,2023-06-12,Summer
9122,TXN_1161606,Smoothie,5.0,4.0,20.0,Credit Card,Takeaway,2023-09-20,Autumn
9123,TXN_5938359,Cookie,2.0,1.0,2.0,Credit Card,Takeaway,2023-06-02,Summer
9124,TXN_7565894,Salad,1.0,5.0,5.0,Cash,Takeaway,2023-07-15,Summer
9125,TXN_1987311,Smoothie,1.0,4.0,4.0,Digital Wallet,In-store,2023-08-03,Summer
9126,TXN_4656387,Cookie,2.0,1.0,2.0,Digital Wallet,Takeaway,2023-07-25,Summer
9127,TXN_9277276,Coffee,4.0,3.0,12.0,Credit Card,Takeaway,2023-09-15,Autumn
9128,TXN_1576076,Coffee,3.0,2.0,6.0,Cash,Takeaway,2023-10-07,Autumn
9129,TXN_3676632,Smoothie,4.0,4.0,16.0,Credit Card,Takeaway,2023-12-11,Winter
9130,TXN_9945457,Cookie,4.0,1.0,4.0,Cash,Takeaway,2023-06-28,Summer
9131,TXN_6508674,Coffee,2.0,3.0,6.0,Digital Wallet,Takeaway,2023-02-09,Winter
9132,TXN_4579086,Coffee,2.0,3.0,6.0,Credit Card,In-store,2023-07-20,Summer
9133,TXN_2421873,Coffee,2.0,2.0,4.0,Credit Card,Takeaway,2023-02-18,Winter
9134,TXN_3601382,Salad,3.0,5.0,15.0,Digital Wallet,Takeaway,2023-02-12,Winter
9135,TXN_2323650,Tea,4.0,1.5,6.0,Digital Wallet,Takeaway,2023-10-09,Autumn
9136,TXN_3587916,Salad,3.0,5.0,15.0,Cash,In-store,2023-07-09,Summer
9137,TXN_8914956,Cookie,2.0,1.0,2.0,Credit Card,Takeaway,2023-05-13,Spring
9138,TXN_9080521,Coffee,2.0,2.0,4.0,Credit Card,In-store,2023-01-24,Winter
9139,TXN_1450705,Cookie,5.0,1.0,5.0,Digital Wallet,Takeaway,2023-10-07,Autumn
9140,TXN_9648941,Coffee,2.0,2.0,4.0,Cash,Takeaway,2023-06-30,Summer
9141,TXN_9989719,Smoothie,2.0,4.0,8.0,Credit Card,Takeaway,2023-11-26,Autumn
9142,TXN_8409154,Coffee,4.0,3.0,12.0,Digital Wallet,Takeaway,2023-06-20,Summer
9143,TXN_4630633,Smoothie,1.0,4.0,4.0,Digital Wallet,Takeaway,2023-10-22,Autumn
9144,TXN_8332592,Coffee,5.0,3.0,15.0,Digital Wallet,Takeaway,2023-03-25,Spring
9145,TXN_5736595,Coffee,3.0,2.0,6.0,Credit Card,Takeaway,2023-08-14,Summer
9146,TXN_2264883,Coffee,2.0,3.0,6.0,Credit Card,Takeaway,2023-12-24,Winter
9147,TXN_6137394,Smoothie,1.0,4.0,4.0,Digital Wallet,In-store,2023-11-22,Autumn
9148,TXN_4127927,Salad,5.0,5.0,25.0,Digital Wallet,Takeaway,2023-08-04,Summer
9149,TXN_7256205,Coffee,4.0,3.0,12.0,Cash,Takeaway,2023-04-08,Spring
9150,TXN_1766527,Salad,4.0,5.0,20.0,Digital Wallet,Takeaway,2023-02-07,Winter
9151,TXN_7591982,Salad,1.0,5.0,5.0,Cash,Takeaway,2023-02-28,Winter
9152,TXN_5530273,Coffee,3.0,3.0,9.0,Digital Wallet,Takeaway,2023-01-13,Winter
9153,TXN_2958213,Cookie,5.0,1.0,5.0,Digital Wallet,Takeaway,2023-08-15,Summer
9154,TXN_2057961,Coffee,2.0,3.0,6.0,Digital Wallet,In-store,2023-10-04,Autumn
9156,TXN_6367976,Coffee,1.0,3.0,3.0,Digital Wallet,Takeaway,2023-10-16,Autumn
9157,TXN_9921277,Coffee,1.0,3.0,3.0,Digital Wallet,Takeaway,2023-01-29,Winter
9158,TXN_4867316,Smoothie,1.0,4.0,4.0,Digital Wallet,Takeaway,2023-11-28,Autumn
9159,TXN_6704173,Smoothie,2.0,4.0,8.0,Credit Card,Takeaway,2023-07-24,Summer
9160,TXN_9510130,Salad,4.0,5.0,20.0,Cash,Takeaway,2023-03-06,Spring
9161,TXN_1192009,Coffee,1.0,2.0,2.0,Digital Wallet,Takeaway,2023-05-18,Spring
9162,TXN_2899889,Salad,2.0,5.0,10.0,Digital Wallet,In-store,2023-12-09,Winter
9163,TXN_7172693,Salad,5.0,5.0,25.0,Credit Card,In-store,2023-03-23,Spring
9164,TXN_6862603,Salad,4.0,5.0,20.0,Credit Card,Takeaway,2023-04-17,Spring
9165,TXN_5761207,Smoothie,3.0,4.0,12.0,Credit Card,Takeaway,2023-04-19,Spring
9166,TXN_9852820,Salad,2.0,5.0,10.0,Credit Card,In-store,2023-08-27,Summer
9169,TXN_9531812,Smoothie,2.0,4.0,8.0,Digital Wallet,In-store,2023-02-04,Winter
9170,TXN_1423173,Smoothie,5.0,4.0,20.0,Credit Card,Takeaway,2023-10-02,Autumn
9171,TXN_9811007,Cookie,5.0,1.0,5.0,Credit Card,Takeaway,2023-03-07,Spring
9172,TXN_4346813,Salad,5.0,5.0,25.0,Digital Wallet,Takeaway,2023-07-07,Summer
9173,TXN_4383311,Coffee,2.0,3.0,6.0,Digital Wallet,In-store,2023-09-23,Autumn
9174,TXN_5935353,Smoothie,2.0,4.0,8.0,Credit Card,Takeaway,2023-05-01,Spring
9175,TXN_6778796,Coffee,5.0,3.0,15.0,Cash,Takeaway,2023-11-29,Autumn
9176,TXN_2119373,Salad,4.0,5.0,20.0,Credit Card,In-store,2023-06-30,Summer
9177,TXN_6803555,Tea,2.0,1.5,3.0,Digital Wallet,Takeaway,2023-05-31,Spring
9178,TXN_7010218,Cookie,4.0,1.0,4.0,Digital Wallet,Takeaway,2023-04-29,Spring
9179,TXN_1707537,Coffee,3.0,3.0,9.0,Digital Wallet,Takeaway,2023-10-17,Autumn
9180,TXN_8470187,Coffee,3.0,3.0,9.0,Digital Wallet,Takeaway,2023-06-28,Summer
9181,TXN_6087604,Smoothie,4.0,4.0,16.0,Digital Wallet,Takeaway,2023-01-27,Winter
9182,TXN_9825905,Coffee,1.0,2.0,2.0,Digital Wallet,Takeaway,2023-01-04,Winter
9183,TXN_2086557,Smoothie,2.0,4.0,8.0,Cash,In-store,2023-01-13,Winter
9184,TXN_9077087,Coffee,1.0,3.0,3.0,Digital Wallet,In-store,2023-05-08,Spring
9185,TXN_7714902,Coffee,4.0,2.0,8.0,Cash,Takeaway,2023-09-10,Autumn
9186,TXN_2154477,Coffee,4.0,3.0,12.0,Digital Wallet,Takeaway,2023-02-11,Winter
9187,TXN_5949199,Tea,5.0,1.5,7.5,Digital Wallet,In-store,2023-02-28,Winter
9188,TXN_8209124,Coffee,2.0,2.0,4.0,Cash,Takeaway,2023-10-05,Autumn
9189,TXN_7519611,Tea,4.0,1.5,6.0,Credit Card,In-store,2023-10-08,Autumn
9190,TXN_1318943,Coffee,2.0,2.0,4.0,Cash,In-store,2023-06-13,Summer
9191,TXN_4502922,Smoothie,1.0,4.0,4.0,Credit Card,Takeaway,2023-06-23,Summer
9192,TXN_4554194,Smoothie,3.0,4.0,12.0,Credit Card,Takeaway,2023-10-04,Autumn
9193,TXN_3418612,Tea,3.0,1.5,4.5,Digital Wallet,Takeaway,2023-01-31,Winter
9194,TXN_2539469,Coffee,2.0,3.0,6.0,Credit Card,Takeaway,2023-09-24,Autumn
9195,TXN_2764544,Coffee,4.0,3.0,12.0,Cash,In-store,2023-04-02,Spring
9196,TXN_8672939,Smoothie,1.0,4.0,4.0,Digital Wallet,Takeaway,2023-11-02,Autumn
9197,TXN_1499346,Coffee,5.0,3.0,15.0,Digital Wallet,Takeaway,2023-12-09,Winter
9199,TXN_7631216,Coffee,5.0,3.0,15.0,Credit Card,Takeaway,2023-02-16,Winter
9200,TXN_3116803,Coffee,1.0,2.0,2.0,Credit Card,In-store,2023-09-10,Autumn
9201,TXN_6050844,Tea,2.0,1.5,3.0,Digital Wallet,Takeaway,2023-03-12,Spring
9202,TXN_7403963,Smoothie,4.0,4.0,16.0,Cash,In-store,2023-07-27,Summer
9203,TXN_2708387,Tea,4.0,1.5,6.0,Credit Card,Takeaway,2023-11-12,Autumn
9204,TXN_7916758,Smoothie,1.0,4.0,4.0,Digital Wallet,Takeaway,2023-10-14,Autumn
9205,TXN_2944717,Cookie,2.0,1.0,2.0,Cash,Takeaway,2023-12-11,Winter
9206,TXN_7571571,Smoothie,2.0,4.0,8.0,Credit Card,Takeaway,2023-04-09,Spring
9207,TXN_7250085,Coffee,4.0,2.0,8.0,Digital Wallet,Takeaway,2023-09-19,Autumn
9208,TXN_1892102,Smoothie,3.0,4.0,12.0,Cash,Takeaway,2023-03-23,Spring
9209,TXN_7039529,Cookie,3.0,1.0,3.0,Digital Wallet,In-store,2023-01-19,Winter
9210,TXN_1452931,Tea,1.0,1.5,1.5,Digital Wallet,Takeaway,2023-07-08,Summer
9211,TXN_5148201,Smoothie,5.0,4.0,20.0,Digital Wallet,Takeaway,2023-11-18,Autumn
9213,TXN_4648214,Salad,1.0,5.0,5.0,Digital Wallet,Takeaway,2023-02-15,Winter
9214,TXN_7902691,Coffee,3.0,3.0,9.0,Digital Wallet,Takeaway,2023-10-13,Autumn
9215,TXN_4966750,Cookie,3.0,1.0,3.0,Digital Wallet,In-store,2023-12-24,Winter
9216,TXN_7740239,Tea,2.0,1.5,3.0,Digital Wallet,Takeaway,2023-01-26,Winter
9218,TXN_3689579,Smoothie,2.0,4.0,8.0,Digital Wallet,Takeaway,2023-12-02,Winter
9219,TXN_7770188,Coffee,5.0,3.0,15.0,Digital Wallet,In-store,2023-10-28,Autumn
9220,TXN_5088167,Coffee,5.0,2.0,10.0,Credit Card,Takeaway,2023-09-02,Autumn
9221,TXN_1865302,Cookie,5.0,1.0,5.0,Credit Card,In-store,2023-08-16,Summer
9222,TXN_4224423,Coffee,3.0,3.0,9.0,Cash,Takeaway,2023-08-27,Summer
9223,TXN_8269956,Smoothie,5.0,4.0,20.0,Digital Wallet,Takeaway,2023-08-02,Summer
9225,TXN_3879052,Coffee,3.0,2.0,6.0,Credit Card,Takeaway,2023-12-14,Winter
9226,TXN_7340284,Cookie,5.0,1.0,5.0,Digital Wallet,Takeaway,2023-09-05,Autumn
9227,TXN_9809696,Smoothie,1.0,4.0,4.0,Digital Wallet,Takeaway,2023-01-05,Winter
9228,TXN_5719592,Coffee,1.0,2.0,2.0,Credit Card,In-store,2023-08-07,Summer
9229,TXN_6121301,Smoothie,5.0,4.0,20.0,Digital Wallet,Takeaway,2023-01-07,Winter
9231,TXN_7514279,Salad,1.0,5.0,5.0,Credit Card,In-store,2023-02-04,Winter
9232,TXN_5153408,Smoothie,1.0,4.0,4.0,Credit Card,Takeaway,2023-08-22,Summer
9233,TXN_4678948,Coffee,3.0,3.0,9.0,Digital Wallet,Takeaway,2023-07-02,Summer
9234,TXN_8918253,Smoothie,3.0,4.0,12.0,Digital Wallet,Takeaway,2023-09-07,Autumn
9236,TXN_1209852,Cookie,2.0,1.0,2.0,Credit Card,In-store,2023-11-18,Autumn
9237,TXN_4367311,Coffee,5.0,2.0,10.0,Digital Wallet,In-store,2023-02-26,Winter
9238,TXN_5985513,Smoothie,2.0,4.0,8.0,Credit Card,Takeaway,2023-08-02,Summer
9239,TXN_2086325,Coffee,2.0,2.0,4.0,Credit Card,Takeaway,2023-08-14,Summer
9240,TXN_4062032,Tea,5.0,1.5,7.5,Digital Wallet,Takeaway,2023-10-28,Autumn
9241,TXN_4329558,Coffee,4.0,2.0,8.0,Digital Wallet,Takeaway,2023-04-22,Spring
9242,TXN_2029301,Tea,5.0,1.5,7.5,Digital Wallet,Takeaway,2023-08-06,Summer
9243,TXN_4508067,Smoothie,5.0,4.0,20.0,Credit Card,Takeaway,2023-03-19,Spring
9244,TXN_6637315,Coffee,3.0,3.0,9.0,Cash,Takeaway,2023-12-02,Winter
9246,TXN_4251500,Cookie,4.0,1.0,4.0,Digital Wallet,Takeaway,2023-11-11,Autumn
9247,TXN_1516961,Smoothie,3.0,4.0,12.0,Credit Card,Takeaway,2023-11-01,Autumn
9248,TXN_5033660,Coffee,2.0,2.0,4.0,Digital Wallet,Takeaway,2023-09-12,Autumn
9249,TXN_9506595,Tea,3.0,1.5,4.5,Cash,In-store,2023-07-10,Summer
9250,TXN_6646684,Cookie,3.0,1.0,3.0,Cash,Takeaway,2023-06-01,Summer
9251,TXN_6866644,Smoothie,1.0,4.0,4.0,Digital Wallet,Takeaway,2023-07-22,Summer
9252,TXN_7228322,Cookie,1.0,1.0,1.0,Credit Card,Takeaway,2023-02-18,Winter
9253,TXN_3595118,Coffee,2.0,3.0,6.0,Cash,In-store,2023-02-03,Winter
9254,TXN_4040941,Cookie,1.0,1.0,1.0,Cash,In-store,2023-02-20,Winter
9256,TXN_4738349,Smoothie,2.0,4.0,8.0,Digital Wallet,Takeaway,2023-02-06,Winter
9257,TXN_9436284,Coffee,3.0,2.0,6.0,Credit Card,Takeaway,2023-03-28,Spring
9258,TXN_1221801,Smoothie,2.0,4.0,8.0,Digital Wallet,Takeaway,2023-06-17,Summer
9259,TXN_3185929,Salad,3.0,5.0,15.0,Digital Wallet,Takeaway,2023-07-27,Summer
9260,TXN_2332609,Smoothie,5.0,4.0,20.0,Credit Card,In-store,2023-05-17,Spring
9261,TXN_4183705,Tea,2.0,1.5,3.0,Credit Card,In-store,2023-11-23,Autumn
9263,TXN_7435096,Tea,4.0,1.5,6.0,Digital Wallet,In-store,2023-10-21,Autumn
9264,TXN_2561471,Smoothie,1.0,4.0,4.0,Digital Wallet,In-store,2023-07-12,Summer
9265,TXN_3098503,Salad,1.0,5.0,5.0,Credit Card,Takeaway,2023-05-31,Spring
9266,TXN_1148060,Cookie,5.0,1.0,5.0,Cash,Takeaway,2023-10-12,Autumn
9267,TXN_5151780,Salad,4.0,5.0,20.0,Cash,Takeaway,2023-06-24,Summer
9268,TXN_3398955,Cookie,3.0,1.0,3.0,Cash,Takeaway,2023-10-19,Autumn
9269,TXN_8140360,Coffee,4.0,2.0,8.0,Digital Wallet,Takeaway,2023-05-05,Spring
9270,TXN_4448318,Coffee,4.0,2.0,8.0,Digital Wallet,Takeaway,2023-08-07,Summer
9271,TXN_8341520,Smoothie,3.0,4.0,12.0,Digital Wallet,Takeaway,2023-06-24,Summer
9272,TXN_9883214,Coffee,3.0,3.0,9.0,Digital Wallet,Takeaway,2023-04-04,Spring
9273,TXN_2912934,Cookie,5.0,1.0,5.0,Credit Card,Takeaway,2023-04-01,Spring
9274,TXN_7694996,Salad,4.0,5.0,20.0,Digital Wallet,In-store,2023-03-11,Spring
9275,TXN_5660244,Coffee,5.0,3.0,15.0,Digital Wallet,Takeaway,2023-10-04,Autumn
9276,TXN_7873479,Cookie,1.0,1.0,1.0,Credit Card,Takeaway,2023-03-18,Spring
9277,TXN_7771516,Smoothie,3.0,4.0,12.0,Digital Wallet,Takeaway,2023-05-26,Spring
9279,TXN_6775304,Tea,4.0,1.5,6.0,Cash,In-store,2023-03-08,Spring
9280,TXN_3801966,Smoothie,4.0,4.0,16.0,Digital Wallet,In-store,2023-01-14,Winter
9281,TXN_2849095,Coffee,3.0,2.0,6.0,Digital Wallet,In-store,2023-07-13,Summer
9282,TXN_1749930,Salad,5.0,5.0,25.0,Digital Wallet,In-store,2023-07-01,Summer
9283,TXN_2210925,Coffee,4.0,3.0,12.0,Cash,In-store,2023-07-06,Summer
9284,TXN_6810969,Smoothie,1.0,4.0,4.0,Digital Wallet,In-store,2023-03-08,Spring
9285,TXN_2651789,Cookie,1.0,1.0,1.0,Digital Wallet,Takeaway,2023-02-10,Winter
9286,TXN_7750963,Tea,4.0,1.5,6.0,Credit Card,In-store,2023-06-09,Summer
9287,TXN_8134280,Cookie,1.0,1.0,1.0,Digital Wallet,Takeaway,2023-01-29,Winter
9288,TXN_2231082,Coffee,5.0,3.0,15.0,Cash,In-store,2023-05-03,Spring
9289,TXN_2014042,Cookie,4.0,1.0,4.0,Digital Wallet,Takeaway,2023-10-27,Autumn
9290,TXN_1132293,Tea,4.0,1.5,6.0,Digital Wallet,Takeaway,2023-07-05,Summer
9291,TXN_3550177,Salad,5.0,5.0,25.0,Cash,Takeaway,2023-09-13,Autumn
9292,TXN_5326795,Cookie,2.0,1.0,2.0,Digital Wallet,Takeaway,2023-04-05,Spring
9293,TXN_1993503,Cookie,4.0,1.0,4.0,Credit Card,Takeaway,2023-08-16,Summer
9294,TXN_4097922,Salad,3.0,5.0,15.0,Cash,Takeaway,2023-01-16,Winter
9295,TXN_2317041,Tea,3.0,1.5,4.5,Cash,In-store,2023-01-15,Winter
9296,TXN_4648031,Tea,4.0,1.5,6.0,Digital Wallet,Takeaway,2023-09-04,Autumn
9297,TXN_4942960,Coffee,1.0,3.0,3.0,Digital Wallet,Takeaway,2023-04-12,Spring
9298,TXN_8740501,Salad,5.0,5.0,25.0,Digital Wallet,Takeaway,2023-02-05,Winter
9299,TXN_4523273,Coffee,4.0,3.0,12.0,Digital Wallet,Takeaway,2023-10-17,Autumn
9300,TXN_7276478,Smoothie,5.0,4.0,20.0,Cash,Takeaway,2023-09-07,Autumn
9301,TXN_6036240,Coffee,4.0,3.0,12.0,Credit Card,In-store,2023-10-30,Autumn
9302,TXN_1449866,Salad,4.0,5.0,20.0,Cash,Takeaway,2023-09-21,Autumn
9303,TXN_2882871,Salad,3.0,5.0,15.0,Credit Card,Takeaway,2023-08-30,Summer
9304,TXN_1047450,Coffee,2.0,2.0,4.0,Cash,In-store,2023-11-19,Autumn
9305,TXN_9673685,Salad,1.0,5.0,5.0,Cash,In-store,2023-12-11,Winter
9306,TXN_3547569,Smoothie,4.0,4.0,16.0,Digital Wallet,In-store,2023-08-04,Summer
9307,TXN_2866587,Smoothie,3.0,4.0,12.0,Credit Card,Takeaway,2023-09-16,Autumn
9308,TXN_1629218,Coffee,3.0,2.0,6.0,Digital Wallet,Takeaway,2023-06-27,Summer
9309,TXN_2964982,Smoothie,1.0,4.0,4.0,Digital Wallet,In-store,2023-04-15,Spring
9310,TXN_5974791,Cookie,2.0,1.0,2.0,Cash,Takeaway,2023-10-22,Autumn
9311,TXN_1005472,Coffee,4.0,2.0,8.0,Credit Card,Takeaway,2023-04-21,Spring
9312,TXN_7202898,Cookie,4.0,1.0,4.0,Digital Wallet,Takeaway,2023-07-18,Summer
9313,TXN_4511996,Coffee,3.0,3.0,9.0,Digital Wallet,Takeaway,2023-09-18,Autumn
9314,TXN_9896694,Smoothie,4.0,4.0,16.0,Cash,Takeaway,2023-02-16,Winter
9315,TXN_9881555,Coffee,5.0,3.0,15.0,Cash,In-store,2023-04-09,Spring
9316,TXN_9853220,Cookie,5.0,1.0,5.0,Credit Card,In-store,2023-04-02,Spring
9318,TXN_5723229,Coffee,5.0,3.0,15.0,Digital Wallet,Takeaway,2023-06-23,Summer
9319,TXN_1065721,Smoothie,4.0,4.0,16.0,Cash,Takeaway,2023-12-06,Winter
9322,TXN_8155446,Salad,3.0,5.0,15.0,Digital Wallet,Takeaway,2023-12-20,Winter
9323,TXN_2253852,Cookie,2.0,1.0,2.0,Credit Card,Takeaway,2023-08-26,Summer
9324,TXN_2810187,Coffee,4.0,2.0,8.0,Digital Wallet,In-store,2023-10-17,Autumn
9326,TXN_6994752,Coffee,4.0,3.0,12.0,Cash,Takeaway,2023-06-17,Summer
9327,TXN_7598654,Coffee,3.0,2.0,6.0,Credit Card,Takeaway,2023-11-26,Autumn
9328,TXN_8039560,Coffee,5.0,2.0,10.0,Digital Wallet,Takeaway,2023-03-29,Spring
9329,TXN_6785331,Coffee,1.0,3.0,3.0,Digital Wallet,Takeaway,2023-04-12,Spring
9330,TXN_8260297,Salad,2.0,5.0,10.0,Cash,In-store,2023-07-04,Summer
9331,TXN_7152012,Smoothie,3.0,4.0,12.0,Digital Wallet,In-store,2023-04-02,Spring
9332,TXN_7907366,Coffee,4.0,2.0,8.0,Digital Wallet,Takeaway,2023-01-13,Winter
9333,TXN_3830888,Coffee,4.0,2.0,8.0,Digital Wallet,In-store,2023-02-20,Winter
9334,TXN_1565027,Tea,3.0,1.5,4.5,Digital Wallet,Takeaway,2023-03-16,Spring
9335,TXN_5618377,Smoothie,2.0,4.0,8.0,Digital Wallet,In-store,2023-04-02,Spring
9336,TXN_3645674,Tea,4.0,1.5,6.0,Cash,Takeaway,2023-07-18,Summer
9337,TXN_2464236,Cookie,5.0,1.0,5.0,Digital Wallet,Takeaway,2023-04-02,Spring
9338,TXN_4543793,Smoothie,2.0,4.0,8.0,Cash,In-store,2023-10-12,Autumn
9339,TXN_5745921,Smoothie,2.0,4.0,8.0,Digital Wallet,In-store,2023-03-01,Spring
9340,TXN_7229419,Salad,2.0,5.0,10.0,Digital Wallet,Takeaway,2023-05-15,Spring
9341,TXN_9247075,Salad,3.0,5.0,15.0,Digital Wallet,In-store,2023-07-05,Summer
9342,TXN_6960459,Coffee,1.0,2.0,2.0,Credit Card,In-store,2023-07-24,Summer
9343,TXN_4679083,Coffee,5.0,3.0,15.0,Digital Wallet,Takeaway,2023-12-25,Winter
9344,TXN_3313534,Cookie,2.0,1.0,2.0,Digital Wallet,In-store,2023-01-05,Winter
9345,TXN_4969431,Salad,4.0,5.0,20.0,Credit Card,Takeaway,2023-04-11,Spring
9346,TXN_2977905,Smoothie,3.0,4.0,12.0,Digital Wallet,Takeaway,2023-06-23,Summer
9347,TXN_5341204,Coffee,1.0,2.0,2.0,Digital Wallet,Takeaway,2023-07-24,Summer
9348,TXN_2147706,Coffee,5.0,3.0,15.0,Digital Wallet,Takeaway,2023-03-23,Spring
9349,TXN_3663592,Smoothie,2.0,4.0,8.0,Digital Wallet,Takeaway,2023-08-26,Summer
9350,TXN_4459351,Smoothie,5.0,4.0,20.0,Credit Card,Takeaway,2023-12-08,Winter
9351,TXN_2976052,Cookie,5.0,1.0,5.0,Digital Wallet,Takeaway,2023-11-01,Autumn
9352,TXN_1373048,Salad,5.0,5.0,25.0,Digital Wallet,In-store,2023-08-31,Summer
9353,TXN_2575331,Cookie,5.0,1.0,5.0,Cash,In-store,2023-03-20,Spring
9354,TXN_4764236,Coffee,1.0,3.0,3.0,Digital Wallet,Takeaway,2023-05-29,Spring
9355,TXN_3544380,Coffee,1.0,3.0,3.0,Credit Card,In-store,2023-09-13,Autumn
9356,TXN_2104473,Coffee,3.0,3.0,9.0,Digital Wallet,Takeaway,2023-01-01,Winter
9357,TXN_3819405,Coffee,4.0,3.0,12.0,Digital Wallet,In-store,2023-02-16,Winter
9358,TXN_3512665,Salad,5.0,5.0,25.0,Credit Card,Takeaway,2023-10-16,Autumn
9359,TXN_1696813,Cookie,3.0,1.0,3.0,Cash,In-store,2023-04-02,Spring
9360,TXN_4631228,Coffee,1.0,3.0,3.0,Digital Wallet,Takeaway,2023-10-07,Autumn
9361,TXN_2084232,Tea,4.0,1.5,6.0,Digital Wallet,Takeaway,2023-10-11,Autumn
9362,TXN_5399303,Coffee,2.0,2.0,4.0,Digital Wallet,Takeaway,2023-11-02,Autumn
9363,TXN_1251960,Smoothie,5.0,4.0,20.0,Digital Wallet,Takeaway,2023-11-20,Autumn
9364,TXN_1984774,Tea,3.0,1.5,4.5,Cash,Takeaway,2023-11-13,Autumn
9365,TXN_9886794,Coffee,1.0,3.0,3.0,Cash,Takeaway,2023-06-06,Summer
9366,TXN_3821298,Smoothie,5.0,4.0,20.0,Credit Card,Takeaway,2023-04-26,Spring
9367,TXN_1057760,Coffee,4.0,3.0,12.0,Credit Card,Takeaway,2023-02-20,Winter
9368,TXN_2294778,Cookie,3.0,1.0,3.0,Digital Wallet,Takeaway,2023-05-29,Spring
9369,TXN_6091431,Tea,3.0,1.5,4.5,Credit Card,Takeaway,2023-11-16,Autumn
9370,TXN_1728644,Coffee,1.0,2.0,2.0,Cash,Takeaway,2023-04-07,Spring
9371,TXN_6993624,Coffee,4.0,3.0,12.0,Cash,Takeaway,2023-05-09,Spring
9373,TXN_9018366,Coffee,5.0,3.0,15.0,Cash,Takeaway,2023-03-31,Spring
9374,TXN_7708810,Smoothie,1.0,4.0,4.0,Cash,Takeaway,2023-06-09,Summer
9375,TXN_8726874,Smoothie,2.0,4.0,8.0,Digital Wallet,Takeaway,2023-09-30,Autumn
9376,TXN_4190431,Tea,3.0,1.5,4.5,Digital Wallet,Takeaway,2023-09-23,Autumn
9377,TXN_5201123,Salad,2.0,5.0,10.0,Digital Wallet,Takeaway,2023-07-12,Summer
9378,TXN_6172528,Smoothie,3.0,4.0,12.0,Credit Card,In-store,2023-05-18,Spring
9379,TXN_1193551,Cookie,1.0,1.0,1.0,Digital Wallet,Takeaway,2023-01-07,Winter
9381,TXN_2702861,Cookie,4.0,1.0,4.0,Digital Wallet,Takeaway,2023-06-02,Summer
9383,TXN_1256851,Smoothie,4.0,4.0,16.0,Digital Wallet,In-store,2023-07-29,Summer
9384,TXN_4146795,Tea,5.0,1.5,7.5,Cash,In-store,2023-10-29,Autumn
9385,TXN_2203873,Tea,3.0,1.5,4.5,Digital Wallet,Takeaway,2023-01-26,Winter
9386,TXN_5018462,Smoothie,5.0,4.0,20.0,Cash,In-store,2023-11-28,Autumn
9387,TXN_6133971,Smoothie,5.0,4.0,20.0,Credit Card,Takeaway,2023-04-18,Spring
9388,TXN_1417400,Cookie,2.0,1.0,2.0,Cash,In-store,2023-03-20,Spring
9389,TXN_4239859,Coffee,1.0,3.0,3.0,Digital Wallet,Takeaway,2023-02-03,Winter
9390,TXN_5369010,Salad,4.0,5.0,20.0,Cash,Takeaway,2023-04-23,Spring
9391,TXN_4877436,Coffee,4.0,3.0,12.0,Digital Wallet,Takeaway,2023-10-08,Autumn
9392,TXN_9697670,Coffee,3.0,3.0,9.0,Cash,Takeaway,2023-12-29,Winter
9393,TXN_8643596,Coffee,5.0,2.0,10.0,Credit Card,Takeaway,2023-03-29,Spring
9394,TXN_1654784,Cookie,5.0,1.0,5.0,Digital Wallet,In-store,2023-12-31,Winter
9395,TXN_4422898,Salad,2.0,5.0,10.0,Credit Card,In-store,2023-04-20,Spring
9396,TXN_4175191,Smoothie,2.0,4.0,8.0,Cash,Takeaway,2023-11-20,Autumn
9397,TXN_3196388,Salad,3.0,5.0,15.0,Cash,In-store,2023-03-04,Spring
9398,TXN_6960031,Smoothie,5.0,4.0,20.0,Digital Wallet,Takeaway,2023-04-25,Spring
9399,TXN_8963106,Coffee,5.0,2.0,10.0,Cash,In-store,2023-04-01,Spring
9400,TXN_7167980,Smoothie,3.0,4.0,12.0,Digital Wallet,Takeaway,2023-10-05,Autumn
9401,TXN_8732716,Tea,3.0,1.5,4.5,Digital Wallet,Takeaway,2023-12-29,Winter
9402,TXN_3530118,Coffee,5.0,3.0,15.0,Digital Wallet,Takeaway,2023-11-14,Autumn
9403,TXN_7875743,Coffee,5.0,3.0,15.0,Cash,Takeaway,2023-04-17,Spring
9405,TXN_1933315,Coffee,2.0,3.0,6.0,Digital Wallet,In-store,2023-09-29,Autumn
9406,TXN_5674503,Coffee,3.0,3.0,9.0,Digital Wallet,Takeaway,2023-12-14,Winter
9407,TXN_5252187,Smoothie,1.0,4.0,4.0,Cash,Takeaway,2023-01-20,Winter
9408,TXN_4668931,Coffee,3.0,3.0,9.0,Cash,In-store,2023-07-09,Summer
9409,TXN_2504703,Smoothie,5.0,4.0,20.0,Digital Wallet,Takeaway,2023-01-09,Winter
9410,TXN_3113428,Coffee,2.0,3.0,6.0,Cash,In-store,2023-10-30,Autumn
9412,TXN_7595115,Smoothie,2.0,4.0,8.0,Digital Wallet,Takeaway,2023-04-17,Spring
9413,TXN_9034955,Cookie,1.0,1.0,1.0,Credit Card,In-store,2023-09-07,Autumn
9414,TXN_7856009,Coffee,2.0,3.0,6.0,Digital Wallet,Takeaway,2023-05-27,Spring
9415,TXN_2375919,Smoothie,3.0,4.0,12.0,Digital Wallet,Takeaway,2023-11-23,Autumn
9416,TXN_9344399,Cookie,2.0,1.0,2.0,Digital Wallet,Takeaway,2023-12-04,Winter
9417,TXN_1091243,Smoothie,2.0,4.0,8.0,Digital Wallet,In-store,2023-01-06,Winter
9418,TXN_8800741,Coffee,4.0,2.0,8.0,Digital Wallet,Takeaway,2023-06-26,Summer
9419,TXN_3546303,Tea,2.0,1.5,3.0,Digital Wallet,Takeaway,2023-09-11,Autumn
9420,TXN_7595096,Coffee,1.0,3.0,3.0,Digital Wallet,Takeaway,2023-11-02,Autumn
9421,TXN_4788849,Cookie,1.0,1.0,1.0,Digital Wallet,Takeaway,2023-03-13,Spring
9422,TXN_7838802,Cookie,2.0,1.0,2.0,Credit Card,Takeaway,2023-11-20,Autumn
9423,TXN_6736326,Salad,2.0,5.0,10.0,Credit Card,In-store,2023-04-14,Spring
9424,TXN_2536021,Cookie,5.0,1.0,5.0,Digital Wallet,Takeaway,2023-10-02,Autumn
9425,TXN_2065683,Coffee,3.0,2.0,6.0,Digital Wallet,Takeaway,2023-09-21,Autumn
9426,TXN_5538696,Coffee,2.0,2.0,4.0,Digital Wallet,In-store,2023-08-30,Summer
9427,TXN_8434651,Coffee,4.0,3.0,12.0,Digital Wallet,Takeaway,2023-01-27,Winter
9429,TXN_5466291,Salad,1.0,5.0,5.0,Credit Card,Takeaway,2023-09-19,Autumn
9430,TXN_2643389,Smoothie,2.0,4.0,8.0,Credit Card,Takeaway,2023-08-24,Summer
9431,TXN_9817135,Salad,1.0,5.0,5.0,Digital Wallet,Takeaway,2023-03-25,Spring
9432,TXN_7426086,Coffee,4.0,2.0,8.0,Digital Wallet,Takeaway,2023-01-13,Winter
9433,TXN_9327861,Tea,5.0,1.5,7.5,Credit Card,In-store,2023-07-17,Summer
9434,TXN_3971440,Coffee,4.0,3.0,12.0,Digital Wallet,Takeaway,2023-10-22,Autumn
9435,TXN_8494583,Cookie,5.0,1.0,5.0,Credit Card,In-store,2023-11-29,Autumn
9436,TXN_8083377,Tea,4.0,1.5,6.0,Digital Wallet,In-store,2023-01-06,Winter
9437,TXN_6883187,Coffee,2.0,3.0,6.0,Digital Wallet,Takeaway,2023-11-16,Autumn
9438,TXN_8340038,Tea,1.0,1.5,1.5,Digital Wallet,In-store,2023-07-15,Summer
9439,TXN_2275799,Smoothie,3.0,4.0,12.0,Digital Wallet,In-store,2023-10-04,Autumn
9440,TXN_3497691,Smoothie,4.0,4.0,16.0,Credit Card,Takeaway,2023-09-06,Autumn
9441,TXN_5881237,Cookie,2.0,1.0,2.0,Digital Wallet,Takeaway,2023-08-14,Summer
9442,TXN_2271705,Tea,5.0,1.5,7.5,Digital Wallet,Takeaway,2023-07-20,Summer
9443,TXN_1640172,Salad,1.0,5.0,5.0,Digital Wallet,Takeaway,2023-04-13,Spring
9444,TXN_4618211,Smoothie,4.0,4.0,16.0,Cash,Takeaway,2023-09-12,Autumn
9445,TXN_9618563,Smoothie,1.0,4.0,4.0,Digital Wallet,Takeaway,2023-02-24,Winter
9446,TXN_4374260,Cookie,1.0,1.0,1.0,Cash,Takeaway,2023-04-20,Spring
9447,TXN_1946773,Smoothie,4.0,4.0,16.0,Cash,Takeaway,2023-08-28,Summer
9448,TXN_4387523,Coffee,3.0,3.0,9.0,Digital Wallet,Takeaway,2023-02-07,Winter
9449,TXN_7661094,Salad,4.0,5.0,20.0,Cash,Takeaway,2023-07-21,Summer
9450,TXN_6766664,Coffee,3.0,2.0,6.0,Digital Wallet,Takeaway,2023-05-21,Spring
9452,TXN_1861717,Tea,2.0,1.5,3.0,Cash,In-store,2023-11-10,Autumn
9453,TXN_3421079,Smoothie,1.0,4.0,4.0,Credit Card,In-store,2023-12-18,Winter
9455,TXN_7636536,Cookie,2.0,1.0,2.0,Cash,Takeaway,2023-05-06,Spring
9456,TXN_4971607,Smoothie,5.0,4.0,20.0,Cash,In-store,2023-03-30,Spring
9458,TXN_9701622,Cookie,5.0,1.0,5.0,Digital Wallet,Takeaway,2023-09-24,Autumn
9459,TXN_6966241,Coffee,2.0,3.0,6.0,Digital Wallet,In-store,2023-04-13,Spring
9460,TXN_9252700,Coffee,3.0,3.0,9.0,Credit Card,Takeaway,2023-08-24,Summer
9461,TXN_1124900,Smoothie,4.0,4.0,16.0,Credit Card,In-store,2023-09-08,Autumn
9462,TXN_3964624,Tea,3.0,1.5,4.5,Digital Wallet,In-store,2023-09-20,Autumn
9463,TXN_2226371,Coffee,1.0,3.0,3.0,Cash,Takeaway,2023-11-18,Autumn
9465,TXN_5777164,Smoothie,1.0,4.0,4.0,Credit Card,Takeaway,2023-02-07,Winter
9466,TXN_5817802,Coffee,5.0,2.0,10.0,Digital Wallet,In-store,2023-02-13,Winter
9467,TXN_3787234,Tea,2.0,1.5,3.0,Digital Wallet,In-store,2023-03-15,Spring
9468,TXN_4525646,Coffee,3.0,3.0,9.0,Credit Card,Takeaway,2023-07-07,Summer
9469,TXN_7004303,Smoothie,3.0,4.0,12.0,Cash,In-store,2023-10-06,Autumn
9470,TXN_8649416,Coffee,5.0,3.0,15.0,Credit Card,Takeaway,2023-09-21,Autumn
9471,TXN_3219599,Coffee,2.0,3.0,6.0,Digital Wallet,Takeaway,2023-08-22,Summer
9472,TXN_1394131,Coffee,4.0,3.0,12.0,Digital Wallet,Takeaway,2023-06-13,Summer
9473,TXN_9237291,Coffee,2.0,3.0,6.0,Credit Card,Takeaway,2023-09-22,Autumn
9474,TXN_9520855,Coffee,4.0,3.0,12.0,Digital Wallet,Takeaway,2023-01-11,Winter
9475,TXN_4565080,Smoothie,4.0,4.0,16.0,Digital Wallet,In-store,2023-09-28,Autumn
9476,TXN_8348710,Coffee,1.0,2.0,2.0,Cash,In-store,2023-12-27,Winter
9477,TXN_5127819,Coffee,3.0,3.0,9.0,Digital Wallet,Takeaway,2023-04-03,Spring
9478,TXN_7496394,Smoothie,4.0,4.0,16.0,Digital Wallet,Takeaway,2023-06-12,Summer
9479,TXN_8495889,Coffee,1.0,3.0,3.0,Cash,Takeaway,2023-06-26,Summer
9480,TXN_5064188,Smoothie,4.0,4.0,16.0,Credit Card,Takeaway,2023-12-08,Winter
9481,TXN_6104335,Smoothie,2.0,4.0,8.0,Credit Card,Takeaway,2023-11-13,Autumn
9482,TXN_5313435,Salad,4.0,5.0,20.0,Cash,Takeaway,2023-02-18,Winter
9483,TXN_6700745,Coffee,3.0,3.0,9.0,Digital Wallet,In-store,2023-04-23,Spring
9484,TXN_9897215,Coffee,3.0,3.0,9.0,Credit Card,Takeaway,2023-11-22,Autumn
9485,TXN_7764175,Salad,3.0,5.0,15.0,Cash,In-store,2023-09-02,Autumn
9486,TXN_3027490,Cookie,3.0,1.0,3.0,Digital Wallet,Takeaway,2023-02-25,Winter
9487,TXN_5368297,Smoothie,2.0,4.0,8.0,Digital Wallet,Takeaway,2023-10-04,Autumn
9488,TXN_2053125,Salad,1.0,5.0,5.0,Digital Wallet,Takeaway,2023-07-26,Summer
9489,TXN_2522828,Smoothie,4.0,4.0,16.0,Credit Card,Takeaway,2023-01-15,Winter
9490,TXN_6616787,Coffee,2.0,3.0,6.0,Digital Wallet,In-store,2023-09-29,Autumn
9491,TXN_6419317,Smoothie,4.0,4.0,16.0,Credit Card,Takeaway,2023-02-25,Winter
9492,TXN_5939950,Smoothie,2.0,4.0,8.0,Cash,Takeaway,2023-06-16,Summer
9493,TXN_4607296,Coffee,5.0,3.0,15.0,Digital Wallet,In-store,2023-04-02,Spring
9494,TXN_8316135,Salad,3.0,5.0,15.0,Digital Wallet,Takeaway,2023-11-06,Autumn
9495,TXN_7910956,Coffee,5.0,2.0,10.0,Digital Wallet,In-store,2023-07-21,Summer
9496,TXN_1142233,Tea,5.0,1.5,7.5,Digital Wallet,Takeaway,2023-09-01,Autumn
9497,TXN_9810581,Coffee,1.0,3.0,3.0,Cash,Takeaway,2023-11-20,Autumn
9498,TXN_2588566,Salad,3.0,5.0,15.0,Digital Wallet,Takeaway,2023-01-10,Winter
9499,TXN_3786518,Salad,1.0,5.0,5.0,Credit Card,In-store,2023-09-16,Autumn
9500,TXN_2009407,Coffee,5.0,3.0,15.0,Cash,Takeaway,2023-05-05,Spring
9501,TXN_9163155,Coffee,4.0,2.0,8.0,Credit Card,Takeaway,2023-04-23,Spring
9502,TXN_8272750,Salad,5.0,5.0,25.0,Digital Wallet,Takeaway,2023-05-18,Spring
9504,TXN_8532735,Coffee,2.0,2.0,4.0,Cash,Takeaway,2023-07-28,Summer
9505,TXN_1697299,Smoothie,3.0,4.0,12.0,Cash,In-store,2023-10-08,Autumn
9506,TXN_5785639,Salad,1.0,5.0,5.0,Credit Card,Takeaway,2023-04-10,Spring
9507,TXN_8445753,Tea,4.0,1.5,6.0,Cash,Takeaway,2023-04-07,Spring
9508,TXN_3641519,Cookie,5.0,1.0,5.0,Digital Wallet,In-store,2023-06-08,Summer
9509,TXN_1985278,Smoothie,3.0,4.0,12.0,Digital Wallet,In-store,2023-02-13,Winter
9510,TXN_6612143,Tea,5.0,1.5,7.5,Cash,In-store,2023-11-07,Autumn
9511,TXN_8352416,Salad,1.0,5.0,5.0,Digital Wallet,In-store,2023-07-26,Summer
9512,TXN_5498693,Coffee,4.0,3.0,12.0,Digital Wallet,Takeaway,2023-05-13,Spring
9513,TXN_2644561,Smoothie,4.0,4.0,16.0,Digital Wallet,Takeaway,2023-09-13,Autumn
9514,TXN_8912001,Cookie,1.0,1.0,1.0,Credit Card,Takeaway,2023-03-27,Spring
9515,TXN_8330837,Coffee,3.0,3.0,9.0,Digital Wallet,Takeaway,2023-10-13,Autumn
9516,TXN_3703482,Coffee,4.0,3.0,12.0,Digital Wallet,Takeaway,2023-01-08,Winter
9517,TXN_3455103,Salad,1.0,5.0,5.0,Digital Wallet,Takeaway,2023-04-22,Spring
9518,TXN_1496962,Smoothie,5.0,4.0,20.0,Digital Wallet,In-store,2023-12-17,Winter
9519,TXN_4216294,Tea,4.0,1.5,6.0,Cash,In-store,2023-10-19,Autumn
9520,TXN_3002889,Coffee,3.0,2.0,6.0,Digital Wallet,Takeaway,2023-10-22,Autumn
9521,TXN_4275827,Tea,2.0,1.5,3.0,Cash,Takeaway,2023-04-21,Spring
9522,TXN_6044312,Coffee,2.0,3.0,6.0,Digital Wallet,In-store,2023-01-03,Winter
9523,TXN_4008135,Cookie,5.0,1.0,5.0,Cash,Takeaway,2023-11-25,Autumn
9524,TXN_5336876,Smoothie,3.0,4.0,12.0,Credit Card,Takeaway,2023-07-07,Summer
9525,TXN_8990020,Smoothie,4.0,4.0,16.0,Digital Wallet,In-store,2023-09-09,Autumn
9526,TXN_5654331,Coffee,4.0,2.0,8.0,Cash,In-store,2023-07-31,Summer
9527,TXN_1213938,Salad,5.0,5.0,25.0,Digital Wallet,Takeaway,2023-07-06,Summer
9528,TXN_2522182,Salad,2.0,5.0,10.0,Digital Wallet,In-store,2023-11-11,Autumn
9529,TXN_5329431,Smoothie,3.0,4.0,12.0,Credit Card,In-store,2023-10-03,Autumn
9530,TXN_9647494,Smoothie,2.0,4.0,8.0,Credit Card,Takeaway,2023-10-21,Autumn
9531,TXN_8482887,Salad,1.0,5.0,5.0,Digital Wallet,Takeaway,2023-10-29,Autumn
9532,TXN_3883425,Smoothie,5.0,4.0,20.0,Digital Wallet,Takeaway,2023-07-09,Summer
9533,TXN_4434185,Smoothie,5.0,4.0,20.0,Credit Card,Takeaway,2023-04-30,Spring
9534,TXN_7388851,Smoothie,1.0,4.0,4.0,Digital Wallet,Takeaway,2023-09-30,Autumn
9535,TXN_8460225,Smoothie,5.0,4.0,20.0,Digital Wallet,In-store,2023-02-23,Winter
9536,TXN_5471175,Cookie,4.0,1.0,4.0,Cash,Takeaway,2023-04-16,Spring
9537,TXN_1874601,Coffee,4.0,2.0,8.0,Digital Wallet,Takeaway,2023-12-10,Winter
9538,TXN_3641001,Smoothie,3.0,4.0,12.0,Digital Wallet,Takeaway,2023-11-10,Autumn
9539,TXN_6446441,Salad,3.0,5.0,15.0,Digital Wallet,Takeaway,2023-02-18,Winter
9540,TXN_9718216,Coffee,4.0,3.0,12.0,Digital Wallet,Takeaway,2023-07-07,Summer
9541,TXN_7391138,Tea,5.0,1.5,7.5,Cash,Takeaway,2023-08-23,Summer
9542,TXN_9548077,Tea,2.0,1.5,3.0,Cash,In-store,2023-07-05,Summer
9543,TXN_9185022,Smoothie,3.0,4.0,12.0,Digital Wallet,In-store,2023-06-19,Summer
9544,TXN_6841993,Coffee,3.0,3.0,9.0,Cash,Takeaway,2023-09-15,Autumn
9545,TXN_1701766,Coffee,4.0,3.0,12.0,Digital Wallet,Takeaway,2023-11-22,Autumn
9546,TXN_9541057,Coffee,4.0,3.0,12.0,Cash,In-store,2023-04-24,Spring
9547,TXN_4699706,Coffee,5.0,2.0,10.0,Digital Wallet,In-store,2023-12-04,Winter
9548,TXN_2451247,Tea,4.0,1.5,6.0,Digital Wallet,Takeaway,2023-02-14,Winter
9549,TXN_6272908,Coffee,3.0,3.0,9.0,Cash,Takeaway,2023-12-01,Winter
9550,TXN_9093708,Smoothie,3.0,4.0,12.0,Credit Card,In-store,2023-12-08,Winter
9551,TXN_7785034,Smoothie,4.0,4.0,16.0,Digital Wallet,Takeaway,2023-11-09,Autumn
9552,TXN_4048690,Coffee,3.0,3.0,9.0,Cash,In-store,2023-09-06,Autumn
9553,TXN_4971992,Coffee,2.0,3.0,6.0,Digital Wallet,Takeaway,2023-09-24,Autumn
9554,TXN_6738516,Smoothie,5.0,4.0,20.0,Cash,Takeaway,2023-10-07,Autumn
9555,TXN_3919995,Tea,3.0,1.5,4.5,Cash,Takeaway,2023-01-26,Winter
9556,TXN_3522385,Smoothie,4.0,4.0,16.0,Credit Card,Takeaway,2023-03-19,Spring
9557,TXN_3140020,Coffee,5.0,3.0,15.0,Digital Wallet,In-store,2023-06-19,Summer
9558,TXN_9756401,Salad,3.0,5.0,15.0,Cash,In-store,2023-02-04,Winter
9559,TXN_1937081,Coffee,2.0,3.0,6.0,Credit Card,Takeaway,2023-06-07,Summer
9560,TXN_9668584,Cookie,2.0,1.0,2.0,Digital Wallet,Takeaway,2023-12-13,Winter
9561,TXN_2544072,Cookie,1.0,1.0,1.0,Digital Wallet,In-store,2023-08-17,Summer
9562,TXN_7260110,Salad,5.0,5.0,25.0,Credit Card,In-store,2023-03-07,Spring
9563,TXN_1588687,Coffee,2.0,2.0,4.0,Digital Wallet,Takeaway,2023-08-22,Summer
9564,TXN_2886505,Tea,3.0,1.5,4.5,Digital Wallet,Takeaway,2023-09-05,Autumn
9565,TXN_3864453,Cookie,5.0,1.0,5.0,Digital Wallet,Takeaway,2023-11-15,Autumn
9566,TXN_5346027,Smoothie,2.0,4.0,8.0,Digital Wallet,Takeaway,2023-12-19,Winter
9568,TXN_8690361,Smoothie,3.0,4.0,12.0,Digital Wallet,Takeaway,2023-07-12,Summer
9569,TXN_8419805,Coffee,5.0,3.0,15.0,Digital Wallet,In-store,2023-07-24,Summer
9570,TXN_3125699,Coffee,1.0,3.0,3.0,Credit Card,Takeaway,2023-02-05,Winter
9571,TXN_5106316,Smoothie,5.0,4.0,20.0,Digital Wallet,Takeaway,2023-01-23,Winter
9572,TXN_5666369,Coffee,2.0,3.0,6.0,Digital Wallet,In-store,2023-07-17,Summer
9573,TXN_7712807,Smoothie,4.0,4.0,16.0,Credit Card,Takeaway,2023-02-17,Winter
9574,TXN_8199561,Cookie,4.0,1.0,4.0,Digital Wallet,Takeaway,2023-07-31,Summer
9575,TXN_4334932,Coffee,2.0,2.0,4.0,Digital Wallet,In-store,2023-12-27,Winter
9576,TXN_4082099,Coffee,2.0,3.0,6.0,Credit Card,In-store,2023-06-01,Summer
9577,TXN_9191700,Tea,5.0,1.5,7.5,Digital Wallet,In-store,2023-10-01,Autumn
9579,TXN_9921392,Coffee,5.0,2.0,10.0,Digital Wallet,Takeaway,2023-06-28,Summer
9580,TXN_7125395,Salad,1.0,5.0,5.0,Cash,Takeaway,2023-07-23,Summer
9581,TXN_4521701,Coffee,4.0,3.0,12.0,Digital Wallet,In-store,2023-10-08,Autumn
9582,TXN_4243930,Smoothie,5.0,4.0,20.0,Cash,In-store,2023-06-07,Summer
9583,TXN_1418829,Smoothie,1.0,4.0,4.0,Digital Wallet,Takeaway,2023-09-19,Autumn
9584,TXN_8955306,Coffee,3.0,2.0,6.0,Credit Card,In-store,2023-10-14,Autumn
9585,TXN_7851403,Coffee,5.0,2.0,10.0,Credit Card,Takeaway,2023-03-06,Spring
9586,TXN_5288715,Coffee,3.0,3.0,9.0,Digital Wallet,Takeaway,2023-04-19,Spring
9587,TXN_7108056,Coffee,3.0,3.0,9.0,Credit Card,Takeaway,2023-01-25,Winter
9588,TXN_9950775,Salad,4.0,5.0,20.0,Credit Card,Takeaway,2023-02-20,Winter
9589,TXN_9688601,Coffee,1.0,3.0,3.0,Digital Wallet,In-store,2023-10-16,Autumn
9591,TXN_8807429,Cookie,4.0,1.0,4.0,Digital Wallet,Takeaway,2023-07-21,Summer
9592,TXN_3340550,Coffee,2.0,3.0,6.0,Digital Wallet,Takeaway,2023-05-02,Spring
9593,TXN_4380808,Coffee,4.0,3.0,12.0,Digital Wallet,In-store,2023-04-30,Spring
9594,TXN_6403012,Coffee,5.0,3.0,15.0,Cash,In-store,2023-07-23,Summer
9595,TXN_4176272,Coffee,1.0,2.0,2.0,Digital Wallet,Takeaway,2023-06-06,Summer
9596,TXN_9293877,Coffee,5.0,3.0,15.0,Digital Wallet,Takeaway,2023-08-24,Summer
9597,TXN_8609510,Coffee,5.0,3.0,15.0,Digital Wallet,Takeaway,2023-05-08,Spring
9598,TXN_2294776,Coffee,4.0,3.0,12.0,Credit Card,Takeaway,2023-04-10,Spring
9599,TXN_8068515,Cookie,1.0,1.0,1.0,Cash,Takeaway,2023-06-16,Summer
9601,TXN_2556999,Tea,1.0,1.5,1.5,Credit Card,Takeaway,2023-08-14,Summer
9602,TXN_3816131,Coffee,3.0,3.0,9.0,Digital Wallet,Takeaway,2023-01-23,Winter
9603,TXN_6564856,Tea,5.0,1.5,7.5,Digital Wallet,Takeaway,2023-02-16,Winter
9604,TXN_4822256,Smoothie,1.0,4.0,4.0,Credit Card,Takeaway,2023-11-11,Autumn
9605,TXN_9397870,Coffee,2.0,3.0,6.0,Digital Wallet,Takeaway,2023-05-23,Spring
9606,TXN_4976485,Salad,5.0,5.0,25.0,Digital Wallet,Takeaway,2023-07-10,Summer
9607,TXN_4856060,Coffee,1.0,3.0,3.0,Cash,Takeaway,2023-07-29,Summer
9608,TXN_3967103,Coffee,5.0,2.0,10.0,Cash,Takeaway,2023-11-14,Autumn
9609,TXN_8746881,Coffee,2.0,3.0,6.0,Digital Wallet,Takeaway,2023-11-07,Autumn
9611,TXN_8732682,Salad,5.0,5.0,25.0,Credit Card,In-store,2023-04-07,Spring
9612,TXN_3687257,Tea,4.0,1.5,6.0,Credit Card,Takeaway,2023-03-27,Spring
9613,TXN_3616839,Coffee,4.0,3.0,12.0,Digital Wallet,Takeaway,2023-04-01,Spring
9614,TXN_2875074,Coffee,4.0,3.0,12.0,Credit Card,Takeaway,2023-02-06,Winter
9615,TXN_5470909,Cookie,4.0,1.0,4.0,Credit Card,In-store,2023-10-21,Autumn
9616,TXN_5680657,Coffee,5.0,3.0,15.0,Cash,In-store,2023-05-16,Spring
9617,TXN_3587915,Salad,2.0,5.0,10.0,Digital Wallet,Takeaway,2023-06-24,Summer
9618,TXN_9406938,Salad,1.0,5.0,5.0,Digital Wallet,Takeaway,2023-10-09,Autumn
9619,TXN_9342366,Smoothie,3.0,4.0,12.0,Credit Card,Takeaway,2023-02-18,Winter
9620,TXN_3101697,Salad,3.0,5.0,15.0,Cash,In-store,2023-05-29,Spring
9621,TXN_6146889,Coffee,2.0,3.0,6.0,Digital Wallet,Takeaway,2023-09-01,Autumn
9622,TXN_7226052,Smoothie,3.0,4.0,12.0,Cash,In-store,2023-02-21,Winter
9623,TXN_3422336,Tea,5.0,1.5,7.5,Digital Wallet,Takeaway,2023-08-02,Summer
9624,TXN_8644398,Smoothie,4.0,4.0,16.0,Digital Wallet,Takeaway,2023-02-08,Winter
9625,TXN_8112788,Smoothie,1.0,4.0,4.0,Credit Card,Takeaway,2023-08-07,Summer
9626,TXN_4179583,Smoothie,3.0,4.0,12.0,Digital Wallet,Takeaway,2023-06-13,Summer
9627,TXN_3787265,Salad,1.0,5.0,5.0,Credit Card,In-store,2023-12-16,Winter
9628,TXN_3577683,Cookie,2.0,1.0,2.0,Digital Wallet,In-store,2023-09-17,Autumn
9629,TXN_1310741,Smoothie,3.0,4.0,12.0,Digital Wallet,Takeaway,2023-07-25,Summer
9630,TXN_2862856,Coffee,5.0,3.0,15.0,Digital Wallet,Takeaway,2023-02-01,Winter
9631,TXN_4940237,Coffee,2.0,3.0,6.0,Cash,Takeaway,2023-08-03,Summer
9632,TXN_8765822,Coffee,1.0,3.0,3.0,Credit Card,Takeaway,2023-03-22,Spring
9633,TXN_3205813,Coffee,3.0,3.0,9.0,Cash,In-store,2023-04-25,Spring
9634,TXN_8436045,Coffee,5.0,3.0,15.0,Credit Card,Takeaway,2023-08-08,Summer
9635,TXN_5751040,Tea,5.0,1.5,7.5,Cash,Takeaway,2023-02-27,Winter
9636,TXN_4657291,Coffee,2.0,2.0,4.0,Digital Wallet,Takeaway,2023-05-05,Spring
9637,TXN_8018572,Cookie,5.0,1.0,5.0,Digital Wallet,In-store,2023-10-09,Autumn
9638,TXN_3454877,Smoothie,5.0,4.0,20.0,Credit Card,Takeaway,2023-04-19,Spring
9639,TXN_1837764,Tea,3.0,1.5,4.5,Cash,In-store,2023-07-30,Summer
9640,TXN_4120124,Coffee,1.0,2.0,2.0,Digital Wallet,Takeaway,2023-06-08,Summer
9641,TXN_1661682,Smoothie,5.0,4.0,20.0,Digital Wallet,Takeaway,2023-07-13,Summer
9642,TXN_1927404,Coffee,1.0,3.0,3.0,Digital Wallet,Takeaway,2023-12-22,Winter
9643,TXN_9147596,Coffee,2.0,2.0,4.0,Digital Wallet,Takeaway,2023-10-08,Autumn
9644,TXN_5012988,Salad,3.0,5.0,15.0,Credit Card,Takeaway,2023-08-17,Summer
9645,TXN_1534763,Cookie,2.0,1.0,2.0,Cash,Takeaway,2023-09-17,Autumn
9646,TXN_4485458,Smoothie,4.0,4.0,16.0,Cash,Takeaway,2023-12-08,Winter
9647,TXN_9288882,Smoothie,3.0,4.0,12.0,Digital Wallet,In-store,2023-04-23,Spring
9648,TXN_3964550,Tea,3.0,1.5,4.5,Credit Card,Takeaway,2023-06-09,Summer
9649,TXN_2509803,Coffee,1.0,2.0,2.0,Digital Wallet,Takeaway,2023-02-22,Winter
9650,TXN_3769567,Cookie,1.0,1.0,1.0,Digital Wallet,In-store,2023-02-10,Winter
9651,TXN_4529101,Cookie,2.0,1.0,2.0,Digital Wallet,In-store,2023-09-17,Autumn
9652,TXN_2391534,Cookie,3.0,1.0,3.0,Credit Card,Takeaway,2023-05-06,Spring
9653,TXN_8379919,Cookie,3.0,1.0,3.0,Digital Wallet,Takeaway,2023-12-04,Winter
9654,TXN_6474636,Tea,3.0,1.5,4.5,Digital Wallet,In-store,2023-10-25,Autumn
9655,TXN_6219977,Cookie,2.0,1.0,2.0,Credit Card,Takeaway,2023-12-17,Winter
9656,TXN_5731238,Coffee,2.0,3.0,6.0,Credit Card,Takeaway,2023-03-27,Spring
9657,TXN_7825796,Tea,2.0,1.5,3.0,Digital Wallet,Takeaway,2023-04-03,Spring
9658,TXN_2375667,Salad,1.0,5.0,5.0,Cash,Takeaway,2023-12-28,Winter
9659,TXN_5213761,Coffee,3.0,2.0,6.0,Digital Wallet,Takeaway,2023-08-18,Summer
9660,TXN_1427485,Coffee,3.0,2.0,6.0,Credit Card,Takeaway,2023-07-19,Summer
9661,TXN_5954991,Smoothie,3.0,4.0,12.0,Digital Wallet,Takeaway,2023-08-07,Summer
9662,TXN_8860270,Smoothie,1.0,4.0,4.0,Cash,Takeaway,2023-11-06,Autumn
9663,TXN_6482416,Coffee,1.0,2.0,2.0,Digital Wallet,Takeaway,2023-07-20,Summer
9664,TXN_4916611,Coffee,5.0,3.0,15.0,Digital Wallet,Takeaway,2023-05-21,Spring
9665,TXN_4814244,Smoothie,3.0,4.0,12.0,Digital Wallet,In-store,2023-06-01,Summer
9666,TXN_7968892,Tea,2.0,1.5,3.0,Digital Wallet,In-store,2023-10-02,Autumn
9667,TXN_9535721,Coffee,5.0,3.0,15.0,Digital Wallet,In-store,2023-08-03,Summer
9668,TXN_2161372,Coffee,1.0,3.0,3.0,Credit Card,Takeaway,2023-12-17,Winter
9669,TXN_8877714,Coffee,5.0,3.0,15.0,Digital Wallet,Takeaway,2023-03-28,Spring
9670,TXN_5478129,Coffee,4.0,3.0,12.0,Credit Card,Takeaway,2023-01-22,Winter
9671,TXN_7267366,Smoothie,3.0,4.0,12.0,Digital Wallet,Takeaway,2023-06-02,Summer
9672,TXN_4696403,Cookie,3.0,1.0,3.0,Cash,Takeaway,2023-08-19,Summer
9673,TXN_2480808,Smoothie,1.0,4.0,4.0,Credit Card,Takeaway,2023-03-30,Spring
9674,TXN_8688603,Coffee,2.0,2.0,4.0,Cash,Takeaway,2023-05-05,Spring
9675,TXN_6148811,Tea,5.0,1.5,7.5,Credit Card,Takeaway,2023-06-18,Summer
9677,TXN_4382406,Coffee,5.0,2.0,10.0,Digital Wallet,Takeaway,2023-09-26,Autumn
9678,TXN_5426507,Coffee,2.0,3.0,6.0,Cash,Takeaway,2023-06-13,Summer
9679,TXN_3855408,Cookie,1.0,1.0,1.0,Cash,Takeaway,2023-06-02,Summer
9680,TXN_6992783,Tea,1.0,1.5,1.5,Digital Wallet,Takeaway,2023-01-29,Winter
9682,TXN_2638810,Tea,2.0,1.5,3.0,Digital Wallet,Takeaway,2023-11-16,Autumn
9683,TXN_9158251,Salad,2.0,5.0,10.0,Credit Card,Takeaway,2023-03-24,Spring
9684,TXN_3390610,Smoothie,2.0,4.0,8.0,Digital Wallet,Takeaway,2023-02-01,Winter
9685,TXN_6498876,Smoothie,3.0,4.0,12.0,Digital Wallet,Takeaway,2023-08-20,Summer
9686,TXN_1627038,Coffee,4.0,3.0,12.0,Digital Wallet,Takeaway,2023-12-25,Winter
9687,TXN_2785262,Salad,3.0,5.0,15.0,Cash,Takeaway,2023-08-30,Summer
9688,TXN_9944730,Tea,1.0,1.5,1.5,Digital Wallet,Takeaway,2023-04-10,Spring
9689,TXN_7002929,Cookie,1.0,1.0,1.0,Digital Wallet,In-store,2023-01-30,Winter
9690,TXN_7484886,Smoothie,3.0,4.0,12.0,Digital Wallet,Takeaway,2023-04-17,Spring
9691,TXN_7316790,Coffee,1.0,2.0,2.0,Credit Card,In-store,2023-11-07,Autumn
9692,TXN_4663529,Smoothie,5.0,4.0,20.0,Digital Wallet,Takeaway,2023-12-24,Winter
9693,TXN_2675174,Salad,2.0,5.0,10.0,Digital Wallet,Takeaway,2023-12-04,Winter
9694,TXN_4350798,Salad,1.0,5.0,5.0,Credit Card,In-store,2023-11-23,Autumn
9695,TXN_7229543,Coffee,1.0,3.0,3.0,Credit Card,Takeaway,2023-07-10,Summer
9696,TXN_4330643,Cookie,3.0,1.0,3.0,Cash,Takeaway,2023-05-15,Spring
9697,TXN_2003488,Coffee,3.0,3.0,9.0,Digital Wallet,Takeaway,2023-09-25,Autumn
9698,TXN_2206884,Salad,5.0,5.0,25.0,Credit Card,Takeaway,2023-06-22,Summer
9699,TXN_3492393,Coffee,1.0,2.0,2.0,Digital Wallet,In-store,2023-05-29,Spring
9700,TXN_3894660,Coffee,2.0,3.0,6.0,Digital Wallet,Takeaway,2023-02-09,Winter
9701,TXN_5766532,Smoothie,5.0,4.0,20.0,Cash,In-store,2023-06-23,Summer
9702,TXN_5476485,Coffee,2.0,3.0,6.0,Cash,In-store,2023-01-07,Winter
9703,TXN_9335226,Smoothie,5.0,4.0,20.0,Digital Wallet,Takeaway,2023-05-08,Spring
9704,TXN_2581559,Smoothie,1.0,4.0,4.0,Credit Card,Takeaway,2023-03-25,Spring
9705,TXN_9146123,Coffee,2.0,2.0,4.0,Digital Wallet,Takeaway,2023-12-12,Winter
9706,TXN_1335256,Coffee,5.0,2.0,10.0,Digital Wallet,Takeaway,2023-08-04,Summer
9707,TXN_5968921,Salad,5.0,5.0,25.0,Credit Card,Takeaway,2023-10-10,Autumn
9708,TXN_6895558,Coffee,2.0,2.0,4.0,Credit Card,Takeaway,2023-04-10,Spring
9709,TXN_6428404,Salad,2.0,5.0,10.0,Digital Wallet,In-store,2023-02-06,Winter
9711,TXN_1190402,Coffee,1.0,3.0,3.0,Credit Card,Takeaway,2023-12-01,Winter
9712,TXN_9607633,Cookie,2.0,1.0,2.0,Digital Wallet,Takeaway,2023-08-25,Summer
9714,TXN_6349424,Smoothie,5.0,4.0,20.0,Cash,Takeaway,2023-02-24,Winter
9715,TXN_1401771,Smoothie,2.0,4.0,8.0,Cash,Takeaway,2023-12-08,Winter
9716,TXN_9188733,Salad,3.0,5.0,15.0,Digital Wallet,In-store,2023-08-19,Summer
9717,TXN_3334632,Coffee,1.0,2.0,2.0,Credit Card,Takeaway,2023-11-20,Autumn
9718,TXN_3851928,Coffee,3.0,3.0,9.0,Credit Card,In-store,2023-02-07,Winter
9719,TXN_8267915,Smoothie,2.0,4.0,8.0,Digital Wallet,Takeaway,2023-03-22,Spring
9720,TXN_3726397,Salad,5.0,5.0,25.0,Digital Wallet,Takeaway,2023-01-30,Winter
9721,TXN_1210058,Tea,5.0,1.5,7.5,Digital Wallet,Takeaway,2023-11-25,Autumn
9722,TXN_7791293,Salad,3.0,5.0,15.0,Credit Card,Takeaway,2023-04-08,Spring
9723,TXN_6343367,Coffee,2.0,3.0,6.0,Digital Wallet,In-store,2023-09-17,Autumn
9724,TXN_2653224,Coffee,3.0,3.0,9.0,Digital Wallet,Takeaway,2023-03-27,Spring
9725,TXN_6300001,Tea,1.0,1.5,1.5,Digital Wallet,Takeaway,2023-06-07,Summer
9726,TXN_4693942,Smoothie,4.0,4.0,16.0,Cash,Takeaway,2023-12-16,Winter
9727,TXN_3562418,Smoothie,2.0,4.0,8.0,Digital Wallet,Takeaway,2023-08-13,Summer
9728,TXN_7963324,Coffee,3.0,2.0,6.0,Digital Wallet,Takeaway,2023-12-09,Winter
9729,TXN_5563486,Coffee,5.0,3.0,15.0,Digital Wallet,In-store,2023-03-13,Spring
9730,TXN_3679582,Coffee,5.0,2.0,10.0,Credit Card,In-store,2023-04-11,Spring
9731,TXN_6932752,Smoothie,5.0,4.0,20.0,Digital Wallet,Takeaway,2023-09-20,Autumn
9732,TXN_5697414,Coffee,5.0,3.0,15.0,Credit Card,In-store,2023-02-16,Winter
9733,TXN_5434310,Smoothie,3.0,4.0,12.0,Cash,Takeaway,2023-11-21,Autumn
9734,TXN_8435360,Tea,3.0,1.5,4.5,Credit Card,In-store,2023-07-03,Summer
9735,TXN_5422843,Smoothie,2.0,4.0,8.0,Cash,In-store,2023-07-21,Summer
9736,TXN_1704041,Coffee,4.0,2.0,8.0,Credit Card,Takeaway,2023-05-21,Spring
9737,TXN_9729178,Coffee,3.0,2.0,6.0,Credit Card,Takeaway,2023-05-28,Spring
9738,TXN_4663964,Cookie,4.0,1.0,4.0,Digital Wallet,In-store,2023-06-29,Summer
9739,TXN_6805057,Cookie,4.0,1.0,4.0,Credit Card,Takeaway,2023-10-15,Autumn
9740,TXN_8162690,Salad,2.0,5.0,10.0,Digital Wallet,Takeaway,2023-05-08,Spring
9741,TXN_7089712,Coffee,5.0,3.0,15.0,Cash,Takeaway,2023-08-13,Summer
9742,TXN_8077812,Salad,5.0,5.0,25.0,Cash,In-store,2023-01-16,Winter
9743,TXN_4834450,Coffee,2.0,3.0,6.0,Cash,Takeaway,2023-06-26,Summer
9744,TXN_9081686,Cookie,5.0,1.0,5.0,Digital Wallet,Takeaway,2023-06-11,Summer
9745,TXN_6650875,Cookie,5.0,1.0,5.0,Credit Card,Takeaway,2023-01-29,Winter
9746,TXN_2133223,Coffee,3.0,3.0,9.0,Cash,Takeaway,2023-11-17,Autumn
9747,TXN_5879154,Salad,2.0,5.0,10.0,Digital Wallet,Takeaway,2023-06-28,Summer
9748,TXN_9575926,Smoothie,3.0,4.0,12.0,Credit Card,Takeaway,2023-12-12,Winter
9749,TXN_5425911,Smoothie,1.0,4.0,4.0,Digital Wallet,Takeaway,2023-11-30,Autumn
9750,TXN_5604021,Smoothie,1.0,4.0,4.0,Cash,Takeaway,2023-09-10,Autumn
9751,TXN_9860308,Smoothie,2.0,4.0,8.0,Digital Wallet,Takeaway,2023-02-20,Winter
9752,TXN_5908078,Coffee,1.0,2.0,2.0,Digital Wallet,In-store,2023-03-23,Spring
9753,TXN_3507013,Coffee,1.0,3.0,3.0,Digital Wallet,In-store,2023-01-16,Winter
9754,TXN_7896733,Coffee,4.0,3.0,12.0,Digital Wallet,Takeaway,2023-06-03,Summer
9755,TXN_3092390,Smoothie,3.0,4.0,12.0,Digital Wallet,In-store,2023-07-24,Summer
9756,TXN_8131570,Salad,4.0,5.0,20.0,Digital Wallet,In-store,2023-12-02,Winter
9757,TXN_3898445,Smoothie,3.0,4.0,12.0,Cash,Takeaway,2023-06-17,Summer
9759,TXN_7641606,Coffee,3.0,2.0,6.0,Credit Card,Takeaway,2023-12-26,Winter
9760,TXN_1414039,Coffee,4.0,3.0,12.0,Digital Wallet,Takeaway,2023-02-13,Winter
9761,TXN_2322162,Coffee,5.0,3.0,15.0,Digital Wallet,Takeaway,2023-11-12,Autumn
9762,TXN_6190857,Tea,1.0,1.5,1.5,Digital Wallet,In-store,2023-10-14,Autumn
9763,TXN_7652830,Coffee,2.0,3.0,6.0,Digital Wallet,Takeaway,2023-08-15,Summer
9765,TXN_1805937,Coffee,3.0,3.0,9.0,Credit Card,Takeaway,2023-06-12,Summer
9767,TXN_4717715,Smoothie,3.0,4.0,12.0,Digital Wallet,Takeaway,2023-07-27,Summer
9768,TXN_1237674,Tea,3.0,1.5,4.5,Credit Card,Takeaway,2023-10-04,Autumn
9770,TXN_2672972,Smoothie,1.0,4.0,4.0,Digital Wallet,Takeaway,2023-06-15,Summer
9771,TXN_9582818,Smoothie,1.0,4.0,4.0,Cash,In-store,2023-10-27,Autumn
9772,TXN_6970542,Smoothie,4.0,4.0,16.0,Credit Card,Takeaway,2023-08-04,Summer
9773,TXN_6091542,Coffee,5.0,3.0,15.0,Digital Wallet,Takeaway,2023-01-17,Winter
9774,TXN_4184461,Salad,2.0,5.0,10.0,Digital Wallet,In-store,2023-02-22,Winter
9775,TXN_3224397,Cookie,4.0,1.0,4.0,Digital Wallet,Takeaway,2023-05-15,Spring
9776,TXN_2772639,Tea,4.0,1.5,6.0,Credit Card,In-store,2023-08-30,Summer
9777,TXN_4385826,Tea,2.0,1.5,3.0,Credit Card,Takeaway,2023-08-02,Summer
9778,TXN_5109348,Coffee,4.0,3.0,12.0,Digital Wallet,In-store,2023-02-10,Winter
9779,TXN_6137985,Coffee,5.0,2.0,10.0,Credit Card,In-store,2023-03-15,Spring
9780,TXN_3895871,Cookie,1.0,1.0,1.0,Digital Wallet,In-store,2023-05-30,Spring
9781,TXN_3526255,Smoothie,4.0,4.0,16.0,Digital Wallet,Takeaway,2023-06-23,Summer
9782,TXN_7310356,Coffee,4.0,3.0,12.0,Digital Wallet,Takeaway,2023-10-20,Autumn
9783,TXN_9054074,Coffee,1.0,3.0,3.0,Credit Card,Takeaway,2023-10-15,Autumn
9784,TXN_7538724,Smoothie,1.0,4.0,4.0,Digital Wallet,In-store,2023-05-17,Spring
9785,TXN_6715991,Coffee,1.0,3.0,3.0,Cash,Takeaway,2023-06-18,Summer
9786,TXN_2271725,Smoothie,5.0,4.0,20.0,Cash,Takeaway,2023-12-21,Winter
9787,TXN_1488481,Coffee,4.0,2.0,8.0,Credit Card,Takeaway,2023-07-28,Summer
9788,TXN_4600894,Salad,5.0,5.0,25.0,Digital Wallet,Takeaway,2023-09-17,Autumn
9789,TXN_3494652,Coffee,1.0,2.0,2.0,Digital Wallet,Takeaway,2023-05-23,Spring
9790,TXN_2860281,Smoothie,4.0,4.0,16.0,Cash,Takeaway,2023-09-19,Autumn
9791,TXN_1232346,Salad,5.0,5.0,25.0,Digital Wallet,In-store,2023-01-04,Winter
9792,TXN_1911093,Tea,2.0,1.5,3.0,Digital Wallet,In-store,2023-10-07,Autumn
9793,TXN_1672229,Cookie,2.0,1.0,2.0,Cash,Takeaway,2023-11-12,Autumn
9794,TXN_7056162,Smoothie,3.0,4.0,12.0,Digital Wallet,In-store,2023-03-04,Spring
9795,TXN_2064049,Salad,4.0,5.0,20.0,Credit Card,Takeaway,2023-09-21,Autumn
9796,TXN_8191202,Cookie,2.0,1.0,2.0,Digital Wallet,In-store,2023-01-14,Winter
9797,TXN_4518505,Tea,5.0,1.5,7.5,Cash,Takeaway,2023-05-09,Spring
9798,TXN_2823220,Salad,4.0,5.0,20.0,Digital Wallet,In-store,2023-05-17,Spring
9799,TXN_6826409,Smoothie,1.0,4.0,4.0,Credit Card,Takeaway,2023-10-21,Autumn
9800,TXN_2954833,Coffee,1.0,2.0,2.0,Digital Wallet,Takeaway,2023-01-29,Winter
9801,TXN_5309677,Coffee,4.0,2.0,8.0,Cash,In-store,2023-08-09,Summer
9802,TXN_6011106,Coffee,2.0,3.0,6.0,Digital Wallet,Takeaway,2023-09-07,Autumn
9803,TXN_4714592,Tea,1.0,1.5,1.5,Cash,Takeaway,2023-06-02,Summer
9804,TXN_6704284,Salad,2.0,5.0,10.0,Credit Card,Takeaway,2023-08-31,Summer
9805,TXN_9506076,Salad,5.0,5.0,25.0,Digital Wallet,Takeaway,2023-01-17,Winter
9806,TXN_2354394,Tea,4.0,1.5,6.0,Cash,In-store,2023-04-17,Spring
9807,TXN_3436344,Smoothie,2.0,4.0,8.0,Digital Wallet,Takeaway,2023-02-28,Winter
9808,TXN_7826516,Coffee,4.0,3.0,12.0,Credit Card,Takeaway,2023-06-21,Summer
9809,TXN_2699745,Coffee,4.0,2.0,8.0,Digital Wallet,In-store,2023-12-30,Winter
9810,TXN_6097664,Salad,4.0,5.0,20.0,Digital Wallet,In-store,2023-11-27,Autumn
9811,TXN_3858288,Tea,2.0,1.5,3.0,Digital Wallet,Takeaway,2023-04-12,Spring
9812,TXN_1272815,Coffee,4.0,3.0,12.0,Credit Card,Takeaway,2023-08-07,Summer
9813,TXN_4755623,Coffee,3.0,3.0,9.0,Cash,Takeaway,2023-11-23,Autumn
9814,TXN_8261045,Tea,3.0,1.5,4.5,Cash,Takeaway,2023-01-21,Winter
9815,TXN_2217015,Coffee,3.0,2.0,6.0,Digital Wallet,Takeaway,2023-04-17,Spring
9816,TXN_1660104,Smoothie,2.0,4.0,8.0,Credit Card,Takeaway,2023-02-04,Winter
9817,TXN_6589078,Tea,3.0,1.5,4.5,Digital Wallet,Takeaway,2023-08-03,Summer
9818,TXN_6306555,Smoothie,1.0,4.0,4.0,Digital Wallet,Takeaway,2023-04-12,Spring
9820,TXN_8751702,Coffee,5.0,3.0,15.0,Cash,Takeaway,2023-02-13,Winter
9821,TXN_2079029,Coffee,5.0,3.0,15.0,Cash,In-store,2023-05-11,Spring
9822,TXN_5737641,Cookie,1.0,1.0,1.0,Digital Wallet,Takeaway,2023-02-16,Winter
9823,TXN_2845506,Tea,2.0,1.5,3.0,Digital Wallet,Takeaway,2023-12-30,Winter
9824,TXN_8565799,Smoothie,4.0,4.0,16.0,Credit Card,In-store,2023-04-22,Spring
9825,TXN_3052584,Salad,1.0,5.0,5.0,Cash,In-store,2023-01-21,Winter
9826,TXN_1530892,Coffee,2.0,3.0,6.0,Digital Wallet,Takeaway,2023-09-09,Autumn
9827,TXN_3392953,Coffee,1.0,2.0,2.0,Digital Wallet,Takeaway,2023-01-06,Winter
9828,TXN_4606893,Coffee,5.0,3.0,15.0,Digital Wallet,In-store,2023-05-24,Spring
9829,TXN_7300653,Cookie,5.0,1.0,5.0,Digital Wallet,Takeaway,2023-04-24,Spring
9830,TXN_1759063,Cookie,2.0,1.0,2.0,Digital Wallet,Takeaway,2023-09-09,Autumn
9831,TXN_1706896,Smoothie,3.0,4.0,12.0,Cash,Takeaway,2023-07-15,Summer
9832,TXN_3325234,Tea,1.0,1.5,1.5,Digital Wallet,In-store,2023-08-26,Summer
9834,TXN_1976619,Coffee,2.0,2.0,4.0,Digital Wallet,Takeaway,2023-08-02,Summer
9835,TXN_7953750,Smoothie,5.0,4.0,20.0,Cash,In-store,2023-06-16,Summer
9836,TXN_9162296,Smoothie,3.0,4.0,12.0,Cash,In-store,2023-05-10,Spring
9837,TXN_8367194,Coffee,1.0,3.0,3.0,Digital Wallet,Takeaway,2023-02-04,Winter
9839,TXN_4959078,Coffee,2.0,3.0,6.0,Digital Wallet,Takeaway,2023-09-13,Autumn
9840,TXN_4552137,Tea,2.0,1.5,3.0,Digital Wallet,In-store,2023-04-05,Spring
9841,TXN_1748121,Coffee,2.0,3.0,6.0,Digital Wallet,In-store,2023-12-07,Winter
9842,TXN_7922350,Coffee,2.0,2.0,4.0,Digital Wallet,Takeaway,2023-05-09,Spring
9843,TXN_1944293,Coffee,3.0,2.0,6.0,Digital Wallet,In-store,2023-02-25,Winter
9844,TXN_4528914,Salad,1.0,5.0,5.0,Digital Wallet,In-store,2023-08-06,Summer
9845,TXN_1928401,Smoothie,5.0,4.0,20.0,Digital Wallet,In-store,2023-06-15,Summer
9846,TXN_7621213,Coffee,3.0,2.0,6.0,Digital Wallet,In-store,2023-03-07,Spring
9847,TXN_7861799,Cookie,2.0,1.0,2.0,Cash,Takeaway,2023-05-23,Spring
9848,TXN_5244674,Coffee,5.0,3.0,15.0,Digital Wallet,Takeaway,2023-04-27,Spring
9849,TXN_9679675,Coffee,1.0,2.0,2.0,Cash,Takeaway,2023-07-07,Summer
9850,TXN_2562041,Coffee,5.0,3.0,15.0,Cash,Takeaway,2023-12-24,Winter
9851,TXN_2738904,Smoothie,4.0,4.0,16.0,Digital Wallet,Takeaway,2023-11-23,Autumn
9852,TXN_7359190,Salad,3.0,5.0,15.0,Digital Wallet,Takeaway,2023-12-19,Winter
9853,TXN_9266499,Coffee,1.0,3.0,3.0,Digital Wallet,Takeaway,2023-02-16,Winter
9854,TXN_9196229,Smoothie,5.0,4.0,20.0,Credit Card,Takeaway,2023-12-08,Winter
9855,TXN_3740505,Tea,2.0,1.5,3.0,Digital Wallet,Takeaway,2023-11-21,Autumn
9856,TXN_4308634,Coffee,3.0,2.0,6.0,Cash,In-store,2023-02-14,Winter
9857,TXN_3450880,Tea,3.0,1.5,4.5,Digital Wallet,In-store,2023-05-29,Spring
9858,TXN_6838411,Coffee,1.0,2.0,2.0,Cash,Takeaway,2023-07-04,Summer
9859,TXN_7548396,Tea,2.0,1.5,3.0,Digital Wallet,Takeaway,2023-04-06,Spring
9860,TXN_8786286,Smoothie,5.0,4.0,20.0,Digital Wallet,Takeaway,2023-05-28,Spring
9861,TXN_7439400,Salad,3.0,5.0,15.0,Digital Wallet,Takeaway,2023-06-28,Summer
9862,TXN_7461658,Coffee,3.0,2.0,6.0,Credit Card,Takeaway,2023-08-13,Summer
9863,TXN_6017034,Coffee,4.0,3.0,12.0,Digital Wallet,Takeaway,2023-10-06,Autumn
9864,TXN_3649492,Salad,4.0,5.0,20.0,Digital Wallet,Takeaway,2023-12-01,Winter
9865,TXN_4071743,Coffee,5.0,2.0,10.0,Digital Wallet,Takeaway,2023-07-06,Summer
9866,TXN_8150967,Smoothie,3.0,4.0,12.0,Cash,Takeaway,2023-01-08,Winter
9867,TXN_3792683,Salad,4.0,5.0,20.0,Digital Wallet,In-store,2023-08-06,Summer
9868,TXN_4006067,Coffee,4.0,3.0,12.0,Cash,Takeaway,2023-01-30,Winter
9870,TXN_3456242,Smoothie,5.0,4.0,20.0,Credit Card,Takeaway,2023-04-28,Spring
9871,TXN_1928131,Smoothie,1.0,4.0,4.0,Credit Card,Takeaway,2023-04-17,Spring
9872,TXN_8318388,Coffee,5.0,3.0,15.0,Digital Wallet,Takeaway,2023-11-26,Autumn
9873,TXN_8270768,Coffee,5.0,3.0,15.0,Digital Wallet,Takeaway,2023-02-28,Winter
9874,TXN_4157300,Tea,4.0,1.5,6.0,Cash,Takeaway,2023-09-23,Autumn
9875,TXN_3224156,Cookie,1.0,1.0,1.0,Credit Card,In-store,2023-03-16,Spring
9876,TXN_3105633,Coffee,1.0,2.0,2.0,Digital Wallet,In-store,2023-03-30,Spring
9878,TXN_7936851,Smoothie,3.0,4.0,12.0,Digital Wallet,Takeaway,2023-10-07,Autumn
9879,TXN_6393305,Salad,5.0,5.0,25.0,Digital Wallet,In-store,2023-10-19,Autumn
9880,TXN_7326720,Coffee,2.0,3.0,6.0,Digital Wallet,In-store,2023-12-08,Winter
9881,TXN_3069563,Smoothie,2.0,4.0,8.0,Cash,Takeaway,2023-04-25,Spring
9882,TXN_1728427,Coffee,5.0,2.0,10.0,Cash,Takeaway,2023-02-11,Winter
9883,TXN_9176288,Tea,2.0,1.5,3.0,Digital Wallet,In-store,2023-02-08,Winter
9884,TXN_9071439,Coffee,3.0,3.0,9.0,Credit Card,Takeaway,2023-02-05,Winter
9886,TXN_1841204,Salad,3.0,5.0,15.0,Digital Wallet,In-store,2023-04-18,Spring
9887,TXN_8963470,Salad,2.0,5.0,10.0,Digital Wallet,In-store,2023-06-01,Summer
9888,TXN_8330240,Smoothie,4.0,4.0,16.0,Digital Wallet,Takeaway,2023-06-06,Summer
9889,TXN_3534588,Salad,1.0,5.0,5.0,Cash,Takeaway,2023-07-05,Summer
9890,TXN_2749289,Smoothie,2.0,4.0,8.0,Digital Wallet,Takeaway,2023-05-05,Spring
9891,TXN_6587628,Coffee,5.0,2.0,10.0,Digital Wallet,In-store,2023-05-09,Spring
9892,TXN_1711872,Coffee,1.0,3.0,3.0,Digital Wallet,Takeaway,2023-01-27,Winter
9894,TXN_4339925,Cookie,1.0,1.0,1.0,Cash,Takeaway,2023-11-23,Autumn
9895,TXN_1183208,Smoothie,5.0,4.0,20.0,Digital Wallet,Takeaway,2023-08-26,Summer
9896,TXN_9089045,Coffee,5.0,2.0,10.0,Cash,In-store,2023-03-12,Spring
9897,TXN_9503145,Coffee,5.0,3.0,15.0,Digital Wallet,Takeaway,2023-09-21,Autumn
9898,TXN_8999360,Coffee,3.0,3.0,9.0,Cash,Takeaway,2023-09-27,Autumn
9899,TXN_6188262,Coffee,1.0,3.0,3.0,Cash,Takeaway,2023-10-24,Autumn
9900,TXN_5967452,Coffee,5.0,3.0,15.0,Credit Card,Takeaway,2023-03-07,Spring
9901,TXN_9053365,Cookie,1.0,1.0,1.0,Digital Wallet,In-store,2023-07-15,Summer
9902,TXN_3706457,Tea,5.0,1.5,7.5,Credit Card,Takeaway,2023-07-18,Summer
9903,TXN_9612533,Coffee,2.0,3.0,6.0,Digital Wallet,In-store,2023-01-26,Winter
9904,TXN_4948026,Tea,4.0,1.5,6.0,Digital Wallet,In-store,2023-07-02,Summer
9905,TXN_8741663,Smoothie,1.0,4.0,4.0,Credit Card,Takeaway,2023-01-21,Winter
9906,TXN_7249396,Coffee,1.0,3.0,3.0,Cash,Takeaway,2023-09-26,Autumn
9908,TXN_8922585,Salad,5.0,5.0,25.0,Credit Card,Takeaway,2023-06-22,Summer
9909,TXN_2112522,Smoothie,5.0,4.0,20.0,Digital Wallet,Takeaway,2023-04-30,Spring
9910,TXN_2338617,Coffee,2.0,3.0,6.0,Digital Wallet,Takeaway,2023-01-12,Winter
9911,TXN_2464054,Coffee,5.0,2.0,10.0,Digital Wallet,Takeaway,2023-08-18,Summer
9912,TXN_6133115,Smoothie,5.0,4.0,20.0,Digital Wallet,In-store,2023-12-08,Winter
9913,TXN_8408353,Tea,1.0,1.5,1.5,Credit Card,Takeaway,2023-12-13,Winter
9914,TXN_6420902,Coffee,3.0,3.0,9.0,Credit Card,Takeaway,2023-11-22,Autumn
9915,TXN_9400245,Salad,1.0,5.0,5.0,Digital Wallet,In-store,2023-02-24,Winter
9916,TXN_4767609,Coffee,3.0,2.0,6.0,Digital Wallet,In-store,2023-10-15,Autumn
9917,TXN_1425591,Smoothie,1.0,4.0,4.0,Cash,Takeaway,2023-09-10,Autumn
9918,TXN_2292088,Smoothie,1.0,4.0,4.0,Digital Wallet,Takeaway,2023-03-04,Spring
9919,TXN_6706599,Coffee,1.0,3.0,3.0,Digital Wallet,Takeaway,2023-09-20,Autumn
9920,TXN_4365321,Salad,4.0,5.0,20.0,Cash,In-store,2023-03-09,Spring
9921,TXN_4457299,Smoothie,3.0,4.0,12.0,Credit Card,In-store,2023-09-19,Autumn
9922,TXN_4671375,Tea,1.0,1.5,1.5,Digital Wallet,Takeaway,2023-06-28,Summer
9923,TXN_1184715,Coffee,2.0,3.0,6.0,Digital Wallet,Takeaway,2023-09-10,Autumn
9924,TXN_5981429,Coffee,2.0,3.0,6.0,Digital Wallet,Takeaway,2023-12-24,Winter
9925,TXN_9036527,Smoothie,4.0,4.0,16.0,Digital Wallet,Takeaway,2023-06-27,Summer
9926,TXN_2464706,Coffee,4.0,3.0,12.0,Digital Wallet,Takeaway,2023-11-09,Autumn
9927,TXN_8844497,Smoothie,3.0,4.0,12.0,Digital Wallet,Takeaway,2023-11-18,Autumn
9928,TXN_5171519,Salad,3.0,5.0,15.0,Digital Wallet,In-store,2023-04-06,Spring
9929,TXN_6049240,Coffee,1.0,3.0,3.0,Cash,Takeaway,2023-05-31,Spring
9930,TXN_4428252,Smoothie,3.0,4.0,12.0,Digital Wallet,Takeaway,2023-10-31,Autumn
9932,TXN_8502079,Tea,2.0,1.5,3.0,Cash,Takeaway,2023-04-20,Spring
9934,TXN_1169615,Smoothie,5.0,4.0,20.0,Digital Wallet,In-store,2023-03-16,Spring
9935,TXN_9778251,Tea,4.0,1.5,6.0,Digital Wallet,Takeaway,2023-11-09,Autumn
9936,TXN_1949093,Smoothie,2.0,4.0,8.0,Cash,Takeaway,2023-02-05,Winter
9938,TXN_9357808,Smoothie,4.0,4.0,16.0,Cash,Takeaway,2023-05-20,Spring
9939,TXN_9026468,Smoothie,2.0,4.0,8.0,Credit Card,Takeaway,2023-08-23,Summer
9940,TXN_8273780,Salad,2.0,5.0,10.0,Digital Wallet,Takeaway,2023-10-15,Autumn
9941,TXN_4224427,Coffee,4.0,3.0,12.0,Cash,Takeaway,2023-01-23,Winter
9942,TXN_5344848,Salad,1.0,5.0,5.0,Digital Wallet,Takeaway,2023-09-27,Autumn
9943,TXN_6411708,Coffee,4.0,2.0,8.0,Credit Card,In-store,2023-05-20,Spring
9944,TXN_7495283,Coffee,5.0,3.0,15.0,Credit Card,Takeaway,2023-04-14,Spring
9945,TXN_8153550,Cookie,2.0,1.0,2.0,Cash,Takeaway,2023-10-12,Autumn
9946,TXN_8807600,Smoothie,1.0,4.0,4.0,Cash,Takeaway,2023-09-24,Autumn
9947,TXN_5921442,Smoothie,4.0,4.0,16.0,Cash,Takeaway,2023-02-04,Winter
9948,TXN_9496697,Tea,1.0,1.5,1.5,Digital Wallet,In-store,2023-09-27,Autumn
9950,TXN_2818204,Coffee,1.0,3.0,3.0,Digital Wallet,Takeaway,2023-03-09,Spring
9951,TXN_4122925,Cookie,4.0,1.0,4.0,Digital Wallet,Takeaway,2023-10-20,Autumn
9952,TXN_9407169,Smoothie,1.0,4.0,4.0,Digital Wallet,Takeaway,2023-01-28,Winter
9953,TXN_8966400,Coffee,5.0,3.0,15.0,Credit Card,Takeaway,2023-11-29,Autumn
9954,TXN_1191659,Coffee,4.0,2.0,8.0,Credit Card,In-store,2023-11-21,Autumn
9955,TXN_9187008,Tea,4.0,1.5,6.0,Digital Wallet,Takeaway,2023-09-16,Autumn
9956,TXN_1958525,Cookie,3.0,1.0,3.0,Digital Wallet,Takeaway,2023-10-08,Autumn
9957,TXN_6487003,Coffee,4.0,2.0,8.0,Credit Card,Takeaway,2023-11-15,Autumn
9958,TXN_4125474,Salad,2.0,5.0,10.0,Credit Card,In-store,2023-08-02,Summer
9959,TXN_4556831,Coffee,2.0,3.0,6.0,Digital Wallet,In-store,2023-05-28,Spring
9960,TXN_3546629,Coffee,5.0,3.0,15.0,Digital Wallet,In-store,2023-03-04,Spring
9961,TXN_2153100,Tea,2.0,1.5,3.0,Cash,Takeaway,2023-12-29,Winter
9962,TXN_4723089,Smoothie,4.0,4.0,16.0,Cash,In-store,2023-05-23,Spring
9963,TXN_8545707,Coffee,5.0,3.0,15.0,Digital Wallet,Takeaway,2023-02-14,Winter
9964,TXN_8938445,Coffee,3.0,3.0,9.0,Digital Wallet,In-store,2023-11-07,Autumn
9965,TXN_5846013,Tea,2.0,1.5,3.0,Digital Wallet,Takeaway,2023-12-20,Winter
9966,TXN_6494265,Coffee,2.0,2.0,4.0,Digital Wallet,Takeaway,2023-05-24,Spring
9967,TXN_8563793,Coffee,4.0,3.0,12.0,Digital Wallet,In-store,2023-03-26,Spring
9968,TXN_8866974,Smoothie,3.0,4.0,12.0,Digital Wallet,Takeaway,2023-03-14,Spring
9969,TXN_9954652,Coffee,2.0,2.0,4.0,Cash,In-store,2023-09-12,Autumn
9970,TXN_5762440,Smoothie,5.0,4.0,20.0,Cash,In-store,2023-03-05,Spring
9971,TXN_6120851,Salad,5.0,5.0,25.0,Cash,Takeaway,2023-02-04,Winter
9972,TXN_3124078,Coffee,4.0,3.0,12.0,Digital Wallet,In-store,2023-08-06,Summer
9973,TXN_7936002,Salad,2.0,5.0,10.0,Digital Wallet,Takeaway,2023-01-26,Winter
9974,TXN_8076061,Tea,4.0,1.5,6.0,Cash,In-store,2023-04-01,Spring
9975,TXN_9668108,Coffee,1.0,3.0,3.0,Cash,In-store,2023-01-20,Winter
9976,TXN_3528020,Cookie,1.0,1.0,1.0,Digital Wallet,Takeaway,2023-08-26,Summer
9977,TXN_5548914,Coffee,2.0,3.0,6.0,Digital Wallet,In-store,2023-11-04,Autumn
9978,TXN_4302199,Tea,3.0,1.5,4.5,Digital Wallet,Takeaway,2023-02-16,Winter
9979,TXN_9933628,Smoothie,5.0,4.0,20.0,Cash,In-store,2023-07-20,Summer
9980,TXN_6796890,Tea,4.0,1.5,6.0,Digital Wallet,Takeaway,2023-08-24,Summer
9981,TXN_4583012,Smoothie,5.0,4.0,20.0,Digital Wallet,Takeaway,2023-02-27,Winter
9982,TXN_8567525,Cookie,2.0,1.0,2.0,Digital Wallet,Takeaway,2023-12-30,Winter
9984,TXN_3142496,Smoothie,1.0,4.0,4.0,Cash,Takeaway,2023-07-27,Summer
9985,TXN_3297457,Coffee,2.0,3.0,6.0,Digital Wallet,Takeaway,2023-01-03,Winter
9986,TXN_2858441,Smoothie,2.0,4.0,8.0,Credit Card,In-store,2023-12-14,Winter
9987,TXN_1784478,Coffee,5.0,3.0,15.0,Cash,Takeaway,2023-07-31,Summer
9989,TXN_1741685,Coffee,5.0,3.0,15.0,Cash,Takeaway,2023-08-18,Summer
9990,TXN_1538510,Coffee,5.0,2.0,10.0,Digital Wallet,Takeaway,2023-05-22,Spring
9991,TXN_3897619,Smoothie,3.0,4.0,12.0,Cash,Takeaway,2023-02-24,Winter
9992,TXN_2739140,Smoothie,4.0,4.0,16.0,Digital Wallet,In-store,2023-07-05,Summer
9993,TXN_4766549,Smoothie,2.0,4.0,8.0,Cash,Takeaway,2023-10-20,Autumn
9994,TXN_7851634,Smoothie,4.0,4.0,16.0,Digital Wallet,Takeaway,2023-01-08,Winter
9995,TXN_7672686,Coffee,2.0,2.0,4.0,Digital Wallet,Takeaway,2023-08-30,Summer
9996,TXN_9659401,Cookie,3.0,1.0,3.0,Digital Wallet,Takeaway,2023-06-02,Summer
9997,TXN_5255387,Coffee,4.0,2.0,8.0,Digital Wallet,Takeaway,2023-03-02,Spring
9998,TXN_7695629,Cookie,3.0,1.0,3.0,Digital Wallet,Takeaway,2023-12-02,Winter
9999,TXN_6170729,Smoothie,3.0,4.0,12.0,Cash,In-store,2023-11-07,Autumn
